0,4,0,0.01,0,0.010001
0.1732,3.9921,0.1732,0.01,0.15362,0.010001
0.34641,3.9842,0.34641,0.01,0.30724,0.010001
0.51962,3.9762,0.51962,0.01,0.46087,0.010001
0.69282,3.9682,0.69282,0.01,0.61449,0.010001
0.86603,3.9601,0.86603,0.01,0.76812,0.010001
1.0392,3.952,1.0392,0.01,0.92174,0.010001
1.2124,3.9437,1.2124,0.01,1.0754,0.01
1.3856,3.9355,1.3856,0.01,1.229,0.01
1.5588,3.9271,1.5588,0.01,1.3826,0.01
1.7321,3.9187,1.7321,0.01,1.5362,0.01
1.9053,3.9103,1.9053,0.01,1.6899,0.01
2.0785,3.9018,2.0785,0.01,1.8435,0.01
2.2517,3.8932,2.2517,0.01,1.9971,0.01
2.4249,3.8846,2.4249,0.01,2.1507,0.0099999
2.5981,3.8759,2.5981,0.01,2.3043,0.0099998
2.7713,3.8672,2.7713,0.01,2.458,0.0099998
2.9445,3.8584,2.9445,0.01,2.6116,0.0099997
3.1177,3.8495,3.1177,0.01,2.7652,0.0099996
3.2909,3.8406,3.2909,0.01,2.9188,0.0099995
3.4641,3.8316,3.4641,0.01,3.0725,0.0099994
3.6373,3.8226,3.6373,0.01,3.2261,0.0099994
3.8105,3.8135,3.8105,0.01,3.3797,0.0099993
3.9837,3.8043,3.9837,0.01,3.5333,0.0099992
4.1569,3.7951,4.1569,0.01,3.687,0.0099991
4.3301,3.7859,4.3301,0.01,3.8406,0.009999
4.5033,3.7765,4.5033,0.01,3.9942,0.009999
4.6765,3.7671,4.6765,0.01,4.1478,0.009999
4.8497,3.7577,4.8497,0.01,4.3014,0.0099989
5.0229,3.7482,5.0229,0.01,4.4551,0.0099989
5.1962,3.7386,5.1962,0.01,4.6087,0.0099988
5.3694,3.729,5.3694,0.01,4.7623,0.0099988
5.5426,3.7193,5.5426,0.01,4.9159,0.0099988
5.7158,3.7096,5.7158,0.01,5.0696,0.0099987
5.889,3.6998,5.889,0.01,5.2232,0.0099987
6.0622,3.6899,6.0622,0.01,5.3768,0.0099986
6.2354,3.68,6.2354,0.01,5.5304,0.0099986
6.4086,3.67,6.4086,0.01,5.684,0.0099986
6.5818,3.66,6.5818,0.01,5.8377,0.0099985
6.755,3.6499,6.755,0.01,5.9913,0.0099985
6.9282,3.6397,6.9282,0.01,6.1449,0.0099984
7.1014,3.6295,7.1014,0.01,6.2985,0.0099984
7.2746,3.6193,7.2746,0.0099999,6.4522,0.0099983
7.4478,3.6089,7.4478,0.0099999,6.6058,0.0099983
7.621,3.5985,7.621,0.0099999,6.7594,0.0099983
7.7942,3.5881,7.7942,0.0099999,6.913,0.0099982
7.9674,3.5776,7.9674,0.0099998,7.0667,0.0099982
8.1406,3.567,8.1406,0.0099998,7.2203,0.0099981
8.3138,3.5564,8.3138,0.0099998,7.3739,0.0099981
8.4871,3.5457,8.4871,0.0099998,7.5275,0.009998
8.6603,3.535,8.6603,0.0099997,7.6811,0.009998
8.8335,3.5242,8.8335,0.0099997,7.8348,0.009998
9.0067,3.5133,9.0067,0.0099997,7.9884,0.009998
9.1799,3.5024,9.1799,0.0099996,8.142,0.009998
9.3531,3.4914,9.3531,0.0099996,8.2956,0.009998
9.5263,3.4804,9.5263,0.0099996,8.4493,0.009998
9.6995,3.4693,9.6995,0.0099995,8.6029,0.009998
9.8727,3.4582,9.8727,0.0099995,8.7565,0.0099979
10.046,3.447,10.046,0.0099995,8.9101,0.0099979
10.219,3.4357,10.219,0.0099994,9.0638,0.0099979
10.392,3.4244,10.392,0.0099994,9.2174,0.0099979
10.566,3.413,10.566,0.0099993,9.371,0.0099979
10.739,3.4015,10.739,0.0099993,9.5246,0.0099979
10.912,3.39,10.912,0.0099992,9.6782,0.0099979
11.085,3.3785,11.085,0.0099992,9.8319,0.0099979
11.258,3.3668,11.258,0.0099992,9.9855,0.0099979
11.432,3.3552,11.432,0.0099991,10.139,0.0099978
11.605,3.3434,11.605,0.0099991,10.293,0.0099978
11.778,3.3316,11.778,0.009999,10.446,0.0099978
11.951,3.3198,11.951,0.009999,10.6,0.0099978
12.124,3.3079,12.124,0.0099989,10.754,0.0099978
12.298,3.2959,12.298,0.0099989,10.907,0.0099978
12.471,3.2838,12.471,0.0099988,11.061,0.0099978
12.644,3.2718,12.644,0.0099988,11.214,0.0099978
12.817,3.2596,12.817,0.0099987,11.368,0.0099978
12.99,3.2474,12.99,0.0099987,11.522,0.0099978
13.164,3.2351,13.164,0.0099986,11.675,0.0099978
13.337,3.2228,13.337,0.0099985,11.829,0.0099977
13.51,3.2104,13.51,0.0099985,11.983,0.0099977
13.683,3.198,13.683,0.0099984,12.136,0.0099977
13.856,3.1855,13.856,0.0099984,12.29,0.0099977
14.03,3.1729,14.03,0.0099983,12.443,0.0099977
14.203,3.1603,14.203,0.0099982,12.597,0.0099976
14.376,3.1476,14.376,0.0099982,12.751,0.0099976
14.549,3.1349,14.549,0.0099981,12.904,0.0099976
14.722,3.1221,14.722,0.009998,13.058,0.0099976
14.896,3.1092,14.896,0.009998,13.212,0.0099976
15.069,3.0963,15.069,0.0099979,13.365,0.0099976
15.242,3.0833,15.242,0.0099978,13.519,0.0099976
15.415,3.0703,15.415,0.0099978,13.672,0.0099975
15.588,3.0572,15.588,0.0099977,13.826,0.0099975
15.762,3.0441,15.762,0.0099976,13.98,0.0099975
15.935,3.0309,15.935,0.0099976,14.133,0.0099975
16.108,3.0176,16.108,0.0099975,14.287,0.0099975
16.281,3.0043,16.281,0.0099974,14.441,0.0099975
16.454,2.9909,16.454,0.0099973,14.594,0.0099975
16.628,2.9774,16.628,0.0099973,14.748,0.0099975
16.801,2.9639,16.801,0.0099972,14.901,0.0099975
16.974,2.9504,16.974,0.0099971,15.055,0.0099975
17.147,2.9368,17.147,0.009997,15.209,0.0099975
17.321,2.9231,17.321,0.009997,15.362,0.0099975
17.494,2.9149,17.494,0.0099972,15.516,0.0099974
17.667,2.9067,17.667,0.0099975,15.67,0.0099974
17.84,2.8986,17.84,0.0099977,15.823,0.0099973
18.013,2.8906,18.013,0.009998,15.977,0.0099973
18.187,2.8827,18.187,0.0099982,16.13,0.0099972
18.36,2.8748,18.36,0.0099984,16.284,0.0099972
18.533,2.867,18.533,0.0099986,16.438,0.0099971
18.706,2.8593,18.706,0.0099987,16.591,0.0099971
18.879,2.8516,18.879,0.0099989,16.745,0.009997
19.053,2.844,19.053,0.009999,16.899,0.009997
19.226,2.8364,19.226,0.0099991,17.052,0.0099969
19.399,2.829,19.399,0.0099992,17.206,0.0099969
19.572,2.8215,19.572,0.0099993,17.359,0.0099968
19.745,2.8142,19.745,0.0099994,17.513,0.0099967
19.919,2.8069,19.919,0.0099995,17.667,0.0099967
20.092,2.7996,20.092,0.0099995,17.82,0.0099966
20.265,2.7924,20.265,0.0099996,17.974,0.0099965
20.438,2.7853,20.438,0.0099996,18.128,0.0099964
20.611,2.7782,20.611,0.0099996,18.281,0.0099963
20.785,2.7712,20.785,0.0099996,18.435,0.0099963
20.958,2.7643,20.958,0.0099996,18.588,0.0099962
21.131,2.7574,21.131,0.0099995,18.742,0.0099961
21.304,2.7506,21.304,0.0099995,18.896,0.009996
21.477,2.7438,21.477,0.0099994,19.049,0.0099959
21.651,2.737,21.651,0.0099994,19.203,0.0099959
21.824,2.7304,21.824,0.0099993,19.356,0.0099958
21.997,2.7237,21.997,0.0099992,19.51,0.0099958
22.17,2.7172,22.17,0.0099991,19.664,0.0099958
22.343,2.7106,22.343,0.009999,19.817,0.0099958
22.517,2.7042,22.517,0.0099988,19.971,0.0099958
22.69,2.6978,22.69,0.0099987,20.125,0.0099958
22.863,2.6914,22.863,0.0099985,20.278,0.0099958
23.036,2.6851,23.036,0.0099984,20.432,0.0099958
23.209,2.6788,23.209,0.0099982,20.585,0.0099958
23.383,2.6726,23.383,0.009998,20.739,0.0099957
23.556,2.6665,23.556,0.0099978,20.893,0.0099957
23.729,2.6603,23.729,0.0099976,21.046,0.0099957
23.902,2.6543,23.902,0.0099973,21.2,0.0099956
24.076,2.6482,24.076,0.0099971,21.354,0.0099955
24.249,2.6423,24.249,0.0099968,21.507,0.0099953
24.422,2.6363,24.422,0.0099966,21.661,0.0099951
24.595,2.6305,24.595,0.0099963,21.814,0.0099949
24.768,2.6246,24.768,0.009996,21.968,0.0099948
24.942,2.6188,24.942,0.0099957,22.122,0.0099946
25.115,2.6131,25.115,0.0099954,22.275,0.0099944
25.288,2.6074,25.288,0.0099951,22.429,0.0099943
25.461,2.6017,25.461,0.0099948,22.583,0.0099941
25.634,2.5961,25.634,0.0099945,22.736,0.0099939
25.808,2.5905,25.808,0.0099941,22.89,0.0099937
25.981,2.585,25.981,0.0099938,23.043,0.0099936
26.154,2.5795,26.154,0.0099934,23.197,0.0099936
26.327,2.5741,26.327,0.009993,23.351,0.0099937
26.5,2.5687,26.5,0.0099927,23.504,0.0099938
26.674,2.5633,26.674,0.0099923,23.658,0.0099939
26.847,2.558,26.847,0.0099919,23.812,0.0099939
27.02,2.5527,27.02,0.0099914,23.965,0.009994
27.193,2.5475,27.193,0.009991,24.119,0.0099941
27.366,2.5423,27.366,0.0099906,24.272,0.0099942
27.54,2.5371,27.54,0.0099902,24.426,0.0099942
27.713,2.532,27.713,0.0099897,24.58,0.0099943
27.886,2.5269,27.886,0.0099892,24.733,0.0099944
28.059,2.5218,28.059,0.0099888,24.887,0.0099945
28.232,2.5168,28.232,0.0099883,25.041,0.0099944
28.406,2.5119,28.406,0.0099878,25.194,0.0099943
28.579,2.5069,28.579,0.0099873,25.348,0.0099941
28.752,2.502,28.752,0.0099868,25.501,0.009994
28.925,2.4972,28.925,0.0099863,25.655,0.0099938
29.098,2.4923,29.098,0.0099858,25.809,0.0099937
29.272,2.4876,29.272,0.0099853,25.962,0.0099935
29.445,2.4828,29.445,0.0099847,26.116,0.0099934
29.618,2.4781,29.618,0.0099842,26.27,0.0099932
29.791,2.4734,29.791,0.0099836,26.423,0.0099931
29.964,2.4687,29.964,0.0099831,26.577,0.0099929
30.138,2.4641,30.138,0.0099825,26.73,0.0099928
30.311,2.4595,30.311,0.0099819,26.884,0.0099926
30.484,2.455,30.484,0.0099813,27.038,0.0099927
30.657,2.4505,30.657,0.0099808,27.191,0.0099928
30.831,2.446,30.831,0.0099802,27.345,0.0099929
31.004,2.4415,31.004,0.0099795,27.499,0.0099929
31.177,2.4371,31.177,0.0099789,27.652,0.009993
31.35,2.4327,31.35,0.0099783,27.806,0.0099931
31.523,2.4284,31.523,0.0099777,27.959,0.0099932
31.697,2.4241,31.697,0.009977,28.113,0.0099933
31.87,2.4198,31.87,0.0099764,28.267,0.0099933
32.043,2.4155,32.043,0.0099757,28.42,0.0099934
32.216,2.4113,32.216,0.0099751,28.574,0.0099935
32.389,2.4071,32.389,0.0099744,28.727,0.0099936
32.563,2.4029,32.563,0.0099737,28.881,0.0099936
32.736,2.3988,32.736,0.0099731,29.035,0.0099934
32.909,2.3947,32.909,0.0099724,29.188,0.0099933
33.082,2.3906,33.082,0.0099717,29.342,0.0099932
33.255,2.3866,33.255,0.009971,29.496,0.009993
33.429,2.3825,33.429,0.0099703,29.649,0.0099929
33.602,2.3785,33.602,0.0099695,29.803,0.0099928
33.775,2.3746,33.775,0.0099688,29.956,0.0099927
33.948,2.3707,33.948,0.0099681,30.11,0.0099925
34.121,2.3667,34.121,0.0099674,30.264,0.0099924
34.295,2.3629,34.295,0.0099666,30.417,0.0099923
34.468,2.359,34.468,0.0099659,30.571,0.0099921
34.641,2.3552,34.641,0.0099651,30.725,0.009992
34.814,2.3524,34.814,0.0099673,30.878,0.009992
34.987,2.3497,34.987,0.0099695,31.032,0.009992
35.161,2.347,35.161,0.0099717,31.185,0.009992
35.334,2.3443,35.334,0.009974,31.339,0.009992
35.507,2.3416,35.507,0.0099764,31.493,0.009992
35.68,2.3389,35.68,0.0099788,31.646,0.009992
35.853,2.3363,35.853,0.0099812,31.8,0.009992
36.027,2.3337,36.027,0.0099837,31.954,0.009992
36.2,2.3311,36.2,0.0099862,32.107,0.009992
36.373,2.3285,36.373,0.0099888,32.261,0.0099919
36.546,2.326,36.546,0.0099914,32.414,0.0099919
36.719,2.3234,36.719,0.0099941,32.568,0.0099919
36.893,2.3209,36.893,0.0099968,32.722,0.009992
37.066,2.3184,37.066,0.0099996,32.875,0.0099922
37.239,2.316,37.239,0.010002,33.029,0.0099924
37.412,2.3136,37.412,0.010005,33.183,0.0099925
37.585,2.3113,37.585,0.010008,33.336,0.0099927
37.759,2.3089,37.759,0.010011,33.49,0.0099929
37.932,2.3066,37.932,0.010014,33.643,0.009993
38.105,2.3043,38.105,0.010017,33.797,0.0099932
38.278,2.302,38.278,0.01002,33.951,0.0099934
38.452,2.2997,38.452,0.010023,34.104,0.0099936
38.625,2.2974,38.625,0.010026,34.258,0.0099937
38.798,2.2951,38.798,0.010028,34.412,0.0099939
38.971,2.2929,38.971,0.010031,34.565,0.0099941
39.144,2.2907,39.144,0.010034,34.719,0.009994
39.318,2.2884,39.318,0.010037,34.872,0.0099939
39.491,2.2862,39.491,0.01004,35.026,0.0099938
39.664,2.2841,39.664,0.010043,35.18,0.0099937
39.837,2.2819,39.837,0.010046,35.333,0.0099936
40.01,2.2797,40.01,0.010049,35.487,0.0099935
40.184,2.2776,40.184,0.010051,35.641,0.0099934
40.357,2.2754,40.357,0.010054,35.794,0.0099933
40.53,2.2733,40.53,0.010057,35.948,0.0099932
40.703,2.2712,40.703,0.01006,36.101,0.0099931
40.876,2.2691,40.876,0.010063,36.255,0.009993
41.05,2.267,41.05,0.010066,36.409,0.0099929
41.223,2.265,41.223,0.010069,36.562,0.0099929
41.396,2.2629,41.396,0.010071,36.716,0.009993
41.569,2.2609,41.569,0.010074,36.869,0.0099931
41.742,2.2588,41.742,0.010077,37.023,0.0099932
41.916,2.2568,41.916,0.01008,37.177,0.0099933
42.089,2.2548,42.089,0.010083,37.33,0.0099934
42.262,2.2528,42.262,0.010086,37.484,0.0099935
42.435,2.2509,42.435,0.010088,37.638,0.0099936
42.608,2.2489,42.608,0.010091,37.791,0.0099937
42.782,2.2469,42.782,0.010094,37.945,0.0099938
42.955,2.245,42.955,0.010097,38.098,0.0099939
43.128,2.2431,43.128,0.0101,38.252,0.009994
43.301,2.2412,43.301,0.010103,38.406,0.0099941
43.474,2.2393,43.474,0.010106,38.559,0.0099941
43.648,2.2375,43.648,0.010109,38.713,0.0099941
43.821,2.2357,43.821,0.010113,38.867,0.0099942
43.994,2.2339,43.994,0.010116,39.02,0.0099942
44.167,2.2321,44.167,0.01012,39.174,0.0099942
44.34,2.2303,44.34,0.010123,39.327,0.0099943
44.514,2.2286,44.514,0.010127,39.481,0.0099943
44.687,2.2269,44.687,0.010131,39.635,0.0099944
44.86,2.2251,44.86,0.010134,39.788,0.0099944
45.033,2.2234,45.033,0.010138,39.942,0.0099945
45.207,2.2217,45.207,0.010142,40.096,0.0099945
45.38,2.22,45.38,0.010145,40.249,0.0099946
45.553,2.2184,45.553,0.010149,40.403,0.0099946
45.726,2.2167,45.726,0.010153,40.556,0.0099945
45.899,2.2151,45.899,0.010156,40.71,0.0099945
46.073,2.2135,46.073,0.01016,40.864,0.0099945
46.246,2.2119,46.246,0.010164,41.017,0.0099944
46.419,2.2103,46.419,0.010168,41.171,0.0099944
46.592,2.2087,46.592,0.010172,41.325,0.0099943
46.765,2.2071,46.765,0.010176,41.478,0.0099943
46.939,2.2056,46.939,0.010179,41.632,0.0099943
47.112,2.204,47.112,0.010183,41.785,0.0099942
47.285,2.2025,47.285,0.010187,41.939,0.0099942
47.458,2.201,47.458,0.010191,42.093,0.0099942
47.631,2.1995,47.631,0.010195,42.246,0.0099942
47.805,2.198,47.805,0.010199,42.4,0.0099941
47.978,2.1965,47.978,0.010203,42.554,0.0099941
48.151,2.195,48.151,0.010207,42.707,0.009994
48.324,2.1936,48.324,0.010212,42.861,0.009994
48.497,2.1921,48.497,0.010216,43.014,0.0099939
48.671,2.1907,48.671,0.01022,43.168,0.0099939
48.844,2.1893,48.844,0.010224,43.322,0.0099938
49.017,2.1879,49.017,0.010228,43.475,0.0099938
49.19,2.1865,49.19,0.010232,43.629,0.0099937
49.363,2.1851,49.363,0.010236,43.783,0.0099937
49.537,2.1837,49.537,0.010241,43.936,0.0099936
49.71,2.1824,49.71,0.010245,44.09,0.0099936
49.883,2.181,49.883,0.010249,44.243,0.0099936
50.056,2.1797,50.056,0.010253,44.397,0.0099936
50.229,2.1784,50.229,0.010258,44.551,0.0099937
50.403,2.177,50.403,0.010262,44.704,0.0099937
50.576,2.1757,50.576,0.010266,44.858,0.0099938
50.749,2.1745,50.749,0.010271,45.012,0.0099938
50.922,2.1732,50.922,0.010275,45.165,0.0099939
51.095,2.1719,51.095,0.01028,45.319,0.009994
51.269,2.1707,51.269,0.010284,45.472,0.009994
51.442,2.1694,51.442,0.010289,45.626,0.0099941
51.615,2.1682,51.615,0.010293,45.78,0.0099941
51.788,2.167,51.788,0.010297,45.933,0.0099942
51.962,2.1658,51.962,0.010302,46.087,0.0099943
52.135,2.1646,52.135,0.010285,46.24,0.0099944
52.308,2.1635,52.308,0.010268,46.394,0.0099945
52.481,2.1624,52.481,0.010251,46.548,0.0099946
52.654,2.1614,52.654,0.010233,46.701,0.0099948
52.828,2.1603,52.828,0.010216,46.855,0.0099949
53.001,2.1592,53.001,0.010198,47.009,0.009995
53.174,2.1581,53.174,0.01018,47.162,0.0099951
53.347,2.157,53.347,0.010163,47.316,0.0099953
53.52,2.156,53.52,0.010145,47.469,0.0099954
53.694,2.1549,53.694,0.010127,47.623,0.0099955
53.867,2.1539,53.867,0.010109,47.777,0.0099956
54.04,2.1528,54.04,0.010091,47.93,0.0099957
54.213,2.1518,54.213,0.010072,48.084,0.0099958
54.386,2.1508,54.386,0.010054,48.238,0.0099958
54.56,2.1497,54.56,0.010036,48.391,0.0099958
54.733,2.1487,54.733,0.010017,48.545,0.0099957
54.906,2.1477,54.906,0.0099986,48.698,0.0099957
55.079,2.1467,55.079,0.0099798,48.852,0.0099957
55.252,2.1458,55.252,0.0099525,49.006,0.0099957
55.426,2.1448,55.426,0.0099237,49.159,0.0099957
55.599,2.1439,55.599,0.0098944,49.313,0.0099957
55.772,2.143,55.772,0.0098647,49.467,0.0099957
55.945,2.1421,55.945,0.0098345,49.62,0.0099957
56.118,2.1412,56.118,0.0098038,49.774,0.0099957
56.292,2.1403,56.292,0.0097726,49.927,0.0099957
56.465,2.1394,56.465,0.0097404,50.081,0.0099957
56.638,2.1385,56.638,0.0097075,50.235,0.0099958
56.811,2.1377,56.811,0.009674,50.388,0.0099958
56.984,2.1368,56.984,0.0096399,50.542,0.0099958
57.158,2.1359,57.158,0.0096052,50.696,0.0099959
57.331,2.1351,57.331,0.0095699,50.849,0.0099959
57.504,2.1342,57.504,0.009534,51.003,0.009996
57.677,2.1334,57.677,0.0094975,51.156,0.009996
57.85,2.1325,57.85,0.0094604,51.31,0.009996
58.024,2.1317,58.024,0.0094228,51.464,0.009996
58.197,2.1309,58.197,0.0093846,51.617,0.009996
58.37,2.1301,58.37,0.0093458,51.771,0.009996
58.543,2.1292,58.543,0.0093064,51.925,0.009996
58.717,2.1284,58.717,0.0092665,52.078,0.009996
58.89,2.1276,58.89,0.009226,52.232,0.009996
59.063,2.1268,59.063,0.0091849,52.385,0.009996
59.236,2.126,59.236,0.0091433,52.539,0.009996
59.409,2.1252,59.409,0.0091011,52.693,0.009996
59.583,2.1245,59.583,0.0090584,52.846,0.009996
59.756,2.1237,59.756,0.0090151,53,0.0099961
59.929,2.1229,59.929,0.0089713,53.154,0.0099961
60.102,2.1222,60.102,0.008927,53.307,0.0099961
60.275,2.1214,60.275,0.0088821,53.461,0.0099961
60.449,2.1206,60.449,0.0088367,53.614,0.0099962
60.622,2.1199,60.622,0.0087908,53.768,0.0099963
60.795,2.1192,60.795,0.008732,53.922,0.0099947
60.968,2.1185,60.968,0.0086726,54.075,0.0099932
61.141,2.1178,61.141,0.0086126,54.229,0.0099917
61.315,2.1171,61.315,0.008552,54.383,0.0099901
61.488,2.1164,61.488,0.0084908,54.536,0.0099886
61.661,2.1158,61.661,0.0084291,54.69,0.009987
61.834,2.1151,61.834,0.0083668,54.843,0.0099855
62.007,2.1144,62.007,0.0083039,54.997,0.009984
62.181,2.1138,62.181,0.0082405,55.151,0.0099825
62.354,2.1131,62.354,0.0081765,55.304,0.0099809
62.527,2.1124,62.527,0.0081119,55.458,0.0099794
62.7,2.1118,62.7,0.0080468,55.611,0.0099779
62.873,2.1111,62.873,0.0079811,55.765,0.0099776
63.047,2.1105,63.047,0.0079148,55.919,0.0099785
63.22,2.1098,63.22,0.0078481,56.072,0.0099794
63.393,2.1092,63.393,0.0077807,56.226,0.0099803
63.566,2.1085,63.566,0.0077128,56.38,0.0099812
63.739,2.1079,63.739,0.0076444,56.533,0.0099821
63.913,2.1072,63.913,0.0075754,56.687,0.0099829
64.086,2.1066,64.086,0.0075059,56.84,0.0099838
64.259,2.106,64.259,0.0074359,56.994,0.0099846
64.432,2.1053,64.432,0.0073653,57.148,0.0099855
64.605,2.1047,64.605,0.0072942,57.301,0.0099864
64.779,2.1041,64.779,0.0072226,57.455,0.0099872
64.952,2.1035,64.952,0.0071505,57.609,0.009988
65.125,2.1029,65.125,0.007076,57.762,0.0099825
65.298,2.1023,65.298,0.007001,57.916,0.009977
65.472,2.1017,65.472,0.0069254,58.069,0.0099715
65.645,2.1011,65.645,0.0068493,58.223,0.009966
65.818,2.1005,65.818,0.0067726,58.377,0.0099605
65.991,2.0999,65.991,0.0066953,58.53,0.009955
66.164,2.0993,66.164,0.0066176,58.684,0.0099494
66.338,2.0987,66.338,0.0065392,58.838,0.0099439
66.511,2.0981,66.511,0.0064603,58.991,0.0099383
66.684,2.0976,66.684,0.0063809,59.145,0.0099327
66.857,2.097,66.857,0.006301,59.298,0.0099272
67.03,2.0964,67.03,0.0062205,59.452,0.0099216
67.204,2.0959,67.204,0.0061394,59.606,0.0099206
67.377,2.0953,67.377,0.0060579,59.759,0.0099243
67.55,2.0947,67.55,0.0059759,59.913,0.0099281
67.723,2.0942,67.723,0.0058933,60.067,0.0099319
67.896,2.0936,67.896,0.0058103,60.22,0.0099356
68.07,2.0931,68.07,0.0057267,60.374,0.0099394
68.243,2.0925,68.243,0.0056426,60.527,0.009943
68.416,2.092,68.416,0.0055854,60.681,0.0099467
68.589,2.0915,68.589,0.0055753,60.835,0.0099504
68.762,2.091,68.762,0.0055663,60.988,0.009954
68.936,2.0905,68.936,0.0055583,61.142,0.0099577
69.109,2.09,69.109,0.0055512,61.296,0.0099612
69.282,2.0895,69.282,0.0055453,61.449,0.0099648
69.455,2.089,69.455,0.0055348,61.603,0.0099541
69.628,2.0885,69.628,0.0055254,61.756,0.0099434
69.802,2.088,69.802,0.0055172,61.91,0.0099327
69.975,2.0875,69.975,0.0055101,62.064,0.009922
70.148,2.0871,70.148,0.0055041,62.217,0.0099112
70.321,2.0866,70.321,0.0054993,62.371,0.0099004
70.494,2.0861,70.494,0.0054955,62.525,0.0098895
70.668,2.0856,70.668,0.0054929,62.678,0.0098788
70.841,2.0852,70.841,0.0054913,62.832,0.009868
71.014,2.0847,71.014,0.0054909,62.985,0.009857
71.187,2.0842,71.187,0.0054915,63.139,0.0098463
71.36,2.0838,71.36,0.0054932,63.293,0.0098354
71.534,2.0833,71.534,0.005496,63.446,0.0098336
71.707,2.0829,71.707,0.0054999,63.6,0.0098409
71.88,2.0824,71.88,0.0055048,63.754,0.0098483
72.053,2.082,72.053,0.0055108,63.907,0.0098556
72.227,2.0815,72.227,0.0055178,64.061,0.009863
72.4,2.0811,72.4,0.0055258,64.214,0.0098706
72.573,2.0806,72.573,0.0055349,64.368,0.0098779
72.746,2.0802,72.746,0.005545,64.522,0.0098855
72.919,2.0797,72.919,0.0055561,64.675,0.0098929
73.093,2.0793,73.093,0.0055683,64.829,0.0099003
73.266,2.0788,73.266,0.0055814,64.982,0.0099078
73.439,2.0784,73.439,0.0055956,65.136,0.0099151
73.612,2.078,73.612,0.0056108,65.29,0.0099225
73.785,2.0775,73.785,0.0056321,65.443,0.0099071
73.959,2.0771,73.959,0.0056543,65.597,0.0098915
74.132,2.0767,74.132,0.0056774,65.751,0.0098761
74.305,2.0763,74.305,0.0057013,65.904,0.0098607
74.478,2.0759,74.478,0.005726,66.058,0.0098452
74.651,2.0754,74.651,0.0057516,66.211,0.0098299
74.825,2.075,74.825,0.005778,66.365,0.0098142
74.998,2.0746,74.998,0.0058053,66.519,0.0097987
75.171,2.0742,75.171,0.0058334,66.672,0.0097832
75.344,2.0738,75.344,0.0058623,66.826,0.0097675
75.517,2.0734,75.517,0.005892,66.98,0.009752
75.691,2.073,75.691,0.0059225,67.133,0.0097364
75.864,2.0726,75.864,0.0059539,67.287,0.0097339
76.037,2.0722,76.037,0.0059861,67.44,0.0097446
76.21,2.0718,76.21,0.006019,67.594,0.0097555
76.383,2.0714,76.383,0.0060528,67.748,0.0097662
76.557,2.071,76.557,0.0060874,67.901,0.009777
76.73,2.0706,76.73,0.0061228,68.055,0.0097879
76.903,2.0702,76.903,0.0061589,68.209,0.0097986
77.076,2.0698,77.076,0.0061959,68.362,0.0098096
77.249,2.0694,77.249,0.0062336,68.516,0.0098205
77.423,2.069,77.423,0.0062722,68.669,0.0098315
77.596,2.0686,77.596,0.0063115,68.823,0.0098425
77.769,2.0682,77.769,0.0063516,68.977,0.0098534
77.942,2.0678,77.942,0.0063924,69.13,0.0098644
78.115,2.0675,78.115,0.0064367,69.284,0.0098454
78.289,2.0671,78.289,0.0064817,69.438,0.0098263
78.462,2.0667,78.462,0.0065273,69.591,0.0098074
78.635,2.0663,78.635,0.0065736,69.745,0.0097885
78.808,2.0659,78.808,0.0066205,69.898,0.0097694
78.982,2.0656,78.982,0.0066681,70.052,0.0097505
79.155,2.0652,79.155,0.0067163,70.206,0.0097314
79.328,2.0648,79.328,0.0067651,70.359,0.0097125
79.501,2.0644,79.501,0.0068146,70.513,0.0096935
79.674,2.0641,79.674,0.0068647,70.667,0.0096743
79.848,2.0637,79.848,0.0069154,70.82,0.0096553
80.021,2.0633,80.021,0.0069668,70.974,0.0096361
80.194,2.063,80.194,0.0070187,71.127,0.0096329
80.367,2.0626,80.367,0.0070713,71.281,0.0096459
80.54,2.0622,80.54,0.0071245,71.435,0.0096591
80.714,2.0619,80.714,0.0071784,71.588,0.009672
80.887,2.0615,80.887,0.0072328,71.742,0.0096851
81.06,2.0612,81.06,0.0072878,71.896,0.0096983
81.233,2.0608,81.233,0.0073435,72.049,0.0097112
81.406,2.0604,81.406,0.0073997,72.203,0.0097245
81.58,2.0601,81.58,0.0074566,72.356,0.0097376
81.753,2.0597,81.753,0.007514,72.51,0.0097508
81.926,2.0594,81.926,0.007572,72.664,0.0097642
82.099,2.059,82.099,0.0076306,72.817,0.0097773
82.272,2.0587,82.272,0.0076898,72.971,0.0097907
82.446,2.0583,82.446,0.007752,73.125,0.0097702
82.619,2.058,82.619,0.0078145,73.278,0.0097495
82.792,2.0576,82.792,0.0078775,73.432,0.0097291
82.965,2.0573,82.965,0.0079409,73.585,0.0097085
83.138,2.057,83.138,0.0080047,73.739,0.0096878
83.312,2.0566,83.312,0.0080689,73.893,0.0096673
83.485,2.0563,83.485,0.0081336,74.046,0.0096464
83.658,2.0559,83.658,0.0081986,74.2,0.0096259
83.831,2.0556,83.831,0.008264,74.353,0.0096052
84.004,2.0553,84.004,0.0083298,74.507,0.0095844
84.178,2.0549,84.178,0.008396,74.661,0.0095638
84.351,2.0546,84.351,0.0084626,74.814,0.009543
84.524,2.0543,84.524,0.0085296,74.968,0.0095394
84.697,2.0539,84.697,0.008597,75.122,0.0095532
84.87,2.0536,84.87,0.0086647,75.275,0.0095672
85.044,2.0533,85.044,0.0087329,75.429,0.009581
85.217,2.0529,85.217,0.0088015,75.582,0.0095949
85.39,2.0526,85.39,0.0088704,75.736,0.009609
85.563,2.0523,85.563,0.0089397,75.89,0.0096228
85.737,2.0519,85.737,0.0090094,76.043,0.009637
85.91,2.0516,85.91,0.0090795,76.197,0.0096509
86.083,2.0513,86.083,0.00915,76.351,0.0096651
86.256,2.051,86.256,0.0092208,76.504,0.0096793
86.429,2.0506,86.429,0.009292,76.658,0.0096933
86.603,2.0503,86.603,0.0097076,76.811,0.0097076
86.776,2.0498,86.776,0.0097766,76.965,0.0096872
86.949,2.0491,86.949,0.0097717,77.119,0.0096665
87.122,2.0485,87.122,0.0097667,77.272,0.009646
87.295,2.0479,87.295,0.0097617,77.426,0.0096254
87.469,2.0472,87.469,0.0097567,77.58,0.0096047
87.642,2.0466,87.642,0.0097517,77.733,0.0095841
87.815,2.0459,87.815,0.0097467,77.887,0.0095632
87.988,2.0453,87.988,0.0097417,78.04,0.0095426
88.161,2.0447,88.161,0.0097368,78.194,0.0095218
88.335,2.044,88.335,0.0097318,78.348,0.0095009
88.508,2.0434,88.508,0.0097268,78.501,0.0094801
88.681,2.0427,88.681,0.0097218,78.655,0.0094593
88.854,2.0421,88.854,0.0097168,78.809,0.0094553
89.027,2.0414,89.027,0.0097118,78.962,0.0094685
89.201,2.0407,89.201,0.0097068,79.116,0.0094819
89.374,2.0401,89.374,0.0097018,79.269,0.009495
89.547,2.0394,89.547,0.0096968,79.423,0.0095083
89.72,2.0387,89.72,0.0096918,79.577,0.0095218
89.893,2.0381,89.893,0.0096868,79.73,0.009535
90.067,2.0374,90.067,0.0096818,79.884,0.0095485
90.24,2.0367,90.24,0.0096768,80.038,0.0095619
90.413,2.0361,90.413,0.0096717,80.191,0.0095754
90.586,2.0354,90.586,0.0096667,80.345,0.0095891
90.759,2.0347,90.759,0.0096617,80.498,0.0096025
90.933,2.034,90.933,0.0096567,80.652,0.0096162
91.106,2.0334,91.106,0.0096515,80.806,0.0095973
91.279,2.0327,91.279,0.0096464,80.959,0.009578
91.452,2.032,91.452,0.0096413,81.113,0.0095589
91.625,2.0313,91.625,0.0096362,81.267,0.0095397
91.799,2.0306,91.799,0.0096311,81.42,0.0095204
91.972,2.0299,91.972,0.009626,81.574,0.0095012
92.145,2.0292,92.145,0.0096209,81.727,0.0094817
92.318,2.0285,92.318,0.0096158,81.881,0.0094624
92.492,2.0278,92.492,0.0096107,82.035,0.009443
92.665,2.0271,92.665,0.0096056,82.188,0.0094234
92.838,2.0264,92.838,0.0096005,82.342,0.009404
93.011,2.0257,93.011,0.0095954,82.496,0.0093844
93.184,2.025,93.184,0.0095903,82.649,0.0093804
93.358,2.0243,93.358,0.0095852,82.803,0.0093921
93.531,2.0236,93.531,0.0095801,82.956,0.0094039
93.704,2.0229,93.704,0.009575,83.11,0.0094156
93.877,2.0222,93.877,0.0095699,83.264,0.0094274
94.05,2.0215,94.05,0.0095648,83.417,0.0094394
94.224,2.0207,94.224,0.0095597,83.571,0.0094512
94.397,2.02,94.397,0.0095545,83.724,0.0094632
94.57,2.0193,94.57,0.0095494,83.878,0.0094751
94.743,2.0186,94.743,0.0095443,84.032,0.0094872
94.916,2.0178,94.916,0.0095392,84.185,0.0094994
95.09,2.0171,95.09,0.0095341,84.339,0.0095113
95.263,2.0164,95.263,0.0095289,84.493,0.0095236
95.436,2.0156,95.436,0.0095238,84.646,0.0095067
95.609,2.0149,95.609,0.0095187,84.8,0.0094894
95.782,2.0141,95.782,0.0095136,84.953,0.0094724
95.956,2.0134,95.956,0.0095085,85.107,0.0094553
96.129,2.0127,96.129,0.0095034,85.261,0.009438
96.302,2.0119,96.302,0.0094983,85.414,0.0094208
96.475,2.0112,96.475,0.0094931,85.568,0.0094033
96.648,2.0104,96.648,0.009488,85.722,0.0093861
96.822,2.0097,96.822,0.0094828,85.875,0.0093686
96.995,2.0089,96.995,0.0094777,86.029,0.0093511
97.168,2.0081,97.168,0.0094725,86.182,0.0093337
97.341,2.0074,97.341,0.0094673,86.336,0.0093161
97.514,2.0066,97.514,0.0094621,86.49,0.009312
97.688,2.0058,97.688,0.0094569,86.643,0.0093216
97.861,2.0051,97.861,0.0094517,86.797,0.0093314
98.034,2.0043,98.034,0.0094465,86.951,0.009341
98.207,2.0035,98.207,0.0094413,87.104,0.0093507
98.38,2.0027,98.38,0.0094361,87.258,0.0093606
98.554,2.0019,98.554,0.0094309,87.411,0.0093703
98.727,2.0011,98.727,0.0094257,87.565,0.0093803
98.9,2.0004,98.9,0.0094205,87.719,0.0093901
99.073,1.9996,99.073,0.0094152,87.872,0.0094001
99.247,1.9988,99.247,0.00941,88.026,0.0094102
99.42,1.998,99.42,0.0094047,88.18,0.0094202
99.593,1.9972,99.593,0.0093995,88.333,0.0094303
99.766,1.9964,99.766,0.0093946,88.487,0.0094158
99.939,1.9956,99.939,0.0093898,88.64,0.009401
100.11,1.9948,100.11,0.009385,88.794,0.0093864
100.29,1.994,100.29,0.0093801,88.948,0.0093716
100.46,1.9931,100.46,0.0093753,89.101,0.0093568
100.63,1.9923,100.63,0.0093704,89.255,0.009342
100.81,1.9915,100.81,0.0093656,89.409,0.009327
100.98,1.9907,100.98,0.0093607,89.562,0.0093122
101.15,1.9899,101.15,0.0093559,89.716,0.0092972
101.32,1.9891,101.32,0.0093511,89.869,0.0092821
101.5,1.9882,101.5,0.0093462,90.023,0.0092671
101.67,1.9874,101.67,0.0093414,90.177,0.009252
101.84,1.9865,101.84,0.0093365,90.33,0.009248
102.02,1.9857,102.02,0.0093317,90.484,0.0092555
102.19,1.9849,102.19,0.0093268,90.638,0.009263
102.36,1.984,102.36,0.0093219,90.791,0.0092705
102.54,1.9832,102.54,0.0093171,90.945,0.0092781
102.71,1.9823,102.71,0.0093122,91.098,0.0092858
102.88,1.9815,102.88,0.0093074,91.252,0.0092933
103.06,1.9806,103.06,0.0093025,91.406,0.0093011
103.23,1.9797,103.23,0.0092976,91.559,0.0093088
103.4,1.9789,103.4,0.0092927,91.713,0.0093166
103.58,1.978,103.58,0.0092879,91.867,0.0093245
103.75,1.9771,103.75,0.009283,92.02,0.0093323
103.92,1.9762,103.92,0.0092781,92.174,0.0093403
104.1,1.9754,104.1,0.0092734,92.327,0.009328
104.27,1.9745,104.27,0.0092687,92.481,0.0093156
104.44,1.9736,104.44,0.009264,92.635,0.0093032
104.62,1.9727,104.62,0.0092593,92.788,0.0092908
104.79,1.9718,104.79,0.0092546,92.942,0.0092783
104.96,1.9709,104.96,0.0092498,93.095,0.0092658
105.14,1.97,105.14,0.0092448,93.249,0.0092532
105.31,1.9691,105.31,0.0092399,93.403,0.0092406
105.48,1.9681,105.48,0.009235,93.556,0.009228
105.66,1.9672,105.66,0.0092301,93.71,0.0092153
105.83,1.9662,105.83,0.0092253,93.864,0.0092026
106,1.9653,106,0.0092205,94.017,0.0091899
106.17,1.9643,106.17,0.0092157,94.171,0.009186
106.35,1.9634,106.35,0.0092109,94.324,0.0091914
106.52,1.9624,106.52,0.0092062,94.478,0.0091968
106.69,1.9615,106.69,0.0092014,94.632,0.0092022
106.87,1.9605,106.87,0.0091967,94.785,0.0092077
107.04,1.9595,107.04,0.009192,94.939,0.0092132
107.21,1.9585,107.21,0.0091873,95.093,0.0092187
107.39,1.9575,107.39,0.0091827,95.246,0.0092243
107.56,1.9566,107.56,0.0091781,95.4,0.0092299
107.73,1.9556,107.73,0.0091734,95.553,0.0092356
107.91,1.9546,107.91,0.0091688,95.707,0.0092414
108.08,1.9536,108.08,0.0091643,95.861,0.0092471
108.25,1.9526,108.25,0.0091597,96.014,0.0092529
108.43,1.9516,108.43,0.0091555,96.168,0.0092427
108.6,1.9506,108.6,0.0091513,96.322,0.0092324
108.77,1.9495,108.77,0.0091471,96.475,0.0092221
108.95,1.9485,108.95,0.0091429,96.629,0.0092118
109.12,1.9475,109.12,0.0091388,96.782,0.0092014
109.29,1.9465,109.29,0.0091346,96.936,0.0091911
109.47,1.9454,109.47,0.0091305,97.09,0.0091806
109.64,1.9444,109.64,0.0091263,97.243,0.0091702
109.81,1.9434,109.81,0.0091222,97.397,0.0091597
109.99,1.9423,109.99,0.0091181,97.551,0.0091491
110.16,1.9413,110.16,0.009114,97.704,0.0091386
110.33,1.9402,110.33,0.0091098,97.858,0.009128
110.5,1.9392,110.5,0.0091058,98.011,0.0091244
110.68,1.9381,110.68,0.0091017,98.165,0.009128
110.85,1.937,110.85,0.0090976,98.319,0.0091316
111.02,1.9359,111.02,0.0090935,98.472,0.0091352
111.2,1.9348,111.2,0.0090895,98.626,0.0091389
111.37,1.9338,111.37,0.0090854,98.78,0.0091425
111.54,1.9327,111.54,0.0090814,98.933,0.0091462
111.72,1.9316,111.72,0.0090773,99.087,0.00915
111.89,1.9305,111.89,0.0090733,99.24,0.0091538
112.06,1.9294,112.06,0.0090693,99.394,0.0091577
112.24,1.9282,112.24,0.0090652,99.548,0.0091615
112.41,1.9271,112.41,0.0090612,99.701,0.0091654
112.58,1.926,112.58,0.0090572,99.855,0.0091694
112.76,1.9249,112.76,0.0090535,100.01,0.009161
112.93,1.9237,112.93,0.0090497,100.16,0.0091525
113.1,1.9226,113.1,0.0090459,100.32,0.009144
113.28,1.9215,113.28,0.0090422,100.47,0.0091355
113.45,1.9203,113.45,0.0090384,100.62,0.009127
113.62,1.9192,113.62,0.0090347,100.78,0.0091184
113.8,1.9181,113.8,0.009031,100.93,0.0091098
113.97,1.9169,113.97,0.0090273,101.08,0.0091011
114.14,1.9157,114.14,0.0090236,101.24,0.0090925
114.32,1.9146,114.32,0.0090199,101.39,0.0090838
114.49,1.9134,114.49,0.0090162,101.54,0.0090752
114.66,1.9122,114.66,0.0090126,101.7,0.0090665
114.83,1.9111,114.83,0.0090089,101.85,0.009063
115.01,1.9099,115.01,0.0090053,102.01,0.009065
115.18,1.9087,115.18,0.0090017,102.16,0.0090671
115.35,1.9075,115.35,0.0089981,102.31,0.0090691
115.53,1.9063,115.53,0.0089945,102.47,0.0090712
115.7,1.9051,115.7,0.0089909,102.62,0.0090732
115.87,1.9038,115.87,0.0089873,102.77,0.0090752
116.05,1.9026,116.05,0.0089837,102.93,0.0090774
116.22,1.9014,116.22,0.0089801,103.08,0.0090795
116.39,1.9002,116.39,0.0089766,103.23,0.0090817
116.57,1.8989,116.57,0.0089731,103.39,0.0090839
116.74,1.8977,116.74,0.0089695,103.54,0.0090862
116.91,1.8964,116.91,0.008966,103.7,0.0090885
117.09,1.8952,117.09,0.0089626,103.85,0.0090816
117.26,1.8939,117.26,0.0089591,104,0.0090746
117.43,1.8926,117.43,0.0089556,104.16,0.0090676
117.61,1.8913,117.61,0.0089522,104.31,0.0090607
117.78,1.8901,117.78,0.0089487,104.46,0.0090536
117.95,1.8888,117.95,0.0089453,104.62,0.0090466
118.13,1.8875,118.13,0.0089418,104.77,0.0090395
118.3,1.8861,118.3,0.0089376,104.92,0.0090324
118.47,1.8847,118.47,0.0089333,105.08,0.0090253
118.65,1.8833,118.65,0.008929,105.23,0.0090181
118.82,1.8819,118.82,0.0089248,105.39,0.009011
118.99,1.8806,118.99,0.0089205,105.54,0.0090038
119.17,1.8792,119.17,0.0089161,105.69,0.0090004
119.34,1.8777,119.34,0.0089118,105.85,0.0090012
119.51,1.8763,119.51,0.0089075,106,0.0090019
119.68,1.8749,119.68,0.0089031,106.15,0.0090027
119.86,1.8735,119.86,0.0088987,106.31,0.0090035
120.03,1.872,120.03,0.0088943,106.46,0.0090042
120.2,1.8706,120.2,0.0088899,106.61,0.009005
120.38,1.8691,120.38,0.0088854,106.77,0.0090059
120.55,1.8676,120.55,0.008881,106.92,0.0090067
120.72,1.8662,120.72,0.0088765,107.08,0.0090076
120.9,1.8647,120.9,0.008872,107.23,0.0090085
121.07,1.8632,121.07,0.0088675,107.38,0.0090094
121.24,1.8617,121.24,0.0088629,107.54,0.0090104
121.42,1.8602,121.42,0.0088584,107.69,0.0090046
121.59,1.8587,121.59,0.0088539,107.84,0.0089989
121.76,1.8572,121.76,0.0088494,108,0.0089931
121.94,1.8556,121.94,0.008845,108.15,0.0089873
122.11,1.8541,122.11,0.0088405,108.3,0.0089815
122.28,1.8526,122.28,0.008836,108.46,0.0089757
122.46,1.851,122.46,0.0088316,108.61,0.0089698
122.63,1.8495,122.63,0.0088271,108.77,0.0089639
122.8,1.8479,122.8,0.0088227,108.92,0.008958
122.98,1.8463,122.98,0.0088183,109.07,0.0089521
123.15,1.8447,123.15,0.0088138,109.23,0.0089462
123.32,1.8432,123.32,0.0088094,109.38,0.0089403
123.5,1.8416,123.5,0.008805,109.53,0.008937
123.67,1.8399,123.67,0.0088007,109.69,0.0089367
123.84,1.8383,123.84,0.0087963,109.84,0.0089363
124.01,1.8367,124.01,0.0087919,109.99,0.008936
124.19,1.8351,124.19,0.0087876,110.15,0.0089357
124.36,1.8334,124.36,0.0087832,110.3,0.0089353
124.53,1.8318,124.53,0.0087789,110.45,0.008935
124.71,1.8301,124.71,0.0087746,110.61,0.0089347
124.88,1.8284,124.88,0.0087703,110.76,0.0089344
125.05,1.8267,125.05,0.008766,110.92,0.0089342
125.23,1.825,125.23,0.0087617,111.07,0.0089339
125.4,1.8233,125.4,0.0087574,111.22,0.0089336
125.57,1.8216,125.57,0.0087531,111.38,0.0089334
125.75,1.8199,125.75,0.0087488,111.53,0.0089286
125.92,1.8181,125.92,0.0087445,111.68,0.0089238
126.09,1.8164,126.09,0.0087403,111.84,0.008919
126.27,1.8146,126.27,0.008736,111.99,0.0089142
126.44,1.8128,126.44,0.0087318,112.14,0.0089094
126.61,1.8111,126.61,0.0087276,112.3,0.0089045
126.79,1.8093,126.79,0.0087234,112.45,0.0088997
126.96,1.8075,126.96,0.0087192,112.61,0.0088947
127.13,1.8056,127.13,0.0087151,112.76,0.0088899
127.31,1.8038,127.31,0.0087109,112.91,0.0088849
127.48,1.802,127.48,0.0087068,113.07,0.00888
127.65,1.8002,127.65,0.0087027,113.22,0.0088751
127.83,1.7983,127.83,0.0086986,113.37,0.0088719
128,1.7964,128,0.0086945,113.53,0.0088707
128.17,1.7946,128.17,0.0086905,113.68,0.0088695
128.34,1.7927,128.34,0.0086864,113.83,0.0088683
128.52,1.7908,128.52,0.0086824,113.99,0.0088671
128.69,1.7889,128.69,0.0086784,114.14,0.0088659
128.86,1.787,128.86,0.0086744,114.3,0.0088647
129.04,1.785,129.04,0.0086705,114.45,0.0088636
129.21,1.7831,129.21,0.0086665,114.6,0.0088624
129.38,1.7811,129.38,0.0086626,114.76,0.0088613
129.56,1.7792,129.56,0.0086587,114.91,0.0088601
129.73,1.7772,129.73,0.0086548,115.06,0.008859
129.9,1.7752,129.9,0.0086509,115.22,0.0088579
130.08,1.7732,130.08,0.0086472,115.37,0.0088539
130.25,1.7712,130.25,0.0086434,115.52,0.0088498
130.42,1.7692,130.42,0.0086397,115.68,0.0088458
130.6,1.7672,130.6,0.008636,115.83,0.0088417
130.77,1.7652,130.77,0.0086323,115.99,0.0088376
130.94,1.7631,130.94,0.0086286,116.14,0.0088335
131.12,1.7611,131.12,0.008625,116.29,0.0088294
131.29,1.759,131.29,0.0086213,116.45,0.0088252
131.46,1.7569,131.46,0.0086177,116.6,0.0088211
131.64,1.7548,131.64,0.0086141,116.75,0.0088169
131.81,1.7527,131.81,0.0086105,116.91,0.0088128
131.98,1.7506,131.98,0.008607,117.06,0.0088086
132.16,1.7485,132.16,0.0086034,117.21,0.0088055
132.33,1.7463,132.33,0.0085999,117.37,0.0088035
132.5,1.7442,132.5,0.0085964,117.52,0.0088016
132.68,1.742,132.68,0.0085929,117.68,0.0087996
132.85,1.7398,132.85,0.0085894,117.83,0.0087977
133.02,1.7376,133.02,0.008586,117.98,0.0087957
133.19,1.7354,133.19,0.0085826,118.14,0.0087938
133.37,1.7332,133.37,0.0085792,118.29,0.0087918
133.54,1.731,133.54,0.0085758,118.44,0.0087899
133.71,1.7287,133.71,0.0085724,118.6,0.008788
133.89,1.7265,133.89,0.0085691,118.75,0.0087861
134.06,1.7242,134.06,0.0085657,118.9,0.0087842
134.23,1.7219,134.23,0.0085624,119.06,0.0087823
134.41,1.7196,134.41,0.0085591,119.21,0.0087789
134.58,1.7173,134.58,0.0085559,119.37,0.0087754
134.75,1.7149,134.75,0.0085526,119.52,0.0087719
134.93,1.7125,134.93,0.0085494,119.67,0.0087684
135.1,1.71,135.1,0.0085461,119.83,0.0087649
135.27,1.7076,135.27,0.0085429,119.98,0.0087614
135.45,1.7051,135.45,0.0085397,120.13,0.0087578
135.62,1.7025,135.62,0.0085365,120.29,0.0087543
135.79,1.7,135.79,0.0085333,120.44,0.0087507
135.97,1.6975,135.97,0.0085302,120.59,0.0087472
136.14,1.6949,136.14,0.0085274,120.75,0.0087436
136.31,1.6922,136.31,0.008526,120.9,0.00874
136.49,1.6894,136.49,0.0085246,121.05,0.0087369
136.66,1.6867,136.66,0.0085232,121.21,0.0087344
136.83,1.6839,136.83,0.0085218,121.36,0.008732
137.01,1.6811,137.01,0.0085203,121.52,0.0087295
137.18,1.6783,137.18,0.0085188,121.67,0.008727
137.35,1.6755,137.35,0.0085173,121.82,0.0087245
137.52,1.6726,137.52,0.0085158,121.98,0.008722
137.7,1.6697,137.7,0.0085143,122.13,0.0087196
137.87,1.6668,137.87,0.0085127,122.28,0.0087171
138.04,1.6639,138.04,0.0085111,122.44,0.0087147
138.22,1.661,138.22,0.0085096,122.59,0.0087122
138.39,1.658,138.39,0.008508,122.74,0.0087098
138.56,1.655,138.56,0.0085063,122.9,0.0087073
138.74,1.6521,138.74,0.0085042,123.05,0.0087042
138.91,1.6491,138.91,0.0085021,123.21,0.008701
139.08,1.6461,139.08,0.0085,123.36,0.0086978
139.26,1.643,139.26,0.0084979,123.51,0.0086946
139.43,1.64,139.43,0.0084958,123.67,0.0086914
139.6,1.6369,139.6,0.0084937,123.82,0.0086883
139.78,1.6338,139.78,0.0084916,123.97,0.0086851
139.95,1.6307,139.95,0.0084895,124.13,0.0086819
140.12,1.6275,140.12,0.0084873,124.28,0.0086787
140.3,1.6243,140.3,0.0084852,124.43,0.0086755
140.47,1.6211,140.47,0.0084831,124.59,0.0086723
140.64,1.6179,140.64,0.0084809,124.74,0.0086691
140.82,1.6147,140.82,0.0084788,124.9,0.0086659
140.99,1.6114,140.99,0.0084766,125.05,0.0086629
141.16,1.6081,141.16,0.0084744,125.2,0.0086599
141.34,1.6048,141.34,0.0084723,125.36,0.0086568
141.51,1.6014,141.51,0.0084701,125.51,0.0086538
141.68,1.5981,141.68,0.0084679,125.66,0.0086508
141.85,1.5947,141.85,0.0084658,125.82,0.0086478
142.03,1.5912,142.03,0.0084636,125.97,0.0086448
142.2,1.5878,142.2,0.0084614,126.12,0.0086418
142.37,1.5843,142.37,0.0084592,126.28,0.0086389
142.55,1.5808,142.55,0.008457,126.43,0.0086359
142.72,1.5773,142.72,0.0084548,126.59,0.0086329
142.89,1.5737,142.89,0.0084526,126.74,0.0086299
143.07,1.5701,143.07,0.0084504,126.89,0.0086271
143.24,1.5665,143.24,0.0084482,127.05,0.0086243
143.41,1.5629,143.41,0.0084459,127.2,0.0086214
143.59,1.5592,143.59,0.0084437,127.35,0.0086186
143.76,1.5556,143.76,0.0084415,127.51,0.0086157
143.93,1.5518,143.93,0.0084393,127.66,0.0086129
144.11,1.5481,144.11,0.008437,127.81,0.00861
144.28,1.5443,144.28,0.0084348,127.97,0.0086072
144.45,1.5405,144.45,0.0084326,128.12,0.0086043
144.63,1.5367,144.63,0.0084303,128.28,0.0086014
144.8,1.5328,144.8,0.0084281,128.43,0.0085985
144.97,1.5289,144.97,0.0084258,128.58,0.0085956
145.15,1.525,145.15,0.0084236,128.74,0.0085925
145.32,1.5211,145.32,0.0084213,128.89,0.0085893
145.49,1.5171,145.49,0.0084191,129.04,0.0085861
145.67,1.5131,145.67,0.0084168,129.2,0.0085829
145.84,1.5091,145.84,0.0084145,129.35,0.0085797
146.01,1.505,146.01,0.0084123,129.5,0.0085765
146.19,1.5009,146.19,0.00841,129.66,0.0085733
146.36,1.4968,146.36,0.0084077,129.81,0.0085701
146.53,1.4926,146.53,0.0084054,129.96,0.008567
146.7,1.4884,146.7,0.0084032,130.12,0.0085638
146.88,1.4842,146.88,0.0084009,130.27,0.0085606
147.05,1.4799,147.05,0.0083986,130.43,0.0085574
147.22,1.4756,147.22,0.0083963,130.58,0.0085543
147.4,1.4713,147.4,0.008394,130.73,0.0085513
147.57,1.467,147.57,0.0083917,130.89,0.0085483
147.74,1.4626,147.74,0.0083894,131.04,0.0085453
147.92,1.4582,147.92,0.0083871,131.19,0.0085423
148.09,1.4537,148.09,0.0083848,131.35,0.0085393
148.26,1.4492,148.26,0.0083825,131.5,0.0085363
148.44,1.4447,148.44,0.0083802,131.65,0.0085334
148.61,1.4401,148.61,0.0083779,131.81,0.0085304
148.78,1.4356,148.78,0.0083756,131.96,0.0085274
148.96,1.4309,148.96,0.0083733,132.12,0.0085244
149.13,1.4263,149.13,0.008371,132.27,0.0085214
149.3,1.4216,149.3,0.0083687,132.42,0.0085185
149.48,1.4168,149.48,0.0083664,132.58,0.0085151
149.65,1.4121,149.65,0.0083641,132.73,0.0085115
149.82,1.4073,149.82,0.0083618,132.88,0.0085078
150,1.4024,150,0.0083594,133.04,0.0085041
150.17,1.3975,150.17,0.0083571,133.19,0.0085005
150.34,1.3926,150.34,0.0083548,133.34,0.0084968
150.52,1.3877,150.52,0.0083525,133.5,0.0084932
150.69,1.3827,150.69,0.0083502,133.65,0.0084895
150.86,1.3776,150.86,0.0083479,133.81,0.0084859
151.03,1.3726,151.03,0.0083455,133.96,0.0084823
151.21,1.3675,151.21,0.0083432,134.11,0.0084786
151.38,1.3623,151.38,0.0083409,134.27,0.008475
151.55,1.3571,151.55,0.0083386,134.42,0.0084714
151.73,1.3519,151.73,0.0083363,134.57,0.0084686
151.9,1.3466,151.9,0.008334,134.73,0.0084658
152.07,1.3413,152.07,0.0083316,134.88,0.008463
152.25,1.3359,152.25,0.0083293,135.03,0.0084602
152.42,1.3305,152.42,0.008327,135.19,0.0084575
152.59,1.3251,152.59,0.0083247,135.34,0.0084547
152.77,1.3196,152.77,0.0083224,135.5,0.0084519
152.94,1.3141,152.94,0.0083201,135.65,0.0084491
153.11,1.3085,153.11,0.0083177,135.8,0.0084463
153.29,1.3029,153.29,0.0083154,135.96,0.0084435
153.46,1.2972,153.46,0.0083131,136.11,0.0084407
153.63,1.2915,153.63,0.0083108,136.26,0.008438
153.81,1.2858,153.81,0.0083085,136.42,0.0084349
153.98,1.2799,153.98,0.0083062,136.57,0.0084314
154.15,1.2735,154.15,0.0083036,136.72,0.008428
154.33,1.267,154.33,0.008301,136.88,0.0084245
154.5,1.2605,154.5,0.0082985,137.03,0.0084211
154.67,1.2539,154.67,0.0082959,137.19,0.0084176
154.85,1.2472,154.85,0.0082933,137.34,0.0084141
155.02,1.2404,155.02,0.0082908,137.49,0.0084106
155.19,1.2335,155.19,0.0082882,137.65,0.0084072
155.36,1.2266,155.36,0.0082857,137.8,0.0084037
155.54,1.2196,155.54,0.0082831,137.95,0.0084002
155.71,1.2125,155.71,0.0082805,138.11,0.0083968
155.88,1.2054,155.88,0.008278,138.26,0.0083933
156.06,1.2031,156.06,0.0082686,138.41,0.0083897
156.23,1.2009,156.23,0.0082592,138.57,0.0083862
156.4,1.1987,156.4,0.0082499,138.72,0.0083826
156.58,1.1964,156.58,0.0082406,138.88,0.008379
156.75,1.1942,156.75,0.0082314,139.03,0.0083755
156.92,1.192,156.92,0.0082221,139.18,0.0083719
157.1,1.1898,157.1,0.0082129,139.34,0.0083684
157.27,1.1876,157.27,0.0082037,139.49,0.0083648
157.44,1.1853,157.44,0.0081946,139.64,0.0083613
157.62,1.1831,157.62,0.0081855,139.8,0.0083578
157.79,1.1809,157.79,0.0081764,139.95,0.0083542
157.96,1.1787,157.96,0.0081673,140.1,0.0083507
158.14,1.1765,158.14,0.0081582,140.26,0.0083469
158.31,1.1743,158.31,0.0081492,140.41,0.0083427
158.48,1.1721,158.48,0.0081402,140.56,0.0083386
158.66,1.1699,158.66,0.0081312,140.72,0.0083344
158.83,1.1677,158.83,0.0081223,140.87,0.0083303
159,1.1655,159,0.0081134,141.03,0.0083262
159.18,1.1634,159.18,0.0081045,141.18,0.0083221
159.35,1.1612,159.35,0.0080956,141.33,0.008318
159.52,1.159,159.52,0.0080868,141.49,0.0083139
159.7,1.1568,159.7,0.0080779,141.64,0.0083098
159.87,1.1547,159.87,0.0080691,141.79,0.0083057
160.04,1.1525,160.04,0.0080604,141.95,0.0083016
160.21,1.1503,160.21,0.0080516,142.1,0.0082976
160.39,1.1482,160.39,0.0080429,142.25,0.0082945
160.56,1.146,160.56,0.0080342,142.41,0.0082914
160.73,1.1439,160.73,0.0080255,142.56,0.0082884
160.91,1.1417,160.91,0.0080168,142.72,0.0082853
161.08,1.1396,161.08,0.0080082,142.87,0.0082823
161.25,1.1374,161.25,0.0079996,143.02,0.0082792
161.43,1.1353,161.43,0.007991,143.18,0.0082761
161.6,1.1331,161.6,0.0079824,143.33,0.008273
161.77,1.131,161.77,0.0079738,143.48,0.00827
161.95,1.1289,161.95,0.0079653,143.64,0.0082669
162.12,1.1268,162.12,0.0079568,143.79,0.0082638
162.29,1.1246,162.29,0.0079483,143.94,0.0082607
162.47,1.1225,162.47,0.0079398,144.1,0.0082575
162.64,1.1204,162.64,0.0079314,144.25,0.008254
162.81,1.1183,162.81,0.0079229,144.41,0.0082506
162.99,1.1162,162.99,0.0079145,144.56,0.0082471
163.16,1.1141,163.16,0.0079061,144.71,0.0082437
163.33,1.112,163.33,0.0078977,144.87,0.0082402
163.51,1.1099,163.51,0.0078894,145.02,0.0082368
163.68,1.1078,163.68,0.007881,145.17,0.0082333
163.85,1.1057,163.85,0.0078727,145.33,0.0082297
164.03,1.1036,164.03,0.0078644,145.48,0.0082261
164.2,1.1016,164.2,0.0078561,145.63,0.0082226
164.37,1.0995,164.37,0.0078478,145.79,0.008219
164.54,1.0974,164.54,0.0078396,145.94,0.0082154
164.72,1.0954,164.72,0.0078313,146.1,0.0082094
164.89,1.0933,164.89,0.0078231,146.25,0.0082035
165.06,1.0912,165.06,0.0078149,146.4,0.0081976
165.24,1.0892,165.24,0.0078067,146.56,0.0081916
165.41,1.0871,165.41,0.0077985,146.71,0.0081857
165.58,1.0851,165.58,0.0077904,146.86,0.0081798
165.76,1.0831,165.76,0.0077822,147.02,0.0081739
165.93,1.081,165.93,0.0077741,147.17,0.008168
166.1,1.079,166.1,0.007766,147.32,0.0081621
166.28,1.077,166.28,0.0077579,147.48,0.0081562
166.45,1.0749,166.45,0.0077498,147.63,0.0081504
166.62,1.0729,166.62,0.0077417,147.79,0.0081445
166.8,1.0709,166.8,0.0077336,147.94,0.0081386
166.97,1.0689,166.97,0.0077256,148.09,0.0081326
167.14,1.0669,167.14,0.0077175,148.25,0.0081266
167.32,1.0649,167.32,0.0077095,148.4,0.0081206
167.49,1.0629,167.49,0.0077015,148.55,0.0081146
167.66,1.0609,167.66,0.0076935,148.71,0.0081086
167.84,1.0589,167.84,0.0076855,148.86,0.0081027
168.01,1.057,168.01,0.0076776,149.01,0.0080967
168.18,1.055,168.18,0.0076696,149.17,0.0080908
168.36,1.053,168.36,0.0076616,149.32,0.0080849
168.53,1.0511,168.53,0.0076537,149.48,0.0080789
168.7,1.0491,168.7,0.0076458,149.63,0.008073
168.87,1.0471,168.87,0.0076378,149.78,0.0080671
169.05,1.0452,169.05,0.0076299,149.94,0.0080637
169.22,1.0433,169.22,0.007622,150.09,0.0080603
169.39,1.0413,169.39,0.0076142,150.24,0.0080569
169.57,1.0394,169.57,0.0076063,150.4,0.0080535
169.74,1.0375,169.74,0.0075984,150.55,0.0080501
169.91,1.0355,169.91,0.0075905,150.7,0.0080467
170.09,1.0336,170.09,0.0075827,150.86,0.0080433
170.26,1.0317,170.26,0.0075748,151.01,0.0080399
170.43,1.0298,170.43,0.007567,151.16,0.0080366
170.61,1.0279,170.61,0.0075592,151.32,0.0080332
170.78,1.026,170.78,0.0075514,151.47,0.0080298
170.95,1.0241,170.95,0.0075435,151.63,0.0080265
171.13,1.0222,171.13,0.0075357,151.78,0.0080231
171.3,1.0203,171.3,0.0075279,151.93,0.0080197
171.47,1.0185,171.47,0.0075201,152.09,0.0080164
171.65,1.0166,171.65,0.0075124,152.24,0.008013
171.82,1.0147,171.82,0.0075046,152.39,0.0080096
171.99,1.0129,171.99,0.0074968,152.55,0.0080063
172.17,1.011,172.17,0.007489,152.7,0.0080029
172.34,1.0092,172.34,0.0074813,152.85,0.0079996
172.51,1.0073,172.51,0.0074735,153.01,0.0079963
172.69,1.0055,172.69,0.0074658,153.16,0.0079929
172.86,1.0036,172.86,0.007458,153.32,0.0079896
173.03,1.0018,173.03,0.0074503,153.47,0.0079863
173.21,1,173.21,0.0074425,153.62,0.007983
