time,intC00,intC01,intC02,intC03,intC04,intC05,intC06,intC07,intC08,intC09,intC10,intC11,intC12,intC13,intC14,intC15,intC16,intC17,intC18,intC19,intC20,intC21,intD00,intD01,intD02,intD03,intD04,intD05,intD06,intD07,intD08,intD09,intD10,intD11,intD12,intD13,intD14,intD15,intD16,intD17,intD18,intD19,intD20,intD21
0,0,0,0,0,0,0,0,0,0,0,0,0,0,0,0,0,0,0,0,0,0,0,0,0,0,0,0,0,0,0,0,0,0,0,0,0,0,0,0,0,0,0,0,0
0.0025,0.0078495740981838,7.5307402771395e-08,5.2812772378971e-07,1.6789309153033e-10,3.8831744690249e-07,3.7836578961807e-11,2.6599184370841e-10,2.5423583690962e-23,2.5423583690962e-23,1.0923267536413e-20,1.1728269342099e-18,1.0757403675197e-20,3.429495106802e-20,2.0858021503264e-18,2.0117937943932e-15,6.2323894579989e-18,6.3876059628373e-17,1.6939630255157e-18,4.9028394217518e-17,6.5432332615735e-20,2.1768716653691e-18,7.2143833199582e-21,0.125,0.125,0.125,0.125,0.125,0.125,0.125,0.015625,0.015625,0.015625,0.015625,0.015625,0.015625,0.015625,0.001953125,0.001953125,0.001953125,0.001953125,0.001953125,0.001953125,0.001953125,0.001953125
0.005,0.012564695420601,4.8778954669833e-07,3.2649651312781e-06,1.5144437718915e-09,2.4201533817272e-06,3.396841971621e-10,2.3566299875942e-09,5.8199381899781e-22,5.8199381899781e-22,2.2353490902412e-19,2.1263775142983e-17,2.2055699635044e-19,6.5433201687818e-19,3.8054609597777e-17,2.9695538440084e-14,1.034132936765e-16,1.0520427077225e-15,3.0128827561599e-17,7.9784162808921e-16,1.1703669544373e-18,3.9055009246498e-17,1.436244523599e-19,0.125,0.125,0.125,0.125,0.125,0.125,0.125,0.015625,0.015625,0.015625,0.015625,0.015625,0.015625,0.015625,0.001953125,0.001953125,0.001953125,0.001953125,0.001953125,0.001953125,0.001953125,0.001953125
0.0075,0.017260119504436,1.7780290737736e-06,1.1384993655784e-05,7.4859656203489e-09,8.5030569923024e-06,1.672781679364e-09,1.1443115752364e-08,6.9028334641396e-21,6.9028334641396e-21,2.3833132119079e-18,2.0170666781678e-16,2.3552058150198e-18,6.5185001631869e-18,3.6303882315022e-16,2.3078913780063e-13,8.9974249538426e-16,9.0853988521951e-15,2.8037430393855e-16,6.8163501640734e-15,1.0962370466125e-17,3.6629053199334e-16,1.4891401832699e-18,0.125,0.125,0.125,0.125,0.125,0.125,0.125,0.015625,0.015625,0.015625,0.015625,0.015625,0.015625,0.015625,0.001953125,0.001953125,0.001953125,0.001953125,0.001953125,0.001953125,0.001953125,0.001953125
0.01,0.021929219215192,4.8110275333213e-06,2.9530495542971e-05,2.6827305440418e-08,2.22113759512e-05,5.9776739263985e-09,4.0294247263402e-08,5.6478376145477e-20,5.6478376145477e-20,1.76197775659e-17,1.3319591277067e-15,1.743386413768e-17,4.5119313876427e-17,2.4095997713771e-15,1.2559775688719e-12,5.4606641599069e-15,5.4729639891625e-14,1.8162847711989e-15,4.0667998736466e-14,7.153674227735e-17,2.3896101342851e-15,1.07035939152e-17,0.125,0.125,0.125,0.125,0.125,0.125,0.125,0.015625,0.015625,0.015625,0.015625,0.015625,0.015625,0.015625,0.001953125,0.001953125,0.001953125,0.001953125,0.001953125,0.001953125,0.001953125,0.001953125
0.0125,0.026562220936031,1.0774019468748e-05,6.351153217686e-05,7.790587573653e-08,4.8086701211614e-05,1.7324262094133e-08,1.1501650701059e-07,3.5815561360314e-19,3.5815561360314e-19,1.0144488705363e-16,6.8749967508075e-15,1.0047559330396e-16,2.4368042239466e-16,1.2494500236814e-14,5.3720991077017e-12,2.5955717083171e-14,2.5818695673108e-13,9.1968055029774e-15,1.9021200263258e-13,3.6516775908212e-16,1.2176703081302e-14,5.9909274698898e-17,0.125,0.125,0.125,0.125,0.125,0.125,0.125,0.015625,0.015625,0.015625,0.015625,0.015625,0.015625,0.015625,0.001953125,0.001953125,0.001953125,0.001953125,0.001953125,0.001953125,0.001953125,0.001953125
0.015,0.03114728776324,2.1137996007303e-05,0.00011987081858391,1.9447336867277e-07,9.1322457800153e-05,4.3193026174184e-08,2.8233333178729e-07,1.8754692543269e-18,1.8754692543269e-18,4.8443623114813e-16,2.9535066822773e-14,4.8018844293901e-16,1.0935682823663e-15,5.3896759289024e-14,1.9223299249063e-11,1.0287600941691e-13,1.0155577663035e-12,3.8758719593736e-14,7.4249168150226e-13,1.552552972708e-15,5.1609959468862e-14,2.7812635622742e-16,0.125,0.125,0.125,0.125,0.125,0.125,0.125,0.015625,0.015625,0.015625,0.015625,0.015625,0.015625,0.015625,0.001953125,0.001953125,0.001953125,0.001953125,0.001953125,0.001953125,0.001953125,0.001953125
0.0175,0.035671390608877,3.7597511838017e-05,0.00020542831347018,4.3262889728792e-07,0.00015741904159711,9.6040424313695e-08,6.1793679836894e-07,8.4382579985279e-18,8.4382579985279e-18,1.9959120219052e-15,1.0983137584665e-13,1.9796214900272e-15,4.2415298053584e-15,2.0115415516623e-13,5.9833289151378e-11,3.5358405234574e-13,3.4636297970103e-12,1.4139062993791e-13,2.5152158542128e-12,5.7175772616311e-15,1.8923548300858e-13,1.1141262311465e-15,0.125,0.125,0.125,0.125,0.125,0.125,0.125,0.015625,0.015625,0.015625,0.015625,0.015625,0.015625,0.015625,0.001953125,0.001953125,0.001953125,0.001953125,0.001953125,0.001953125,0.001953125,0.001953125
0.02,0.040121109694454,6.2001259301698e-05,0.00032687721648887,8.7857648124619e-07,0.00025186685906135,1.9507331073118e-07,1.2352922127297e-06,3.351959730029e-17,3.351959730029e-17,7.288202874541e-15,3.631118239709e-13,7.2320175720138e-15,1.4604720634373e-14,6.6716475910722e-13,1.6633195490702e-10,1.0822804672755e-12,1.0519158652325e-11,4.5855787313329e-13,7.5931636785041e-12,1.8731628167081e-14,6.1654156952852e-13,3.9562065033001e-15,0.125,0.125,0.125,0.125,0.125,0.125,0.125,0.015625,0.015625,0.015625,0.015625,0.015625,0.015625,0.015625,0.001953125,0.001953125,0.001953125,0.001953125,0.001953125,0.001953125,0.001953125,0.001953125
0.0225,0.044483317820515,9.6282254369867e-05,0.00049046485447832,1.6566638305894e-06,0.00037988682854637,3.6813524928909e-07,2.2942309883263e-06,1.1989445228178e-16,1.1989445228178e-16,2.4049893758533e-14,1.0880610962079e-12,2.3872225325937e-14,4.5516379610599e-14,2.0047492109134e-12,4.2091673748844e-10,3.0074665188759e-12,2.8999763639229e-11,1.3479224860488e-12,2.082315190661e-11,5.5653917753561e-14,1.8197317296118e-12,1.2698186723712e-14,0.125,0.125,0.125,0.125,0.125,0.125,0.125,0.015625,0.015625,0.015625,0.015625,0.015625,0.015625,0.015625,0.001953125,0.001953125,0.001953125,0.001953125,0.001953125,0.001953125,0.001953125,0.001953125
0.025,0.048745706724378,0.0001423930576544,0.00070176573028066,2.9371539660919e-06,0.00054623772010762,6.535986130812e-07,4.0087149449774e-06,3.9193857018356e-16,3.9193857018356e-16,7.2774911477863e-14,2.9982487300014e-12,7.2252534563904e-14,1.3028102431152e-13,5.5376214358068e-12,9.8358906275418e-10,7.6975533673375e-12,7.3628434577575e-11,3.6436549947885e-12,5.2625271560345e-11,1.5214653755922e-13,4.9369572611427e-12,3.7385797460372e-14,0.125,0.125,0.125,0.125,0.125,0.125,0.125,0.015625,0.015625,0.015625,0.015625,0.015625,0.015625,0.015625,0.001953125,0.001953125,0.001953125,0.001953125,0.001953125,0.001953125,0.001953125,0.001953125
0.0275,0.052897152384369,0.00020224886370656,0.00096553910702692,4.9432091551723e-06,0.00075508747672756,1.1021588553624e-06,6.6532682092204e-06,1.1846795649772e-15,1.1846795649772e-15,2.0425743973926e-13,7.6838905770498e-12,2.02814555117e-13,3.4638652297932e-13,1.4221009226254e-11,2.1460581583342e-09,1.8351436832143e-11,1.7410290302284e-10,9.160321124183e-12,1.239409993618e-10,3.8704386771716e-13,1.2451839978306e-11,1.0212768582564e-13,0.125,0.125,0.125,0.125,0.125,0.125,0.125,0.015625,0.015625,0.015625,0.015625,0.015625,0.015625,0.015625,0.001953125,0.001953125,0.001953125,0.001953125,0.001953125,0.001953125,0.001953125,0.001953125
0.03,0.056927937765893,0.00027767957050202,0.0012856568039382,7.9566430983399e-06,0.0010099395470537,1.7784385745921e-06,1.056772071776e-05,3.3418400221955e-15,3.3418400221955e-15,5.3660401573675e-13,1.8479763499783e-11,5.3283085093113e-13,8.6325060786348e-13,3.4260476319686e-11,4.4106801516823e-09,4.1118227858618e-11,3.8686089070064e-10,2.1611743362923e-11,2.7445217157572e-10,9.2444635869583e-13,2.9461061345115e-11,2.6122752673275e-13,0.125,0.125,0.125,0.125,0.125,0.125,0.125,0.015625,0.015625,0.015625,0.015625,0.015625,0.015625,0.015625,0.001953125,0.001953125,0.001953125,0.001953125,0.001953125,0.001953125,0.001953125,0.001953125
0.0325,0.060829860776965,0.00037039090828345,0.0016650852685547,1.2322104529075e-05,0.0013136031553005,2.7623258634342e-06,1.6160062957611e-05,8.864820598173e-15,8.864820598173e-15,1.3293174764604e-12,4.2013293491111e-11,1.3199213230882e-12,2.0314545753792e-12,7.7999922188246e-11,8.6002174074084e-09,8.7216708299228e-11,8.1366171963916e-10,4.8200311722539e-11,5.7554932337998e-10,2.0882857692795e-12,6.5870628653016e-11,6.3032375245864e-13,0.125,0.125,0.125,0.125,0.125,0.125,0.125,0.015625,0.015625,0.015625,0.015625,0.015625,0.015625,0.015625,0.001953125,0.001953125,0.001953125,0.001953125,0.001953125,0.001953125,0.001953125,0.001953125
0.035,0.064596256013165,0.00048193414754829,0.0021059071047129,1.8449476282759e-05,0.0016681966285864,4.1499910432542e-06,2.3907354971321e-05,2.2253189564134e-14,2.2253189564134e-14,3.1244119292036e-12,9.0839778927229e-11,3.1020280452592e-12,4.5417005313876e-12,1.6883584840322e-10,1.6003430767142e-08,1.7618630853167e-10,1.6295865373031e-09,1.0223901424353e-10,1.1498732268113e-09,4.488481842475e-12,1.4002350340524e-10,1.4436207910082e-12,0.125,0.125,0.125,0.125,0.125,0.125,0.125,0.015625,0.015625,0.015625,0.015625,0.015625,0.015625,0.015625,0.001953125,0.001953125,0.001953125,0.001953125,0.001953125,0.001953125,0.001953125,0.001953125
0.0375,0.068221955542313,0.00061368364084675,0.0026093695352496,2.6814394158275e-05,0.0020751742202262,6.0545459168777e-06,3.4354751490947e-05,5.3144560666394e-14,5.3144560666394e-14,7.0034500286081e-12,1.8774345908394e-10,6.9522546096887e-12,9.6959993291347e-12,3.4923091251014e-10,2.8560002862191e-08,3.4067148050396e-10,3.1234726595238e-09,2.0729671059099e-10,2.1995601870648e-09,9.2257595144248e-12,2.844383825679e-10,3.1545263328538e-12,0.125,0.125,0.125,0.125,0.125,0.125,0.125,0.015625,0.015625,0.015625,0.015625,0.015625,0.015625,0.015625,0.001953125,0.001953125,0.001953125,0.001953125,0.001953125,0.001953125,0.001953125,0.001953125
0.04,0.071703209208659,0.00076682135576016,0.0031759498670398,3.7956899052736e-05,0.0025353685869556,8.6063284721817e-06,4.8112793931912e-05,1.212928284954e-13,1.212928284954e-13,1.5037088087725e-11,3.7249499842584e-10,1.4924335493752e-11,1.9852557825782e-11,6.932862282602e-10,4.9086073546222e-08,6.3320286042915e-10,5.7540739748586e-09,4.0350257959284e-10,4.0455448383479e-09,1.8211989898639e-11,5.5453893479918e-10,6.6056621213491e-12,0.125,0.125,0.125,0.125,0.125,0.125,0.125,0.015625,0.015625,0.015625,0.015625,0.015625,0.015625,0.015625,0.001953125,0.001953125,0.001953125,0.001953125,0.001953125,0.001953125,0.001953125,0.001953125
0.0425,0.075037580148013,0.00094232754687103,0.0038054304432203,5.2478327309585e-05,0.0030490427995614,1.1952812527191e-05,6.5853178759943e-05,2.6559118940796e-13,2.6559118940796e-13,3.1042649788595e-11,7.1210562331218e-10,3.0802923383491e-11,3.9130004519186e-11,1.3257822474629e-09,8.1538880463317e-08,1.1354834470417e-09,1.0225311105187e-08,7.5680057245049e-10,7.1803681974395e-09,3.4654475377197e-11,1.0414632480118e-09,1.3305754820907e-11,0.125,0.125,0.125,0.125,0.125,0.125,0.125,0.015625,0.015625,0.015625,0.015625,0.015625,0.015625,0.015625,0.001953125,0.001953125,0.001953125,0.001953125,0.001953125,0.001953125,0.001953125,0.001953125
0.045,0.078223827026313,0.0011409767463732,0.0044969776194336,7.1036614836251e-05,0.0036159472981694,1.6258155639267e-05,8.8303243787333e-05,5.5984136790716e-13,5.5984136790716e-13,6.1817971505907e-11,1.3158989430305e-09,6.1324849096201e-11,7.4486185778262e-11,2.450097226957e-09,1.3131584859379e-07,1.9707081581628e-09,1.7583783331634e-08,1.3720981318432e-09,1.2336862756722e-08,6.3765655845248e-11,1.8902484875862e-09,2.5865715238803e-11,0.125,0.125,0.125,0.125,0.125,0.125,0.125,0.015625,0.015625,0.015625,0.015625,0.015625,0.015625,0.015625,0.001953125,0.001953125,0.001953125,0.001953125,0.001953125,0.001953125,0.001953125,0.001953125
0.0475,0.081261781136001,0.001363338301717,0.0052492209420669,9.4340239873868e-05,0.0042353784758361,2.1702409604098e-05,0.00011623942441899,1.139401907278e-12,1.139401907278e-12,1.1908863391411e-10,2.3570219471729e-09,1.1810530744431e-10,1.373215748882e-10,4.3879359311675e-09,2.0558022527489e-07,3.3194335994681e-09,2.9341217872622e-08,2.4113916017909e-09,2.057480972506e-08,1.137738086212e-10,3.3248657296622e-09,4.8664497573573e-11,0.125,0.125,0.125,0.125,0.125,0.125,0.125,0.015625,0.015625,0.015625,0.015625,0.015625,0.015625,0.015625,0.001953125,0.001953125,0.001953125,0.001953125,0.001953125,0.001953125,0.001953125,0.001953125
0.05,0.084152223885997,0.0016097807427311,0.0060603299647773,0.0001231410587874,0.0049062365830477,2.8480426185624e-05,0.00015047992644208,2.2448396793499e-12,2.2448396793499e-12,2.2249257992283e-10,4.102320567515e-09,2.2058833641989e-10,2.457966415272e-10,7.6343161999991e-09,3.1360229678633e-07,5.4394665935979e-09,4.7623713807157e-08,4.1180579273788e-09,3.3387170053732e-08,1.9732479156354e-10,5.6817120254523e-09,8.8837084583183e-11,0.125,0.125,0.125,0.125,0.125,0.125,0.125,0.015625,0.015625,0.015625,0.015625,0.015625,0.015625,0.015625,0.001953125,0.001953125,0.001953125,0.001953125,0.001953125,0.001953125,0.001953125,0.001953125
0.0525,0.086896768292943,0.0018804793153011,0.0069280870730556,0.00015822630149344,0.0056270814182383,3.6800496617056e-05,0.00019187684597683,4.2913916746485e-12,4.2913916746485e-12,4.0403202687065e-10,6.9527920467941e-09,4.004449137537e-10,4.2809503069605e-10,1.2931726674789e-08,4.6710262402715e-07,8.6901524364998e-09,7.5348508995468e-08,6.8485619995917e-09,5.2826782151537e-08,3.3337890456054e-10,9.4532277210598e-09,1.5770186287917e-10,0.125,0.125,0.125,0.125,0.125,0.125,0.125,0.015625,0.015625,0.015625,0.015625,0.015625,0.015625,0.015625,0.001953125,0.001953125,0.001953125,0.001953125,0.001953125,0.001953125,0.001953125,0.001953125
0.055,0.089497746692377,0.0021754260724705,0.0078499553596575,0.00020040999130753,0.0063961848438844,4.6882767215724e-05,0.00024130794517611,7.9765495020453e-12,7.9765495020453e-12,7.1454729484287e-10,1.1497072446296e-08,7.0796420345628e-10,7.2690820384505e-10,2.1367739460886e-08,6.8058183362577e-07,1.3561317406071e-08,1.1642759946795e-07,1.1112825670517e-08,8.165351558673e-08,5.4971954947423e-10,1.5343275183414e-08,2.7277208130049e-10,0.125,0.125,0.125,0.125,0.125,0.125,0.125,0.015625,0.015625,0.015625,0.015625,0.015625,0.015625,0.015625,0.001953125,0.001953125,0.001953125,0.001953125,0.001953125,0.001953125,0.001953125,0.001953125
0.0575,0.091958105914002,0.0024944419666309,0.0088231410661251,0.00025052404132507,0.0072115795835016,5.8957475477432e-05,0.00029966826762727,1.4442524612906e-11,1.4442524612906e-11,1.2329089073063e-09,1.858059741565e-08,1.2211221019396e-09,1.2054598505777e-09,3.4500588835805e-08,9.716204705863e-07,2.0706958278705e-08,1.7599594006218e-07,1.7624424678594e-08,1.2350081010991e-07,8.8620050303689e-10,2.4335772438646e-08,4.6052499595418e-10,0.125,0.125,0.125,0.125,0.125,0.125,0.125,0.015625,0.015625,0.015625,0.015625,0.015625,0.015625,0.015625,0.001953125,0.001953125,0.001953125,0.001953125,0.001953125,0.001953125,0.001953125,0.001953125
0.06,0.094281310499797,0.0028371904384381,0.0098446504278627,0.00030940925900575,0.0080711040475932,7.3263051547329e-05,0.00036786175257802,2.5515828125772e-11,2.5515828125772e-11,2.0787794438368e-09,2.9393162254658e-08,2.0581625966045e-09,1.9554269741335e-09,5.4517264838913e-08,1.3611323568574e-06,3.0983580965594e-08,2.6066024319009e-07,2.7361613867137e-08,1.8305936710756e-07,1.398865218859e-09,3.7777809771763e-08,7.6013129622064e-10,0.125,0.125,0.125,0.125,0.125,0.125,0.125,0.015625,0.015625,0.015625,0.015625,0.015625,0.015625,0.015625,0.001953125,0.001953125,0.001953125,0.001953125,0.001953125,0.001953125,0.001953125,0.001953125
0.0625,0.096471254102911,0.0032031920493131,0.010911340972847,0.00037790646509386,0.0089724431363391,9.004412925366e-05,0.00044679298357817,4.4052751534739e-11,4.4052751534739e-11,3.4299594933294e-09,4.5577579612013e-08,3.3946859212801e-09,3.1071458609098e-09,8.4428477666982e-08,1.8735558237516e-06,4.5492879786578e-08,3.7876267537908e-07,4.1639924509399e-08,2.6627456174216e-07,2.16507364351e-09,5.7478084605121e-08,1.2283747369584e-09,0.125,0.125,0.125,0.125,0.125,0.125,0.125,0.015625,0.015625,0.015625,0.015625,0.015625,0.015625,0.015625,0.001953125,0.001953125,0.001953125,0.001953125,0.001953125,0.001953125,0.001953125,0.001953125
0.065,0.098532178924239,0.0035918397547387,0.012019967458409,0.00045684790461561,0.0099131650978895,0.00010954950915254,0.00053735918567698,7.4427149734774e-11,7.4427149734774e-11,5.5454949888098e-09,6.9361970011022e-08,5.4863954444238e-09,4.8425118153646e-09,1.2830439339295e-07,2.5369690345224e-06,6.5628229085227e-08,5.4065214115581e-07,6.2196731453024e-08,3.8055298064421e-07,3.2897687046121e-09,8.5820974203184e-08,1.9460155650715e-09,0.125,0.125,0.125,0.125,0.125,0.125,0.125,0.015625,0.015625,0.015625,0.015625,0.015625,0.015625,0.015625,0.001953125,0.001953125,0.001953125,0.001953125,0.001953125,0.001953125,0.001953125,0.001953125
0.0675,0.10046860287365,0.004002414464757,0.01316722271024,0.0005470490982321,0.010890754602651,0.00013203011345177,0.00064044256620359,1.2320551685528e-10,1.2320551685528e-10,8.7958766296537e-09,1.0371790750949e-07,8.6988031921638e-09,7.4109883313861e-09,1.9155430425143e-07,3.3831182597521e-06,9.3124241588905e-08,7.5895445097035e-07,9.1287759572598e-08,5.3497243508988e-07,4.9130052493398e-09,1.2589594028191e-07,3.0258691484629e-09,0.125,0.125,0.125,0.125,0.125,0.125,0.125,0.015625,0.015625,0.015625,0.015625,0.015625,0.015625,0.015625,0.001953125,0.001953125,0.001953125,0.001953125,0.001953125,0.001953125,0.001953125,0.001953125
0.07,0.10228525404845,0.0044341005857156,0.014349773670296,0.00064930125305245,0.011902642240572,0.00015773696942569,0.00075690307731257,2.0006373251219e-10,2.0006373251219e-10,1.3701794875977e-08,1.5254617303393e-07,1.3545320916735e-08,1.1149131375078e-08,2.8125237325318e-07,4.4473512348037e-06,1.3010844501135e-07,1.0488315931131e-06,1.3179500220344e-07,7.4048892152549e-07,7.218848386756e-09,1.8164124653216e-07,4.6228809779567e-09,0.125,0.125,0.125,0.125,0.125,0.125,0.125,0.015625,0.015625,0.015625,0.015625,0.015625,0.015625,0.015625,0.001953125,0.001953125,0.001953125,0.001953125,0.001953125,0.001953125,0.001953125,0.001953125
0.0725,0.10398701207707,0.0048860012829847,0.015564292978231,0.00076436432411719,0.012946230671175,0.00018691925415447,0.00088757166364419,3.1900977099878e-10,3.1900977099878e-10,2.0983013930973e-08,2.2089124227167e-07,2.0735257694029e-08,1.6504005340922e-08,4.0651029544852e-07,5.768451405222e-06,1.7915395107498e-07,1.4282196493166e-06,1.8734497789181e-07,1.01013335895e-06,1.0445725829433e-08,2.5800019918615e-07,6.9464788097709e-09,0.125,0.125,0.125,0.125,0.125,0.125,0.125,0.015625,0.015625,0.015625,0.015625,0.015625,0.015625,0.015625,0.001953125,0.001953125,0.001953125,0.001953125,0.001953125,0.001953125,0.001953125,0.001953125
0.075,0.10557885586333,0.0053571532476671,0.016807486413289,0.00089296079183042,0.0140189176631,0.00021982242926474,0.0010332440453056,4.999867424762e-10,4.999867424762e-10,3.1618982597979e-08,3.1518486312855e-07,3.1233293840073e-08,2.4060817464503e-08,5.7889617601279e-07,7.3883727287392e-06,2.4333184916108e-07,1.9180346661348e-06,2.6243567951642e-07,1.3591905713639e-06,1.4898290178717e-08,3.6108732784237e-07,1.0275470297321e-08,0.125,0.125,0.125,0.125,0.125,0.125,0.125,0.015625,0.015625,0.015625,0.015625,0.015625,0.015625,0.015625,0.001953125,0.001953125,0.001953125,0.001953125,0.001953125,0.001953125,0.001953125,0.001953125
0.0775,0.10706581727294,0.0058465407908971,0.018076116516554,0.0010357701970886,0.015118116257055,0.0002566864899533,0.0011946750746083,7.709404168008e-10,7.709404168008e-10,4.69227966593e-08,4.4351817797241e-07,4.6331992552251e-08,3.4575026430536e-08,8.1289718399693e-07,9.3518785314849e-06,3.2626195792658e-07,2.5423360477861e-06,3.6256999833202e-07,1.8053529322394e-06,2.0960812722719e-08,4.9836114840548e-07,1.4975728581652e-08,0.125,0.125,0.125,0.125,0.125,0.125,0.125,0.015625,0.015625,0.015625,0.015625,0.015625,0.015625,0.015625,0.001953125,0.001953125,0.001953125,0.001953125,0.001953125,0.001953125,0.001953125,0.001953125
0.08,0.10845294032116,0.0063531091268956,0.019367022701166,0.0011934244549682,0.016241272277487,0.00029774434807373,0.0013725736943296,1.1704443330665e-09,1.1704443330665e-09,6.863005542138e-08,6.1594084452794e-07,6.7738834417805e-08,4.9009089065566e-08,1.1264216599905e-06,1.1706091510074e-05,4.3216051777608e-07,3.3284377706413e-06,4.9439286300602e-07,2.3688413579843e-06,2.9112091095684e-08,6.7879943312129e-07,2.1520868061219e-08,0.125,0.125,0.125,0.125,0.125,0.125,0.125,0.015625,0.015625,0.015625,0.015625,0.015625,0.015625,0.015625,0.001953125,0.001953125,0.001953125,0.001953125,0.001953125,0.001953125,0.001953125,0.001953125
0.0825,0.1097452454427,0.0068757767403205,0.020677138143458,0.0013665039496943,0.017385879406789,0.0003432203645806,0.0015675985155034,1.7509831296277e-09,1.7509831296277e-09,9.9004005298239e-08,8.4478453963437e-07,9.7679107163166e-08,6.8573897918938e-08,1.5413344075608e-06,1.4499965159828e-05,5.6588340772643e-07,4.3069589068206e-06,6.6582884833839e-07,3.0724869219965e-06,3.9941810233044e-08,9.1307229399346e-07,3.0516057676441e-08,0.125,0.125,0.125,0.125,0.125,0.125,0.125,0.015625,0.015625,0.015625,0.015625,0.015625,0.015625,0.015625,0.001953125,0.001953125,0.001953125,0.001953125,0.001953125,0.001953125,0.001953125,0.001953125
0.085,0.11094769844895,0.0074134467644898,0.022003503732533,0.0015555343982106,0.018549492023291,0.00039332904227055,0.0017803540237591,2.5830002179006e-09,2.5830002179006e-09,1.4095812958964e-07,1.1450071307658e-06,1.3901574795067e-07,9.4774834867488e-08,2.0840169615909e-06,1.7783689559946e-05,7.329635219639e-07,5.5118065314318e-06,8.8621660628587e-07,3.9417672366973e-06,5.4168250818155e-08,1.2137079013781e-06,4.2725049964835e-08,0.125,0.125,0.125,0.125,0.125,0.125,0.125,0.015625,0.015625,0.015625,0.015625,0.015625,0.015625,0.015625,0.001953125,0.001953125,0.001953125,0.001953125,0.001953125,0.001953125,0.001953125,0.001953125
0.0875,0.11206518380111,0.0079650173247183,0.023343279340588,0.0017609844569132,0.019729735991774,0.00044827388563146,0.0020113874149521,3.7598187473083e-09,3.7598187473083e-09,1.9819702329042e-07,1.5345527133937e-06,1.9538691586013e-07,1.2946222527912e-07,2.7859427848144e-06,2.1608046468486e-05,9.3964104177214e-07,6.9800860013069e-06,1.1664361759762e-06,5.0047928798068e-06,7.265719337775e-08,1.5952453394247e-06,5.9100422049095e-08,0.125,0.125,0.125,0.125,0.125,0.125,0.125,0.015625,0.015625,0.015625,0.015625,0.015625,0.015625,0.015625,0.001953125,0.001953125,0.001953125,0.001953125,0.001953125,0.001953125,0.001953125,0.001953125
0.09,0.11310248184953,0.008529390825301,0.024693752661875,0.0019832640358671,0.020924317583395,0.00050824643079245,0.0022611860532449,5.4035443833376e-09,5.4035443833376e-09,2.7537598619742e-07,2.0347216815248e-06,2.7136166958977e-07,1.748858282324e-07,3.6842556797236e-06,2.6023730025294e-05,1.1928854827898e-06,8.7519357441163e-06,1.5190250577358e-06,6.2922404732889e-06,9.6441820947011e-08,2.0743689668203e-06,8.0816931516253e-08,0.125,0.125,0.125,0.125,0.125,0.125,0.125,0.015625,0.015625,0.015625,0.015625,0.015625,0.015625,0.015625,0.001953125,0.001953125,0.001953125,0.001953125,0.001953125,0.001953125,0.001953125,0.001953125
0.0925,0.11406424971023,0.0091054821796707,0.02605234585453,0.0022227232768902,0.022131030691069,0.00057342544512249,0.0025301755379153,7.6720542336033e-09,7.6720542336033e-09,3.7827928242509e-07,2.6705440669731e-06,3.7261364578638e-07,2.3375284594979e-07,4.82233829462e-06,3.1080650021346e-05,1.5004085792052e-06,1.0870285987789e-05,1.9582789012579e-06,7.837230500734e-06,1.2674338040075e-07,2.6700187187149e-06,1.0930778839779e-07,0.125,0.125,0.125,0.125,0.125,0.125,0.125,0.015625,0.015625,0.015625,0.015625,0.015625,0.015625,0.015625,0.001953125,0.001953125,0.001953125,0.001953125,0.001953125,0.001953125,0.001953125,0.001953125
0.095,0.11495500546689,0.0096922260010675,0.027416620206812,0.0024796521460858,0.023347762496431,0.00064397629299874,0.0028187183590216,1.0767167903842e-08,1.0767167903842e-08,5.1401645972829e-07,3.4711485902506e-06,5.0611208696042e-07,3.0928878549742e-07,6.2503565191806e-06,3.6827234695247e-05,1.8706672776383e-06,1.3380543190503e-05,2.5003327661496e-06,9.6751495086587e-06,1.6499232367445e-07,3.4034710579935e-06,1.4630353729991e-07,0.125,0.125,0.125,0.125,0.125,0.125,0.125,0.015625,0.015625,0.015625,0.015625,0.015625,0.015625,0.015625,0.001953125,0.001953125,0.001953125,0.001953125,0.001953125,0.001953125,0.001953125,0.001953125
0.0975,0.11577911540401,0.010288582785842,0.028784279037185,0.0027542805874778,0.024572497735561,0.00072005046168397,0.0031271131166687,1.4944083882401e-08,1.4944083882401e-08,6.9123551195254e-07,4.4701192478843e-06,6.8032896891089e-07,4.0530036360868e-07,8.0257648636781e-06,4.3309749417916e-05,2.3128563453674e-06,1.6330204203e-05,3.1632191639959e-06,1.1843417915381e-05,2.1284961658158e-07,4.2983857558995e-06,1.9387313472477e-07,0.125,0.125,0.125,0.125,0.125,0.125,0.125,0.015625,0.015625,0.015625,0.015625,0.015625,0.015625,0.015625,0.001953125,0.001953125,0.001953125,0.001953125,0.001953125,0.001953125,0.001953125,0.001953125
0.1,0.11654078399124,0.010893544133459,0.030153169026225,0.0030467791821514,0.025803321702462,0.00080178523912597,0.0034555942740247,2.0522147139169e-08,2.0522147139169e-08,9.2035102039722e-07,5.7058308467278e-06,9.0546034383986e-07,5.2623951674456e-07,1.0213757639236e-05,5.0571646502779e-05,2.8368903411579e-06,1.9768406317092e-05,3.9668994782383e-06,1.4381206186046e-05,2.7222787598175e-07,5.380814339021e-06,2.5446669960735e-07,0.125,0.125,0.125,0.125,0.125,0.125,0.125,0.015625,0.015625,0.015625,0.015625,0.015625,0.015625,0.015625,0.001953125,0.001953125,0.001953125,0.001953125,0.001953125,0.001953125,0.001953125,0.001953125
0.1025,0.11724404635352,0.011506137056607,0.031521280167126,0.0033572602564775,0.027038422121642,0.00088930353381326,0.0038043324104457,2.7896992068186e-08,2.7896992068186e-08,1.2137847458445e-06,7.2217547071814e-06,1.1936593676668e-06,6.7726746836095e-07,1.2887650929855e-05,5.8652959824351e-05,3.4533749432665e-06,2.3745421248023e-05,4.9332658692219e-06,1.7329103567412e-05,3.45311976635e-07,6.6791668593578e-06,3.3095931401035e-07,0.125,0.125,0.125,0.125,0.125,0.125,0.125,0.015625,0.015625,0.015625,0.015625,0.015625,0.015625,0.015625,0.001953125,0.001953125,0.001953125,0.001953125,0.001953125,0.001953125,0.001953125,0.001953125
0.105,0.11789276297466,0.012125427441718,0.032886744510651,0.0036857793833875,0.028276090013972,0.00098271382557353,0.0041734349380723,3.7554078980706e-08,3.7554078980706e-08,1.586215485625e-06,9.0667258075525e-06,1.5592778413247e-06,8.6431771833786e-07,1.6129180978357e-05,6.7589756043834e-05,4.1735678697712e-06,2.8312102699638e-05,6.0861113893359e-06,2.0728744861904e-05,4.3457875788695e-07,8.2241345973718e-06,4.2669515963762e-07,0.125,0.125,0.125,0.125,0.125,0.125,0.125,0.015625,0.015625,0.015625,0.015625,0.015625,0.015625,0.015625,0.001953125,0.001953125,0.001953125,0.001953125,0.001953125,0.001953125,0.001953125,0.001953125
0.1075,0.11849061639553,0.01275052272503,0.034247833869503,0.0040323372220511,0.029514719673017,0.0010821102353533,0.0045629472430498,5.0083612738749e-08,5.0083612738749e-08,2.0548343837071e-06,1.1295162935695e-05,2.0191124899787e-06,1.0941567593366e-06,2.0028705688141e-05,7.741365212964e-05,5.0093298535877e-06,3.3519298422412e-05,7.4510667357817e-06,2.462240181704e-05,5.4281545776831e-07,1.0048567360259e-05,5.4553119795977e-07,0.125,0.125,0.125,0.125,0.125,0.125,0.125,0.015625,0.015625,0.015625,0.015625,0.015625,0.015625,0.015625,0.001953125,0.001953125,0.001953125,0.001953125,0.001953125,0.001953125,0.001953125,0.001953125
0.11,0.11904110968028,0.013380573852184,0.035602956636248,0.0043968816434909,0.030752807862256,0.0011875727015324,0.0049728542110526,6.6196799461801e-08,6.6196799461801e-08,2.6396013108775e-06,1.3967233947374e-05,2.5926516551249e-06,1.3744412942117e-06,2.4685297443928e-05,8.8151406623179e-05,5.9730663418583e-06,3.9417238564896e-05,9.055502831788e-06,2.9052546583631e-05,6.7313650826557e-07,1.2187305151555e-05,6.9187954050047e-07,0.125,0.125,0.125,0.125,0.125,0.125,0.125,0.015625,0.015625,0.015625,0.015625,0.015625,0.015625,0.015625,0.001953125,0.001953125,0.001953125,0.001953125,0.001953125,0.001953125,0.001953125,0.001953125
0.1125,0.11954756643744,0.01401477659058,0.036950653858066,0.0047793100924617,0.031988952336848,0.0012991672501653,0.0054030820960147,8.6743362357991e-08,8.6743362357991e-08,3.3634974401172e-06,1.7148958990906e-05,3.3023176052976e-06,1.7137707291574e-06,3.0206717335449e-05,9.9824589828265e-05,7.0776607715483e-06,4.6054912626075e-05,1.0928399224934e-05,3.4061395334732e-05,8.2899834024315e-07,1.467696512446e-05,8.7074761386654e-07,0.125,0.125,0.125,0.125,0.125,0.125,0.125,0.015625,0.015625,0.015625,0.015625,0.015625,0.015625,0.015625,0.001953125,0.001953125,0.001953125,0.001953125,0.001953125,0.001953125,0.001953125,0.001953125
0.115,0.12001313219526,0.014652372263539,0.038289594700755,0.0051794721391629,0.033221849786849,0.0014169463466495,0.0058535006908278,1.1273020157621e-07,1.1273020157621e-07,4.252768750725e-06,2.091224552427e-05,4.1736993024505e-06,2.1217337495292e-06,3.6709263072775e-05,0.0001124493358778,8.3364004261565e-06,5.3479447442404e-05,1.3100179097029e-05,3.9690440528131e-05,1.0142118693176e-06,1.7555685851242e-05,1.0877752034228e-06,0.125,0.125,0.125,0.125,0.125,0.125,0.125,0.015625,0.015625,0.015625,0.015625,0.015625,0.015625,0.015625,0.001953125,0.001953125,0.001953125,0.001953125,0.001953125,0.001953125,0.001953125,0.001953125
0.1175,0.12044077694393,0.015292647973978,0.039618571423583,0.0055971721778876,0.034450293292083,0.0015409493166706,0.0063239257591818,1.4534104659709e-07,1.4534104659709e-07,5.3371549220566e-06,2.5334850097043e-05,5.2357702107294e-06,2.6089478486468e-06,4.431748534466e-05,0.00012603617752306,9.7628959998393e-06,6.1735498406566e-05,1.5602512467733e-05,4.5979980439207e-05,1.2329523642107e-06,2.0862832007847e-05,1.3492674613845e-06,0.125,0.125,0.125,0.125,0.125,0.125,0.125,0.015625,0.015625,0.015625,0.015625,0.015625,0.015625,0.015625,0.001953125,0.001953125,0.001953125,0.001953125,0.001953125,0.001953125,0.001953125,0.001953125
0.12,0.12083329867032,0.015934936382955,0.040936493975851,0.0060321722334243,0.035673169372055,0.0016712028247936,0.0068141216886394,1.8595691418618e-07,1.8595691418618e-07,6.650097938576e-06,3.0500263162886e-05,6.5210856162569e-06,3.1870907726782e-06,5.3163770018119e-05,0.0001405899625546,1.1370996083734e-05,7.0864665545029e-05,1.8468089919409e-05,5.2968654497857e-05,1.4897664358458e-06,2.4638663553098e-05,1.6622229900221e-06,0.125,0.125,0.125,0.125,0.125,0.125,0.125,0.015625,0.015625,0.015625,0.015625,0.015625,0.015625,0.015625,0.001953125,0.001953125,0.001953125,0.001953125,0.001953125,0.001953125,0.001953125,0.001953125
0.1225,0.12119332772396,0.016578615105389,0.04224238431545,0.0064841948397898,0.036889454707637,0.0018077213997458,0.0073238043263584,2.3617715144528e-07,2.3617715144528e-07,8.2289247324342e-06,3.6497514592344e-05,8.0659539501771e-06,3.8689229642979e-06,6.3387786330013e-05,0.00015610984904079,1.3174697844777e-05,8.0904945217935e-05,2.1730369851788e-05,6.0692992650365e-05,1.7895759276493e-06,2.89239743467e-05,2.0343561583723e-06,0.125,0.125,0.125,0.125,0.125,0.125,0.125,0.015625,0.015625,0.015625,0.015625,0.015625,0.015625,0.015625,0.001953125,0.001953125,0.001953125,0.001953125,0.001953125,0.001953125,0.001953125,0.001953125
0.125,0.1215233318663,0.01722310578159,0.043535370539356,0.0069529259596188,0.03809821260453,0.0019505079962083,0.0078526439605516,2.9784081311073e-07,2.9784081311073e-07,1.0114998343303e-05,4.3420899031482e-05,9.9105767771866e-06,4.6683002307201e-06,7.5135803999847e-05,0.00017258937508891,1.5188055190871e-05,9.1890227094577e-05,2.5423302873213e-05,6.9186986457943e-05,2.1376785340107e-06,3.3759705876221e-05,2.4741128802775e-06,0.125,0.125,0.125,0.125,0.125,0.125,0.125,0.015625,0.015625,0.015625,0.015625,0.015625,0.015625,0.015625,0.001953125,0.001953125,0.001953125,0.001953125,0.001953125,0.001953125,0.001953125,0.001953125
0.1275,0.12182562186792,0.017867872879187,0.044814680905998,0.007438017916171,0.039298589261996,0.0020995545837753,0.0084002684127175,3.7304809598271e-07,3.7304809598271e-07,1.2353832377909e-05,5.1369621759097e-05,1.2099152427713e-05,5.6001760238047e-06,8.8559884918798e-05,0.00019001659760998,1.7425085709828e-05,0.0001038498447519,2.9581037435637e-05,7.848168896635e-05,2.5397450234045e-06,3.9186542332867e-05,2.9906791710363e-06,0.125,0.125,0.125,0.125,0.125,0.125,0.125,0.015625,0.015625,0.015625,0.015625,0.015625,0.015625,0.015625,0.001953125,0.001953125,0.001953125,0.001953125,0.001953125,0.001953125,0.001953125,0.001953125
0.13,0.12210235753138,0.018512422275706,0.046079637819778,0.0079390923134012,0.040489809903923,0.0022548427546204,0.008966266207831,4.6418153213616e-07,4.6418153213616e-07,1.4995163998747e-05,6.0447367194199e-05,1.4679938708399e-05,6.6805928965781e-06,0.00010381695766898,0.00020837429360701,1.9899677635713e-05,0.00011680818679558,3.4237611212223e-05,8.8604849566634e-05,3.0018129940316e-06,4.5244493677882e-05,3.5939819070732e-06,0.125,0.125,0.125,0.125,0.125,0.125,0.125,0.015625,0.015625,0.015625,0.015625,0.015625,0.015625,0.015625,0.001953125,0.001953125,0.001953125,0.001953125,0.001953125,0.001953125,0.001953125,0.001953125
0.1325,0.12235555402948,0.019156299667598,0.047329651838886,0.0084557429228244,0.041671174823098,0.0024163443423004,0.009550189791988,5.7392662712677e-07,5.7392662712677e-07,1.8092981253161e-05,7.0761793657748e-05,1.7705270712462e-05,7.9266628867779e-06,0.00012106778553131,0.00022764021680216,2.2625498038273e-05,0.00013078437386647,3.9426632992525e-05,9.9580589148353e-05,3.5302771417518e-06,5.1972473570738e-05,4.294681335021e-06,0.125,0.125,0.125,0.125,0.125,0.125,0.125,0.015625,0.015625,0.015625,0.015625,0.015625,0.015625,0.015625,0.001953125,0.001953125,0.001953125,0.001953125,0.001953125,0.001953125,0.001953125,0.001953125
0.135,0.12258708846089,0.01979908884703,0.048564215758851,0.0089875385189658,0.042842055383613,0.0025840220450103,0.010151558769397,7.0529162035451e-07,7.0529162035451e-07,2.1705501256126e-05,8.2423959362862e-05,2.1231530454464e-05,9.3565367688651e-06,0.00014047584079079,0.00024778740195961,2.5615903352705e-05,0.00014579200531991,4.5180960028021e-05,0.00011142911985668,4.1318760713766e-06,5.9407879087639e-05,5.104155010203e-06,0.125,0.125,0.125,0.125,0.125,0.125,0.125,0.015625,0.015625,0.015625,0.015625,0.015625,0.015625,0.015625,0.001953125,0.001953125,0.001953125,0.001953125,0.001953125,0.001953125,0.001953125,0.001953125
0.1375,0.12279870653617,0.020440409883294,0.049782898816233,0.0095340256480065,0.044001890020684,0.0027578300474557,0.010769863133061,8.6162604248026e-07,8.6162604248026e-07,2.5895096544873e-05,9.5547685864117e-05,2.5319065854807e-05,1.0989362306378e-05,0.00016220609999563,0.00026878450902798,2.8883853271701e-05,0.00016183897780016,5.153237580127e-05,0.0001241665127355,4.8136757319648e-06,6.7586179050567e-05,6.0344729862278e-06,0.125,0.125,0.125,0.125,0.125,0.125,0.125,0.015625,0.015625,0.015625,0.015625,0.015625,0.015625,0.015625,0.001953125,0.001953125,0.001953125,0.001953125,0.001953125,0.001953125,0.001953125,0.001953125
0.14,0.12299202931848,0.021079917241425,0.050985341049289,0.0100947313168,0.045150180271814,0.0029377146363246,0.01140456646596,1.0466377494994e-06,1.0466377494994e-06,3.0728167809763e-05,0.00011024886631184,3.0032057476953e-05,1.2845231821764e-05,0.00018642377633231,0.00029059619919772,3.2441828913594e-05,0.00017892737641685,5.8511273119695e-05,0.0001378045155002,5.5830496036373e-06,7.6540517523901e-05,7.0983642236477e-06,0.125,0.125,0.125,0.125,0.125,0.125,0.125,0.015625,0.015625,0.015625,0.015625,0.015625,0.015625,0.015625,0.001953125,0.001953125,0.001953125,0.001953125,0.001953125,0.001953125,0.001953125,0.001953125
0.1425,0.12316855995295,0.021717297866475,0.052171247845631,0.010669165591755,0.04628648686825,0.0031236148051053,0.012055109091961,1.2644081247435e-06,1.2644081247435e-06,3.6274962150368e-05,0.00012664472680932,3.5438332351587e-05,1.4945119576534e-05,0.00021329300641654,0.00031318353511771,3.630175606303e-05,0.0001970534378039,6.6146347257429e-05,0.00015235042166368,6.4476558067426e-06,8.6301338632594e-05,8.3091743327397e-06,0.125,0.125,0.125,0.125,0.125,0.125,0.125,0.015625,0.015625,0.015625,0.015625,0.015625,0.015625,0.015625,0.001953125,0.001953125,0.001953125,0.001953125,0.001953125,0.001953125,0.001953125,0.001953125
0.145,0.12332969032854,0.022352269258019,0.053340384700566,0.011256824099158,0.047410425911079,0.0033154628447024,0.012720911158088,1.5194051584861e-06,1.5194051584861e-06,4.2609336983708e-05,0.00014485304994287,4.1609125182241e-05,1.7310809616866e-05,0.00024297550955472,0.00033650439781571,4.0474934157661e-05,0.0002162075830308,7.4464303595986e-05,0.00016780699126129,7.415411343256e-06,9.6896038330861e-05,9.6808149099368e-06,0.125,0.125,0.125,0.125,0.125,0.125,0.125,0.015625,0.015625,0.015625,0.015625,0.015625,0.015625,0.015625,0.001953125,0.001953125,0.001953125,0.001953125,0.001953125,0.001953125,0.001953125,0.001953125
0.1475,0.12347670762473,0.022984577555835,0.05449257220421,0.011857190420337,0.048521665152035,0.0035131849169543,0.013401375632079,1.8164941395547e-06,1.8164941395547e-06,4.9808470717855e-05,0.00016499137013534,4.8618788191442e-05,1.9964814885254e-05,0.00027562923789699,0.00036051391329011,4.4971971569121e-05,0.00023637451716699,8.3489583858625e-05,0.00018417242250518,8.4944637145241e-06,0.00010834864812369,1.1227704865945e-05,0.125,0.125,0.125,0.125,0.125,0.125,0.125,0.015625,0.015625,0.015625,0.015625,0.015625,0.015625,0.015625,0.001953125,0.001953125,0.001953125,0.001953125,0.001953125,0.001953125,0.001953125,0.001953125
0.15,0.12361080070364,0.02361399565435,0.055627681270408,0.012469738376724,0.049619920395263,0.0037167016087356,0.014095891201376,2.1609457238173e-06,2.1609457238173e-06,5.7952522273637e-05,0.0001871761508574,5.654445181059e-05,2.2930288524909e-05,0.00031140703589038,0.00038516488226072,4.9802727601974e-05,0.00025753339128737,9.3244114607787e-05,0.00020144037286281,9.6931601884761e-06,0.00012067955503681,1.2964704273119e-05,0.125,0.125,0.125,0.125,0.125,0.125,0.125,0.015625,0.015625,0.015625,0.015625,0.015625,0.015625,0.015625,0.001953125,0.001953125,0.001953125,0.001953125,0.001953125,0.001953125,0.001953125,0.001953125
0.1525,0.12373306631525,0.024240321360407,0.056745628616057,0.013093934201257,0.050704952032751,0.003925928464857,0.014803835061792,2.5584411798719e-06,2.5584411798719e-06,6.7124242466172e-05,0.00021152195391717,6.5465639317403e-05,2.6230928408175e-05,0.00035045532706227,0.0004104082071566,5.4976261513031e-05,0.00027965802186157,0.00010374708119408,0.0002196000273104,1.1020015012956e-05,0.00013390526136621,1.4907041377611e-05,0.125,0.125,0.125,0.125,0.125,0.125,0.125,0.015625,0.015625,0.015625,0.015625,0.015625,0.015625,0.015625,0.001953125,0.001953125,0.001953125,0.001953125,0.001953125,0.001953125,0.001953125,0.001953125
0.155,0.12384451509021,0.024863375606094,0.057846372495535,0.013729238593822,0.051776561723066,0.0041407764984318,0.015524575586117,3.0150746518682e-06,3.0150746518682e-06,7.7408541124388e-05,0.00023814061104186,7.5463839360435e-05,2.9890876002138e-05,0.00039291284544857,0.00043619331105745,6.0500788737648e-05,0.00030271716179631,0.00011501472982381,0.00023863621086871,1.2483674889782e-05,0.00014803818693821,1.7070233525911e-05,0.125,0.125,0.125,0.125,0.125,0.125,0.125,0.015625,0.015625,0.015625,0.015625,0.015625,0.015625,0.015625,0.001953125,0.001953125,0.001953125,0.001953125,0.001953125,0.001953125,0.001953125,0.001953125
0.1575,0.12394607730043,0.025483000725944,0.058929908691612,0.014375108659513,0.052834589220226,0.0043611526777894,0.016257474864756,3.5373523221813e-06,3.5373523221813e-06,8.8892014611082e-05,0.00026714040777421,8.662204106202e-05,3.393461074303e-05,0.00043890942795646,0.00046246854396916,6.6383644401037e-05,0.00032667481689735,0.00012706019986444,0.00025852954199124,1.4092883036535e-05,0.00016308651579614,1.9470002843979e-05,0.125,0.125,0.125,0.125,0.125,0.125,0.125,0.015625,0.015625,0.015625,0.015625,0.015625,0.015625,0.015625,0.001953125,0.001953125,0.001953125,0.001953125,0.001953125,0.001953125,0.001953125,0.001953125
0.16,0.12403860837304,0.026099058805576,0.059996266761327,0.015030999729391,0.053878909357135,0.0045869603893632,0.017001891112268,4.132188401626e-06,4.132188401626e-06,0.00010166243909165,0.00029862528934379,9.9024237043123e-05,3.8386841126088e-05,0.00048856488265858,0.00048918157248637,7.2631254092744e-05,0.0003514906011812,0.00013989338794762,0.00027925662294517,1.585644217005e-05,0.00017905408842029,2.2122187578848e-05,0.125,0.125,0.125,0.125,0.125,0.125,0.125,0.015625,0.015625,0.015625,0.015625,0.015625,0.015625,0.015625,0.001953125,0.001953125,0.001953125,0.001953125,0.001953125,0.001953125,0.001953125,0.001953125
0.1625,0.12412289414781,0.026711430106932,0.061045506532959,0.015696367064221,0.054909429185871,0.0048180998762818,0.017757180935255,4.8068979210146e-06,4.8068979210146e-06,0.00011580823547308,0.00033269409765545,0.00011275490025334,4.3272393729733e-05,0.00054198794649425,0.00051627974955842,7.924911179223e-05,0.00037712012428657,0.00015352084487114,0.00030079026300245,1.7783176747406e-05,0.00019594033980167,2.504265006675e-05,0.125,0.125,0.125,0.125,0.125,0.125,0.125,0.015625,0.015625,0.015625,0.015625,0.015625,0.015625,0.015625,0.001953125,0.001953125,0.001953125,0.001953125,0.001953125,0.001953125,0.001953125,0.001953125
0.165,0.12419965587207,0.027320011573561,0.062077714848205,0.016370667442342,0.055926085275335,0.0050544686526497,0.018522701458554,5.5691863440903e-06,5.5691863440903e-06,0.00013141791238642,0.00036943984788141,0.00012789844090751,4.8616101383399e-05,0.00059927534414889,0.00054371046171735,8.624176475359e-05,0.00040351540420088,0.00016794570575532,0.00032309973003866,1.9881894797158e-05,0.00021374028294274,2.82471823279e-05,0.125,0.125,0.125,0.125,0.125,0.125,0.125,0.015625,0.015625,0.015625,0.015625,0.015625,0.015625,0.015625,0.001953125,0.001953125,0.001953125,0.001953125,0.001953125,0.001953125,0.001953125,0.001953125
0.1675,0.12426955493077,0.027924715417969,0.063093002542105,0.017053360633388,0.05692884116519,0.0052959618937125,0.019297812308013,6.4271360672227e-06,6.4271360672227e-06,0.00014857949390877,0.00040894905237183,0.00014453865012152,5.4442691658596e-05,0.00066051095804083,0.00057142145173667,9.3612805088225e-05,0.00043062529861268,0.00018316765338788,0.00034615102601498,2.2161349666103e-05,0.00023244453666408,3.1751410306507e-05,0.125,0.125,0.125,0.125,0.125,0.125,0.125,0.015625,0.015625,0.015625,0.015625,0.015625,0.015625,0.015625,0.001953125,0.001953125,0.001953125,0.001953125,0.001953125,0.001953125,0.001953125,0.001953125
0.17,0.12433319731212,0.028525467791802,0.064091501651987,0.017743910760068,0.057917684973747,0.0055424728022822,0.020081877449372,7.3891899147824e-06,7.3891899147824e-06,0.00016737993891344,0.00045130109873068,0.00016275813700172,6.0776676814689e-05,0.00072576511741078,0.00059936111525947,0.00010136486772582,0.00045839594841128,0.00019918291420229,0.00036990718178645,2.4630201995434e-05,0.00025203939596461,3.5570697775556e-05,0.125,0.125,0.125,0.125,0.125,0.125,0.125,0.015625,0.015625,0.015625,0.015625,0.015625,0.015625,0.015625,0.001953125,0.001953125,0.001953125,0.001953125,0.001953125,0.001953125,0.001953125,0.001953125
0.1725,0.12439113781165,0.029122207538591,0.065073362845739,0.018441787550613,0.058892627156398,0.0057938929519364,0.020874266883861,8.4641317799921e-06,8.4641317799921e-06,0.00018790455899791,0.00049656768796315,0.00018263776597633,6.7642246266697e-05,0.00079509401252806,0.00062747877045773,0.00010949963438602,0.00048677122716389,0.0002159842858856,0.00039432856672907,2.729698222516e-05,0.00027250694262372,3.9720050910572e-05,0.125,0.125,0.125,0.125,0.125,0.125,0.125,0.015625,0.015625,0.015625,0.015625,0.015625,0.015625,0.015625,0.001953125,0.001953125,0.001953125,0.001953125,0.001953125,0.001953125,0.001953125,0.001953125
0.175,0.12444388397991,0.029714885027948,0.066038753059041,0.019146467484832,0.059853698410315,0.0060501126076221,0.021674358202111,9.6610645985061e-06,9.6610645985061e-06,0.0002102364418747,0.00054481233760826,0.00020425610106726,7.5063162564344e-05,0.00086853923804101,0.00065572490025827,0.00011801784315539,0.00051569319079018,0.00023356119520948,0.00041937320880023,3.0170053907797e-05,0.00029382519325226,4.4214024505913e-05,0.125,0.125,0.125,0.125,0.125,0.125,0.125,0.015625,0.015625,0.015625,0.015625,0.015625,0.015625,0.015625,0.001953125,0.001953125,0.001953125,0.001953125,0.001953125,0.001953125,0.001953125,0.001953125
0.1775,0.12449189982016,0.030303461069366,0.066987853330714,0.01985743483701,0.060800947720462,0.0063110210243821,0.022481537998833,1.0989385875387e-05,1.0989385875387e-05,0.000234455886925,0.00059608995374862,0.00022768886359446,8.3062661782313e-05,0.00094612746754603,0.00068405136709196,0.00012691930323628,0.00054510252210876,0.00025189978432549,0.00044499712083013,3.3257578091927e-05,0.00031596828159887,4.9066630762718e-05,0.125,0.125,0.125,0.125,0.125,0.125,0.125,0.015625,0.015625,0.015625,0.015625,0.015625,0.015625,0.015625,0.001953125,0.001953125,0.001953125,0.001953125,0.001953125,0.001953125,0.001953125,0.001953125
0.18,0.12453560924425,0.030887905903241,0.067920856825094,0.020574182619107,0.061734440541463,0.0065765067249881,0.023295203151484,1.2458761015006e-05,1.2458761015006e-05,0.00026063985931879,0.00065044647475729,0.00025300840949133,9.1663359123502e-05,0.0010278702595661,0.00071241160049076,0.00013620291441478,0.00057493896543231,0.00027098302346661,0.00047115462907845,3.6567479013928e-05,0.0003389066716001,5.4291251520933e-05,0.125,0.125,0.125,0.125,0.125,0.125,0.125,0.015625,0.015625,0.015625,0.015625,0.015625,0.015625,0.015625,0.001953125,0.001953125,0.001953125,0.001953125,0.001953125,0.001953125,0.001953125,0.001953125
0.1825,0.12457539929552,0.0314681982663,0.068837967030223,0.021296213427894,0.062654257109472,0.0068464577573127,0.024114761966791,1.4079094727329e-05,1.4079094727329e-05,0.00028886146870987,0.00070791858862041,0.00028028323200037,0.00010088716043264,0.0011137639933455,0.00074076075817337,0.00014586669078404,0.00060514174692359,0.00029079084775185,0.00049779870036773,4.010741131241e-05,0.00036260739742701,5.9900554740734e-05,0.125,0.125,0.125,0.125,0.125,0.125,0.125,0.015625,0.015625,0.015625,0.015625,0.015625,0.015625,0.015625,0.001953125,0.001953125,0.001953125,0.001953125,0.001953125,0.001953125,0.001953125,0.001953125
0.185,0.12461162314851,0.032044324528273,0.069739396120733,0.022023040199832,0.063560490877933,0.007120761932305,0.024939635199552,1.5860500802795e-05,1.5860500802795e-05,0.00031918947803104,0.000768533524679,0.00030957749502625,0.00011075518020934,0.0012037899312093,0.00076905586152553,0.00015590778825587,0.00063564997697851,0.00031130031560025,0.0005248812644154,4.3884728955157e-05,0.00038703432662371,6.5906415962896e-05,0.125,0.125,0.125,0.125,0.125,0.125,0.125,0.015625,0.015625,0.015625,0.015625,0.015625,0.015625,0.015625,0.001953125,0.001953125,0.001953125,0.001953125,0.001953125,0.001953125,0.001953125,0.001953125
0.1875,0.12464460289575,0.032616277896432,0.07062536347443,0.022754186877592,0.064453247071001,0.0073993070434532,0.025769256948591,1.7813270561461e-05,1.7813270561461e-05,0.00035168784735939,0.0008323089196814,0.00034095060186218,0.00012128766659952,0.0012979144027267,0.00079725590659846,0.00016632253539591,0.0006664030314628,0.00033248578612294,0.00055235352831976,4.7906456043156e-05,0.00041214844235194,7.2319845395106e-05,0.125,0.125,0.125,0.125,0.125,0.125,0.125,0.015625,0.015625,0.015625,0.015625,0.015625,0.015625,0.015625,0.001953125,0.001953125,0.001953125,0.001953125,0.001953125,0.001953125,0.001953125,0.001953125
0.19,0.12467463213228,0.033184057684473,0.071496094331863,0.02348918899222,0.065332641348279,0.0076819810686233,0.026603075435144,1.9947840290245e-05,1.9947840290245e-05,0.00038641531720707,0.00089925275714093,0.00037445680339065,0.00013250393373491,0.0013960891045705,0.00082532195192106,0.0001771064671268,0.0006973409091835,0.00035431911277517,0.00058016628050276,5.2179259630906e-05,0.00043790814074477,7.9150921183776e-05,0.125,0.125,0.125,0.125,0.125,0.125,0.125,0.015625,0.015625,0.015625,0.015625,0.015625,0.015625,0.015625,0.001953125,0.001953125,0.001953125,0.001953125,0.001953125,0.001953125,0.001953125,0.001953125
0.1925,0.12470197834846,0.033747668642108,0.072351818588498,0.024227594164995,0.066198798574582,0.0079686723551654,0.027440553669222,2.2274757985123e-05,2.2274757985123e-05,0.00042342503493551,0.00096936337816422,0.0004101448492045,0.00014442230168271,0.0014982515087935,0.0008532171845524,0.00018825436085668,0.00072840456351703,0.00037676985051183,0.00060827018176727,5.6709424677104e-05,0.00046426953942475,8.6408729340273e-05,0.125,0.125,0.125,0.125,0.125,0.125,0.125,0.015625,0.015625,0.015625,0.015625,0.015625,0.015625,0.015625,0.001953125,0.001953125,0.001953125,0.001953125,0.001953125,0.001953125,0.001953125,0.001953125
0.195,0.1247268851422,0.034307120341744,0.0731927697095,0.024968962533082,0.067051851688505,0.0082592697891665,0.028281170009733,2.4804649713154e-05,2.4804649713154e-05,0.0004627642273045,0.0010426295611614,0.00044805768441479,0.00015706004416465,0.0016043253712595,0.00088090696589435,0.00019976027460816,0.00075953620663242,0.000399805473695,0.00063661604148114,6.1502831215276e-05,0.00049118679335213,9.4101310698416e-05,0.125,0.125,0.125,0.125,0.125,0.125,0.125,0.015625,0.015625,0.015625,0.015625,0.015625,0.015625,0.015625,0.001953125,0.001953125,0.001953125,0.001953125,0.001953125,0.001953125,0.001953125,0.001953125
0.1975,0.12474957426097,0.034862426618611,0.074019183757582,0.025712867103078,0.067891940663663,0.0085536629497151,0.029124418624308,2.7548185902637e-05,2.7548185902637e-05,0.00050447392146697,0.0011190306671787,0.00048823219422172,0.00017043334410672,0.0017142213311595,0.00090835885884338,0.00021161758674321,0.00079067958523647,0.0004233916020484,0.00066515507724826,6.6564933810242e-05,0.00051861241432879,0.00010223561518821,0.125,0.125,0.125,0.125,0.125,0.125,0.125,0.015625,0.015625,0.015625,0.015625,0.015625,0.015625,0.015625,0.001953125,0.001953125,0.001953125,0.001953125,0.001953125,0.001953125,0.001953125,0.001953125
0.2,0.1247702474843,0.035413605060795,0.074831298524828,0.026458894036551,0.068719211556694,0.0088517422490258,0.029969809854852,3.0516047858836e-05,3.0516047858836e-05,0.00054858871601877,0.0011985368470096,0.00053069899763672,0.00018455725698942,0.0018278375919336,0.0009355426378902,0.00022381903690278,0.00082178022722011,0.00044749223203438,0.00069383915676446,7.190074334372e-05,0.00054649759068538,0.00011081746362032,0.125,0.125,0.125,0.125,0.125,0.125,0.125,0.015625,0.015625,0.015625,0.015625,0.015625,0.015625,0.015625,0.001953125,0.001953125,0.001953125,0.001953125,0.001953125,0.001953125,0.001953125,0.001953125
0.2025,0.12478908835701,0.035960676545698,0.075629352759895,0.027206642871662,0.069533815636252,0.0091533990592445,0.030816870494897,3.3718894788061e-05,3.3718894788061e-05,0.00059513660302335,0.0012811093057476,0.00057548229107086,0.00019944568188491,0.0019450606734794,0.00096243028377988,0.0002363567678048,0.00085278565900051,0.00047206997114139,0.0007226210208769,7.751481115107e-05,0.00057479250391716,0.00011985151708842,0.125,0.125,0.125,0.125,0.125,0.125,0.125,0.015625,0.015625,0.015625,0.015625,0.015625,0.015625,0.015625,0.001953125,0.001953125,0.001953125,0.001953125,0.001953125,0.001953125,0.001953125,0.001953125
0.205,0.124806263783,0.036503664819567,0.076413585482501,0.027955726684902,0.070335908587493,0.0094585258267334,0.031665143984826,3.7167331594863e-05,3.7167331594863e-05,0.0006441388412649,0.0013667006200373,0.00062259974185723,0.00021511133999162,0.0020657662252688,0.00098899596432613,0.00024922236757058,0.00088364559372702,0.00049708627270845,0.0007514544871682,8.3411215511322e-05,0.00060344663929798,0.00012934125401286,0.125,0.125,0.125,0.125,0.125,0.125,0.125,0.015625,0.015625,0.015625,0.015625,0.015625,0.015625,0.015625,0.001953125,0.001953125,0.001953125,0.001953125,0.001953125,0.001953125,0.001953125,0.001953125
0.2075,0.12482192548917,0.037042596116885,0.077184235377579,0.028705772196937,0.071125649786741,0.0097670161746042,0.032514190530955,4.0871877696336e-05,4.0871877696336e-05,0.00069560988035064,0.0014552551029715,0.0006720624311625,0.0002315657604099,0.0021898198898941,0.0010152160029368,0.00026240691227643,0.00091431209085062,0.00052250166907228,0.00078029463366717,8.95935504743e-05,0.00063240908778761,0.00013928895477053,0.125,0.125,0.125,0.125,0.125,0.125,0.125,0.015625,0.015625,0.015625,0.015625,0.015625,0.015625,0.015625,0.001953125,0.001953125,0.001953125,0.001953125,0.001953125,0.001953125,0.001953125,0.001953125
0.21,0.12483621136873,0.037577498816526,0.077941540262014,0.029456419826471,0.071903201641324,0.010078764994241,0.033363587154402,4.4842937074378e-05,4.4842937074378e-05,0.00074955733469179,0.00154670921135,0.00072387484517441,0.00024881927284425,0.0023170782066191,0.0010410688363553,0.00027590100845472,0.00094473968784563,0.00054827600099941,0.00080909796254495,9.606491699197e-05,0.00066162883684588,0.00014969569378287,0.125,0.125,0.125,0.125,0.125,0.125,0.125,0.015625,0.015625,0.015625,0.015625,0.015625,0.015625,0.015625,0.001953125,0.001953125,0.001953125,0.001953125,0.001953125,0.001953125,0.001953125,0.001953125
0.2125,0.12484924671241,0.03810840313178,0.078685736617326,0.030207323695978,0.072668728989775,0.010393668526519,0.034212927675524,4.9090769761977e-05,4.9090769761977e-05,0.00080598200585049,0.0016409919898757,0.00077803491293253,0.00026688100686843,0.0024473895446989,0.0010665349630568,0.00028969483529544,0.00097488550511925,0.00057436864155426,0.0008378225438874,0.00010282791630608,0.00069105504807357,0.00016056133886713,0.125,0.125,0.125,0.125,0.125,0.125,0.125,0.015625,0.015625,0.015625,0.015625,0.015625,0.015625,0.015625,0.001953125,0.001953125,0.001953125,0.001953125,0.001953125,0.001953125,0.001953125,0.001953125
0.215,0.12486114533609,0.038635340831461,0.079417059182148,0.030958151593042,0.073422398557895,0.010711624433412,0.035061822639552,5.3625464933525e-05,5.3625464933525e-05,0.00086487795125208,0.0017380255467996,0.00083453408870599,0.00028575889734954,0.002580595056547,0.0010915968836668,0.00030377818632597,0.00100470932535,0.00060073871275065,0.0008664281398416,0.00010988464553082,0.00072063731990748,0.00017188455759627,0.125,0.125,0.125,0.125,0.125,0.125,0.125,0.015625,0.015625,0.015625,0.015625,0.015625,0.015625,0.015625,0.001953125,0.001953125,0.001953125,0.001953125,0.001953125,0.001953125,0.001953125,0.001953125
0.2175,0.12487201061235,0.039158344989524,0.080135740598819,0.031708584890957,0.074164378466402,0.011032531860612,0.035909899188859,5.8456915742376e-05,5.8456915742376e-05,0.00092623259683281,0.001837725555533,0.00089335747641631,0.0003054596955951,0.0027165296412472,0.0011162390346849,0.00031814051037249,0.0010341736486634,0.00062734529353563,0.00089487630961515,0.00011723669535756,0.00075032593390209,0.00018366283035965,0.125,0.125,0.125,0.125,0.125,0.125,0.125,0.015625,0.015625,0.015625,0.015625,0.015625,0.015625,0.015625,0.001953125,0.001953125,0.001953125,0.001953125,0.001953125,0.001953125,0.001953125,0.001953125
0.22,0.1248819364137,0.039677449760735,0.080842011108823,0.032458318432114,0.074894837786165,0.011356291491814,0.036756800887128,6.359479602194e-05,6.359479602194e-05,0.00099002689082406,0.0019400017768216,0.00095448399325883,0.00032598898576405,0.0028550229094199,0.0011404477167136,0.00033277095163123,0.0010632437251816,0.0006541476178563,0.00092313049596286,0.00012488514979865,0.00078007208342664,0.00019589246977102,0.125,0.125,0.125,0.125,0.125,0.125,0.125,0.015625,0.015625,0.015625,0.015625,0.015625,0.015625,0.015625,0.001953125,0.001953125,0.001953125,0.001953125,0.001953125,0.001953125,0.001953125,0.001953125
0.2225,0.12489100797398,0.040192690180141,0.081536098292232,0.033207060377598,0.075613946137263,0.011682805595226,0.037602187500433,6.9048538939754e-05,6.9048538939754e-05,0.0010562354955683,0.0020447585962137,0.001017886569393,0.00034735120606618,0.0029959001410408,0.0011642110183025,0.00034765838870122,0.0010918875665806,0.00068110526176,0.00095115609392713,0.00013283058787864,0.00080982808389203,0.0002085686460316,0.125,0.125,0.125,0.125,0.125,0.125,0.125,0.015625,0.015625,0.015625,0.015625,0.015625,0.015625,0.015625,0.001953125,0.001953125,0.001953125,0.001953125,0.001953125,0.001953125,0.001953125,0.001953125
0.225,0.12489930267481,0.040704101984205,0.082218226846708,0.033954532026274,0.076321873328351,0.012011978062879,0.038445734740032,7.4827317667881e-05,7.4827317667881e-05,0.001124827014017,0.0021518955717396,0.0010835323803498,0.00036954967426651,0.0031389832284547,0.0011875187364278,0.00036279147245248,0.0011200759383506,0.00070817831867321,0.00097892050270583,0.00014107308717469,0.0008395475638925,0.00022168541782432,0.125,0.125,0.125,0.125,0.125,0.125,0.125,0.015625,0.015625,0.015625,0.015625,0.015625,0.015625,0.015625,0.001953125,0.001953125,0.001953125,0.001953125,0.001953125,0.001953125,0.001953125,0.001953125
0.2275,0.12490689076282,0.041211721451643,0.08288861840199,0.034700467606535,0.077018789033051,0.012343714443261,0.039287133971429,8.094002810774e-05,8.094002810774e-05,0.0011957642473783,0.002261307986956,0.0011513831086423,0.00039258661700846,0.0032840915975222,0.0012103622945373,0.00037815866262438,0.0011477823344911,0.00073532756219175,0.0010063931616077,0.00014961222910194,0.00086918563690034,0.0002352357682908,0.125,0.125,0.125,0.125,0.125,0.125,0.125,0.015625,0.015625,0.015625,0.015625,0.015625,0.015625,0.015625,0.001953125,0.001953125,0.001953125,0.001953125,0.001953125,0.001953125,0.001953125,0.001953125
0.23,0.12491383600354,0.041715585262157,0.083547491366123,0.035444614043706,0.077704862500318,0.012677921967786,0.040126091894016,8.7395273683617e-05,8.7395273683617e-05,0.0012690044802555,0.0023728874047805,0.0012213952309611,0.00041646320247385,0.0034310431005586,0.0012327346590052,0.00039374826306807,0.0011749829363816,0.00076251459589375,0.00103354557112,0.00015844710583566,0.00089869905338679,0.00024921164562419,0.125,0.125,0.125,0.125,0.125,0.125,0.125,0.015625,0.015625,0.015625,0.015625,0.015625,0.015625,0.015625,0.001953125,0.001953125,0.001953125,0.001953125,0.001953125,0.001953125,0.001953125,0.001953125
0.2325,0.12492019627705,0.04221573037137,0.084195060800041,0.036186730706002,0.078380262295924,0.013014509571562,0.040962330195348,9.420135219668e-05,9.420135219668e-05,0.0013444997895524,0.0024865222178465,0.0012935203272832,0.00044117957590673,0.0035796548754657,0.0012546302547515,0.00040954845556487,0.0012016565575561,0.00078970198985415,0.0010603513001594,0.00016757632875911,0.00092804633345548,0.00026360400779927,0.125,0.125,0.125,0.125,0.125,0.125,0.125,0.015625,0.015625,0.015625,0.015625,0.015625,0.015625,0.015625,0.001953125,0.001953125,0.001953125,0.001953125,0.001953125,0.001953125,0.001953125,0.001953125
0.235,0.12492602412035,0.042712193900416,0.084831538317401,0.036926589131774,0.079045156072445,0.013353387908917,0.041795585183856,0.00010136624471075,0.00010136624471075,0.0014221973734002,0.0026020981914335,0.0013677054082267,0.00046673489754167,0.0037297441662037,0.0012760448807015,0.00042554733216859,0.0012277845760758,0.00081685340369555,0.0010867859806065,0.00017699803832395,0.00095718788026794,0.00027840287095502,0.125,0.125,0.125,0.125,0.125,0.125,0.125,0.015625,0.015625,0.015625,0.015625,0.015625,0.015625,0.015625,0.001953125,0.001953125,0.001953125,0.001953125,0.001953125,0.001953125,0.001953125,0.001953125
0.2375,0.12493136722082,0.043205013038775,0.085457132006841,0.037663972740605,0.079699710365279,0.013694469364101,0.042625607403559,0.00010889760642231,0.00010889760642231,0.0015020398963964,0.0027194989953771,0.0014438932570253,0.00049312738249477,0.0038811291004923,0.0012969756256795,0.00044173292603467,0.0012533508561473,0.00084393369615358,0.0011128272902346,0.00018670991520953,0.00098608607471098,0.00029359736094408,0.125,0.125,0.125,0.125,0.125,0.125,0.125,0.015625,0.015625,0.015625,0.015625,0.015625,0.015625,0.015625,0.001953125,0.001953125,0.001953125,0.001953125,0.001953125,0.001953125,0.001953125,0.001953125
0.24,0.12493626886519,0.04369422495904,0.086072046374124,0.038398676530735,0.080344090412455,0.014037668057566,0.04345216123406,0.00011680275945066,0.00011680275945066,0.0015839658475185,0.0028386067217185,0.0015220227825856,0.00052035434219633,0.004033629421353,0.0013174207852589,0.00045809324071216,0.0012783416605707,0.00087090902126416,0.0011384549251471,0.00019670919266743,0.0010147053519049,0.00030917576756779,0.125,0.125,0.125,0.125,0.125,0.125,0.125,0.015625,0.015625,0.015625,0.015625,0.015625,0.015625,0.015625,0.001953125,0.001953125,0.001953125,0.001953125,0.001953125,0.001953125,0.001953125,0.001953125
0.2425,0.1249407683476,0.044179866742425,0.086676482301834,0.039130506765074,0.080978459996129,0.014382899848205,0.044275024478907,0.00012508868746923,0.00012508868746923,0.0016679099071879,0.0029593023852173,0.0016020293802145,0.00054841222696768,0.0041870671698129,0.0013373797800177,0.00047461627788682,0.0013027455555252,0.00089774691139696,0.0011636505628203,0.00020699266993857,0.0010430122602787,0.000325125601024,0.125,0.125,0.125,0.125,0.125,0.125,0.125,0.015625,0.015625,0.015625,0.015625,0.015625,0.015625,0.015625,0.001953125,0.001953125,0.001953125,0.001953125,0.001953125,0.001953125,0.001953125,0.001953125
0.245,0.12494490134042,0.044661975313922,0.087270637024547,0.039859280647971,0.081602981303847,0.014730082331886,0.045093987945124,0.00013376203208712,0.00013376203208712,0.0017538033201107,0.0030814664042148,0.0016838452967561,0.00057729666936994,0.0043412673167553,0.0013568530755852,0.00049129006357373,0.0013265533091216,0.0009244163474614,0.0011883978168269,0.00021755672663208,0.0010709755040452,0.0003414336501072,0.125,0.125,0.125,0.125,0.125,0.125,0.125,0.015625,0.015625,0.015625,0.015625,0.015625,0.015625,0.015625,0.001953125,0.001953125,0.001953125,0.001953125,0.001953125,0.001953125,0.001953125,0.001953125
0.2475,0.12494870023118,0.045140587386125,0.087854704117587,0.040584825994734,0.082217814807793,0.015079134836637,0.045908855016501,0.00014282909087884,0.00014282909087884,0.0018415742706899,0.0032049790596959,0.0017673999970633,0.00060700252797968,0.0044960583425446,0.0013758421048051,0.0005081026727675,0.001349757785058,0.00095088781670082,0.0012126821842843,0.00022839733795736,0.0010985659699949,0.00035808604171668,0.125,0.125,0.125,0.125,0.125,0.125,0.125,0.015625,0.015625,0.015625,0.015625,0.015625,0.015625,0.015625,0.001953125,0.001953125,0.001953125,0.001953125,0.001953125,0.001953125,0.001953125,0.001953125
0.25,0.1249521944284,0.0456157394108,0.088428873497658,0.041306980895759,0.08282311916038,0.015429978414777,0.046719441223011,0.00015229581695263,0.00015229581695263,0.0019311482580105,0.0033297209307503,0.0018526205289282,0.00063752393127407,0.0046512727636414,0.0013943491922825,0.00052504225256606,0.0013723538326236,0.00097713335856633,0.0012364909870281,0.00023951009070372,0.001125756739596,0.00037506830124668,0.125,0.125,0.125,0.125,0.125,0.125,0.125,0.015625,0.015625,0.015625,0.015625,0.015625,0.015625,0.015625,0.001953125,0.001953125,0.001953125,0.001953125,0.001953125,0.001953125,0.001953125,0.001953125
