0,4,0,0.0099982,0,0.01
0.1732,3.9899,0.15362,0.0099982,0.1732,0.01
0.34641,3.9797,0.30724,0.0099982,0.34641,0.01
0.51962,3.9696,0.46087,0.0099982,0.51962,0.01
0.69282,3.9594,0.61449,0.0099982,0.69282,0.01
0.86603,3.9491,0.76812,0.0099983,0.86603,0.01
1.0392,3.9389,0.92174,0.0099983,1.0392,0.01
1.2124,3.9286,1.0754,0.0099983,1.2124,0.01
1.3856,3.9183,1.229,0.0099983,1.3856,0.01
1.5588,3.9079,1.3826,0.0099983,1.5588,0.01
1.7321,3.8975,1.5362,0.0099983,1.7321,0.01
1.9053,3.8871,1.6899,0.0099983,1.9053,0.01
2.0785,3.8767,1.8435,0.0099983,2.0785,0.01
2.2517,3.8662,1.9971,0.0099983,2.2517,0.01
2.4249,3.8559,2.1507,0.0099983,2.4249,0.01
2.5981,3.8456,2.3043,0.0099983,2.5981,0.01
2.7713,3.8353,2.458,0.0099983,2.7713,0.01
2.9445,3.8249,2.6116,0.0099983,2.9445,0.01
3.1177,3.8145,2.7652,0.0099983,3.1177,0.01
3.2909,3.8041,2.9188,0.0099983,3.2909,0.01
3.4641,3.7936,3.0725,0.0099983,3.4641,0.01
3.6373,3.7831,3.2261,0.0099984,3.6373,0.01
3.8105,3.7726,3.3797,0.0099984,3.8105,0.01
3.9837,3.7621,3.5333,0.0099984,3.9837,0.01
4.1569,3.7515,3.687,0.0099984,4.1569,0.01
4.3301,3.741,3.8406,0.0099984,4.3301,0.01
4.5033,3.7295,3.9942,0.0099984,4.5033,0.01
4.6765,3.7183,4.1478,0.0099984,4.6765,0.01
4.8497,3.7071,4.3014,0.0099984,4.8497,0.01
5.0229,3.6959,4.4551,0.0099984,5.0229,0.01
5.1962,3.6846,4.6087,0.0099984,5.1962,0.01
5.3694,3.6732,4.7623,0.0099984,5.3694,0.01
5.5426,3.6618,4.9159,0.0099984,5.5426,0.01
5.7158,3.6503,5.0696,0.0099985,5.7158,0.01
5.889,3.6387,5.2232,0.0099985,5.889,0.01
6.0622,3.6271,5.3768,0.0099985,6.0622,0.01
6.2354,3.6154,5.5304,0.0099985,6.2354,0.01
6.4086,3.6037,5.684,0.0099985,6.4086,0.01
6.5818,3.5918,5.8377,0.0099985,6.5818,0.01
6.755,3.5799,5.9913,0.0099985,6.755,0.01
6.9282,3.5684,6.1449,0.0099985,6.9282,0.01
7.1014,3.5572,6.2985,0.0099985,7.1014,0.01
7.2746,3.5459,6.4522,0.0099985,7.2746,0.01
7.4478,3.5346,6.6058,0.0099986,7.4478,0.01
7.621,3.5233,6.7594,0.0099986,7.621,0.01
7.7942,3.5119,6.913,0.0099986,7.7942,0.01
7.9674,3.5005,7.0667,0.0099986,7.9674,0.01
8.1406,3.4891,7.2203,0.0099986,8.1406,0.01
8.3138,3.4776,7.3739,0.0099986,8.3138,0.01
8.4871,3.4661,7.5275,0.0099986,8.4871,0.01
8.6603,3.4546,7.6811,0.0099986,8.6603,0.01
8.8335,3.4411,7.8348,0.0099986,8.8335,0.01
9.0067,3.4276,7.9884,0.0099987,9.0067,0.01
9.1799,3.4144,8.142,0.0099987,9.1799,0.01
9.3531,3.402,8.2956,0.0099987,9.3531,0.01
9.5263,3.3895,8.4493,0.0099987,9.5263,0.01
9.6995,3.3771,8.6029,0.0099987,9.6995,0.01
9.8727,3.3646,8.7565,0.0099987,9.8727,0.01
10.046,3.3522,8.9101,0.0099987,10.046,0.01
10.219,3.3399,9.0638,0.0099987,10.219,0.01
10.392,3.3275,9.2174,0.0099988,10.392,0.01
10.566,3.3152,9.371,0.0099988,10.566,0.01
10.739,3.3029,9.5246,0.0099988,10.739,0.01
10.912,3.2906,9.6782,0.0099988,10.912,0.01
11.085,3.2783,9.8319,0.0099988,11.085,0.01
11.258,3.2661,9.9855,0.0099988,11.258,0.01
11.432,3.2541,10.139,0.0099988,11.432,0.01
11.605,3.2429,10.293,0.0099989,11.605,0.01
11.778,3.2317,10.446,0.0099989,11.778,0.01
11.951,3.2206,10.6,0.0099989,11.951,0.01
12.124,3.2096,10.754,0.0099989,12.124,0.01
12.298,3.1985,10.907,0.0099989,12.298,0.01
12.471,3.1875,11.061,0.0099989,12.471,0.01
12.644,3.1766,11.214,0.0099989,12.644,0.01
12.817,3.1657,11.368,0.009999,12.817,0.01
12.99,3.1548,11.522,0.009999,12.99,0.01
13.164,3.1423,11.675,0.009999,13.164,0.01
13.337,3.1299,11.829,0.009999,13.337,0.01
13.51,3.1176,11.983,0.009999,13.51,0.01
13.683,3.1055,12.136,0.009999,13.683,0.01
13.856,3.0942,12.29,0.009999,13.856,0.01
14.03,3.083,12.443,0.0099991,14.03,0.01
14.203,3.0719,12.597,0.0099991,14.203,0.01
14.376,3.0608,12.751,0.0099991,14.376,0.01
14.549,3.0499,12.904,0.0099991,14.549,0.01
14.722,3.039,13.058,0.0099991,14.722,0.01
14.896,3.0283,13.212,0.0099991,14.896,0.01
15.069,3.0176,13.365,0.0099992,15.069,0.01
15.242,3.0069,13.519,0.0099992,15.242,0.01
15.415,2.9964,13.672,0.0099992,15.415,0.01
15.588,2.9859,13.826,0.0099992,15.588,0.01
15.762,2.9756,13.98,0.0099992,15.762,0.01
15.935,2.9653,14.133,0.0099992,15.935,0.01
16.108,2.9556,14.287,0.0099992,16.108,0.01
16.281,2.9461,14.441,0.0099993,16.281,0.01
16.454,2.9367,14.594,0.0099993,16.454,0.01
16.628,2.9273,14.748,0.0099993,16.628,0.01
16.801,2.918,14.901,0.0099993,16.801,0.01
16.974,2.9088,15.055,0.0099993,16.974,0.01
17.147,2.8997,15.209,0.0099993,17.147,0.01
17.321,2.8906,15.362,0.0099994,17.321,0.01
17.494,2.8807,15.516,0.0099994,17.494,0.01
17.667,2.8709,15.67,0.0099994,17.667,0.01
17.84,2.8611,15.823,0.0099994,17.84,0.01
18.013,2.8515,15.977,0.0099994,18.013,0.01
18.187,2.8419,16.13,0.0099994,18.187,0.01
18.36,2.8328,16.284,0.0099994,18.36,0.01
18.533,2.8239,16.438,0.0099995,18.533,0.01
18.706,2.8151,16.591,0.0099995,18.706,0.01
18.879,2.8063,16.745,0.0099995,18.879,0.01
19.053,2.7977,16.899,0.0099995,19.053,0.01
19.226,2.7891,17.052,0.0099995,19.226,0.01
19.399,2.7806,17.206,0.0099995,19.399,0.01
19.572,2.7722,17.359,0.0099996,19.572,0.01
19.745,2.7639,17.513,0.0099996,19.745,0.01
19.919,2.7556,17.667,0.0099996,19.919,0.01
20.092,2.7474,17.82,0.0099996,20.092,0.01
20.265,2.7393,17.974,0.0099996,20.265,0.01
20.438,2.7313,18.128,0.0099996,20.438,0.01
20.611,2.7235,18.281,0.0099996,20.611,0.01
20.785,2.716,18.435,0.0099997,20.785,0.01
20.958,2.7086,18.588,0.0099997,20.958,0.01
21.131,2.7012,18.742,0.0099997,21.131,0.01
21.304,2.6939,18.896,0.0099997,21.304,0.01
21.477,2.6866,19.049,0.0099997,21.477,0.01
21.651,2.6794,19.203,0.0099997,21.651,0.01
21.824,2.6719,19.356,0.0099997,21.824,0.01
21.997,2.6644,19.51,0.0099998,21.997,0.01
22.17,2.657,19.664,0.0099998,22.17,0.01
22.343,2.6497,19.817,0.0099998,22.343,0.01
22.517,2.6424,19.971,0.0099998,22.517,0.01
22.69,2.6352,20.125,0.0099998,22.69,0.01
22.863,2.6282,20.278,0.0099998,22.863,0.01
23.036,2.6215,20.432,0.0099998,23.036,0.01
23.209,2.6148,20.585,0.0099998,23.209,0.01
23.383,2.6081,20.739,0.0099999,23.383,0.01
23.556,2.6016,20.893,0.0099999,23.556,0.01
23.729,2.5951,21.046,0.0099999,23.729,0.01
23.902,2.5886,21.2,0.0099999,23.902,0.01
24.076,2.5822,21.354,0.0099999,24.076,0.01
24.249,2.5759,21.507,0.0099999,24.249,0.01
24.422,2.5696,21.661,0.0099999,24.422,0.01
24.595,2.5634,21.814,0.0099999,24.595,0.01
24.768,2.5572,21.968,0.0099999,24.768,0.01
24.942,2.5511,22.122,0.01,24.942,0.01
25.115,2.5451,22.275,0.01,25.115,0.01
25.288,2.5394,22.429,0.01,25.288,0.01
25.461,2.5337,22.583,0.01,25.461,0.01
25.634,2.528,22.736,0.01,25.634,0.01
25.808,2.5224,22.89,0.01,25.808,0.01
25.981,2.5169,23.043,0.01,25.981,0.01
26.154,2.5114,23.197,0.01,26.154,0.01
26.327,2.506,23.351,0.01,26.327,0.01
26.5,2.5006,23.504,0.01,26.5,0.01
26.674,2.4952,23.658,0.01,26.674,0.01
26.847,2.4899,23.812,0.01,26.847,0.01
27.02,2.4846,23.965,0.01,27.02,0.01
27.193,2.4792,24.119,0.01,27.193,0.01
27.366,2.474,24.272,0.01,27.366,0.01
27.54,2.469,24.426,0.01,27.54,0.01
27.713,2.464,24.58,0.01,27.713,0.01
27.886,2.459,24.733,0.01,27.886,0.01
28.059,2.4541,24.887,0.01,28.059,0.01
28.232,2.4493,25.041,0.01,28.232,0.01
28.406,2.4445,25.194,0.01,28.406,0.01
28.579,2.4397,25.348,0.01,28.579,0.01
28.752,2.435,25.501,0.01,28.752,0.01
28.925,2.4303,25.655,0.01,28.925,0.01
29.098,2.4256,25.809,0.01,29.098,0.01
29.272,2.421,25.962,0.01,29.272,0.01
29.445,2.4165,26.116,0.01,29.445,0.01
29.618,2.412,26.27,0.01,29.618,0.01
29.791,2.4076,26.423,0.01,29.791,0.01
29.964,2.4034,26.577,0.01,29.964,0.01
30.138,2.3991,26.73,0.01,30.138,0.01
30.311,2.3949,26.884,0.01,30.311,0.01
30.484,2.3907,27.038,0.01,30.484,0.01
30.657,2.3866,27.191,0.01,30.657,0.01
30.831,2.3825,27.345,0.01,30.831,0.01
31.004,2.3784,27.499,0.01,31.004,0.01
31.177,2.3744,27.652,0.01,31.177,0.01
31.35,2.3704,27.806,0.01,31.35,0.01
31.523,2.3665,27.959,0.01,31.523,0.01
31.697,2.3626,28.113,0.01,31.697,0.01
31.87,2.3587,28.267,0.01,31.87,0.01
32.043,2.3549,28.42,0.01,32.043,0.01
32.216,2.3512,28.574,0.01,32.216,0.01
32.389,2.3476,28.727,0.01,32.389,0.01
32.563,2.344,28.881,0.01,32.563,0.01
32.736,2.3404,29.035,0.01,32.736,0.01
32.909,2.3368,29.188,0.01,32.909,0.01
33.082,2.3333,29.342,0.01,33.082,0.01
33.255,2.3298,29.496,0.01,33.255,0.01
33.429,2.3263,29.649,0.01,33.429,0.01
33.602,2.3229,29.803,0.0099999,33.602,0.01
33.775,2.3195,29.956,0.0099999,33.775,0.01
33.948,2.3162,30.11,0.0099999,33.948,0.01
34.121,2.3129,30.264,0.0099999,34.121,0.01
34.295,2.3096,30.417,0.0099999,34.295,0.01
34.468,2.3065,30.571,0.0099999,34.468,0.01
34.641,2.3033,30.725,0.0099998,34.641,0.01
34.814,2.3002,30.878,0.0099998,34.814,0.01
34.987,2.2971,31.032,0.0099998,34.987,0.01
35.161,2.2941,31.185,0.0099998,35.161,0.01
35.334,2.2911,31.339,0.0099997,35.334,0.01
35.507,2.2881,31.493,0.0099997,35.507,0.01
35.68,2.2851,31.646,0.0099997,35.68,0.01
35.853,2.2821,31.8,0.0099996,35.853,0.01
36.027,2.2792,31.954,0.0099996,36.027,0.01
36.2,2.2763,32.107,0.0099996,36.2,0.01
36.373,2.2734,32.261,0.0099996,36.373,0.01
36.546,2.2706,32.414,0.0099995,36.546,0.01
36.719,2.2678,32.568,0.0099995,36.719,0.01
36.893,2.2651,32.722,0.0099994,36.893,0.01
37.066,2.2624,32.875,0.0099994,37.066,0.01
37.239,2.2597,33.029,0.0099994,37.239,0.01
37.412,2.2571,33.183,0.0099993,37.412,0.01
37.585,2.2544,33.336,0.0099993,37.585,0.01
37.759,2.2518,33.49,0.0099992,37.759,0.01
37.932,2.2492,33.643,0.0099992,37.932,0.01
38.105,2.2466,33.797,0.0099991,38.105,0.01
38.278,2.2441,33.951,0.0099991,38.278,0.01
38.452,2.2415,34.104,0.009999,38.452,0.01
38.625,2.239,34.258,0.009999,38.625,0.01
38.798,2.2366,34.412,0.0099989,38.798,0.01
38.971,2.2342,34.565,0.0099989,38.971,0.01
39.144,2.2318,34.719,0.0099988,39.144,0.0099999
39.318,2.2294,34.872,0.0099987,39.318,0.0099999
39.491,2.2271,35.026,0.0099987,39.491,0.0099999
39.664,2.2248,35.18,0.0099986,39.664,0.0099999
39.837,2.2224,35.333,0.0099985,39.837,0.0099999
40.01,2.2202,35.487,0.0099985,40.01,0.0099998
40.184,2.2179,35.641,0.0099984,40.184,0.0099998
40.357,2.2156,35.794,0.0099983,40.357,0.0099998
40.53,2.2134,35.948,0.0099982,40.53,0.0099998
40.703,2.2112,36.101,0.0099981,40.703,0.0099997
40.876,2.209,36.255,0.009998,40.876,0.0099997
41.05,2.2068,36.409,0.009998,41.05,0.0099997
41.223,2.2047,36.562,0.0099979,41.223,0.0099996
41.396,2.2026,36.716,0.0099978,41.396,0.0099996
41.569,2.2007,36.869,0.0099977,41.569,0.0099996
41.742,2.1987,37.023,0.0099976,41.742,0.0099996
41.916,2.1967,37.177,0.0099975,41.916,0.0099996
42.089,2.1948,37.33,0.0099974,42.089,0.0099996
42.262,2.1929,37.484,0.0099973,42.262,0.0099997
42.435,2.191,37.638,0.0099971,42.435,0.0099997
42.608,2.1891,37.791,0.009997,42.608,0.0099997
42.782,2.1872,37.945,0.0099969,42.782,0.0099997
42.955,2.1853,38.098,0.0099968,42.955,0.0099998
43.128,2.1835,38.252,0.0099967,43.128,0.0099998
43.301,2.1816,38.406,0.0099965,43.301,0.0099999
43.474,2.1799,38.559,0.0099964,43.474,0.01
43.648,2.1781,38.713,0.0099962,43.648,0.01
43.821,2.1763,38.867,0.0099961,43.821,0.01
43.994,2.1746,39.02,0.0099959,43.994,0.01
44.167,2.1729,39.174,0.0099958,44.167,0.01
44.34,2.1712,39.327,0.0099957,44.34,0.01
44.514,2.1695,39.481,0.0099955,44.514,0.010001
44.687,2.1678,39.635,0.0099953,44.687,0.010001
44.86,2.1661,39.788,0.0099951,44.86,0.010001
45.033,2.1645,39.942,0.009995,45.033,0.010001
45.207,2.1628,40.096,0.0099948,45.207,0.010001
45.38,2.1612,40.249,0.0099946,45.38,0.010001
45.553,2.1596,40.403,0.0099944,45.553,0.010001
45.726,2.158,40.556,0.0099942,45.726,0.010001
45.899,2.1564,40.71,0.009994,45.899,0.010001
46.073,2.1549,40.864,0.0099938,46.073,0.010001
46.246,2.1533,41.017,0.0099936,46.246,0.010001
46.419,2.1518,41.171,0.0099933,46.419,0.010001
46.592,2.1503,41.325,0.0099931,46.592,0.010001
46.765,2.1488,41.478,0.0099929,46.765,0.01
46.939,2.1473,41.632,0.0099926,46.939,0.01
47.112,2.1458,41.785,0.0099924,47.112,0.01
47.285,2.1444,41.939,0.0099921,47.285,0.0099999
47.458,2.1429,42.093,0.0099918,47.458,0.0099997
47.631,2.1415,42.246,0.0099916,47.631,0.0099995
47.805,2.14,42.4,0.0099913,47.805,0.0099993
47.978,2.1386,42.554,0.009991,47.978,0.0099988
48.151,2.1372,42.707,0.0099907,48.151,0.0099982
48.324,2.1359,42.861,0.0099903,48.324,0.0099975
48.497,2.1345,43.014,0.00999,48.497,0.0099969
48.671,2.1331,43.168,0.0099897,48.671,0.0099962
48.844,2.1318,43.322,0.0099894,48.844,0.0099954
49.017,2.1305,43.475,0.009989,49.017,0.0099947
49.19,2.1291,43.629,0.0099886,49.19,0.0099938
49.363,2.1278,43.783,0.0099882,49.363,0.009993
49.537,2.1265,43.936,0.0099879,49.537,0.0099921
49.71,2.1252,44.09,0.0099875,49.71,0.0099912
49.883,2.1239,44.243,0.0099871,49.883,0.0099903
50.056,2.1227,44.397,0.0099867,50.056,0.0099893
50.229,2.1214,44.551,0.0099862,50.229,0.0099882
50.403,2.1202,44.704,0.0099857,50.403,0.0099871
50.576,2.1189,44.858,0.0099852,50.576,0.009986
50.749,2.1177,45.012,0.0099848,50.749,0.0099848
50.922,2.1165,45.165,0.0099843,50.922,0.0099836
51.095,2.1153,45.319,0.0099838,51.095,0.0099823
51.269,2.1141,45.472,0.0099833,51.269,0.009981
51.442,2.113,45.626,0.0099827,51.442,0.0099797
51.615,2.1118,45.78,0.0099821,51.615,0.0099784
51.788,2.1106,45.933,0.0099815,51.788,0.0099771
51.962,2.1095,46.087,0.0099809,51.962,0.0099758
52.135,2.1084,46.24,0.0099803,52.135,0.0099758
52.308,2.1073,46.394,0.0099797,52.308,0.0099758
52.481,2.1063,46.548,0.0099791,52.481,0.0099764
52.654,2.1052,46.701,0.0099784,52.654,0.0099776
52.828,2.1042,46.855,0.0099777,52.828,0.009979
53.001,2.1032,47.009,0.0099769,53.001,0.0099805
53.174,2.1022,47.162,0.0099762,53.174,0.0099821
53.347,2.1012,47.316,0.0099755,53.347,0.0099839
53.52,2.1002,47.469,0.0099748,53.52,0.0099858
53.694,2.0992,47.623,0.009974,53.694,0.0099878
53.867,2.0982,47.777,0.0099731,53.867,0.00999
54.04,2.0973,47.93,0.0099722,54.04,0.0099923
54.213,2.0963,48.084,0.0099714,54.213,0.0099947
54.386,2.0953,48.238,0.0099705,54.386,0.0099973
54.56,2.0944,48.391,0.0099696,54.56,0.01
54.733,2.0934,48.545,0.0099687,54.733,0.010003
54.906,2.0925,48.698,0.0099677,54.906,0.010007
55.079,2.0916,48.852,0.0099667,55.079,0.010011
55.252,2.0907,49.006,0.0099656,55.252,0.010015
55.426,2.0898,49.159,0.0099646,55.426,0.010019
55.599,2.0889,49.313,0.0099636,55.599,0.010024
55.772,2.088,49.467,0.0099626,55.772,0.010028
55.945,2.0871,49.62,0.0099614,55.945,0.010032
56.118,2.0862,49.774,0.0099602,56.118,0.010037
56.292,2.0853,49.927,0.009959,56.292,0.010041
56.465,2.0844,50.081,0.0099578,56.465,0.010046
56.638,2.0836,50.235,0.0099566,56.638,0.01005
56.811,2.0827,50.388,0.0099554,56.811,0.010055
56.984,2.0818,50.542,0.0099542,56.984,0.010059
57.158,2.081,50.696,0.0099527,57.158,0.010062
57.331,2.0802,50.849,0.0099513,57.331,0.010065
57.504,2.0793,51.003,0.0099499,57.504,0.010068
57.677,2.0785,51.156,0.0099485,57.677,0.010071
57.85,2.0777,51.31,0.0099471,57.85,0.010073
58.024,2.0769,51.464,0.0099457,58.024,0.010076
58.197,2.0761,51.617,0.0099442,58.197,0.010078
58.37,2.0753,51.771,0.0099426,58.37,0.01008
58.543,2.0745,51.925,0.009941,58.543,0.010082
58.717,2.0737,52.078,0.0099394,58.717,0.010084
58.89,2.0729,52.232,0.0099378,58.89,0.010086
59.063,2.0721,52.385,0.0099362,59.063,0.010088
59.236,2.0713,52.539,0.0099346,59.236,0.01009
59.409,2.0706,52.693,0.0099328,59.409,0.010084
59.583,2.0698,52.846,0.009931,59.583,0.010078
59.756,2.0691,53,0.0099291,59.756,0.010072
59.929,2.0683,53.154,0.0099273,59.929,0.010065
60.102,2.0676,53.307,0.0099255,60.102,0.010058
60.275,2.0668,53.461,0.0099237,60.275,0.01005
60.449,2.0661,53.614,0.0099218,60.449,0.010042
60.622,2.0654,53.768,0.0099198,60.622,0.010034
60.795,2.0647,53.922,0.0099177,60.795,0.010026
60.968,2.0639,54.075,0.0099157,60.968,0.010017
61.141,2.0632,54.229,0.0099137,61.141,0.010007
61.315,2.0625,54.383,0.0099117,61.315,0.0099979
61.488,2.0618,54.536,0.0099096,61.488,0.009988
61.661,2.0611,54.69,0.0099074,61.661,0.0099677
61.834,2.0604,54.843,0.0099052,61.834,0.0099432
62.007,2.0597,54.997,0.009903,62.007,0.0099182
62.181,2.0591,55.151,0.0099007,62.181,0.0098927
62.354,2.0584,55.304,0.0098985,62.354,0.0098665
62.527,2.0577,55.458,0.0098962,62.527,0.0098399
62.7,2.057,55.611,0.009894,62.7,0.0098127
62.873,2.0564,55.765,0.0098915,62.873,0.0097849
63.047,2.0557,55.919,0.0098891,63.047,0.0097566
63.22,2.0551,56.072,0.0098866,63.22,0.0097278
63.393,2.0544,56.226,0.0098842,63.393,0.0096984
63.566,2.0538,56.38,0.0098818,63.566,0.0096685
63.739,2.0531,56.533,0.0098793,63.739,0.0096381
63.913,2.0525,56.687,0.0098768,63.913,0.009597
64.086,2.0518,56.84,0.0098741,64.086,0.0095477
64.259,2.0512,56.994,0.0098715,64.259,0.0094978
64.432,2.0506,57.148,0.0098689,64.432,0.0094472
64.605,2.05,57.301,0.0098663,64.605,0.0093959
64.779,2.0494,57.455,0.0098636,64.779,0.009344
64.952,2.0488,57.609,0.009861,64.952,0.0092914
65.125,2.0481,57.762,0.0098582,65.125,0.0092382
65.298,2.0475,57.916,0.0098554,65.298,0.0091843
65.472,2.0469,58.069,0.0098526,65.472,0.0091297
65.645,2.0463,58.223,0.0098498,65.645,0.0090745
65.818,2.0457,58.377,0.009847,65.818,0.0090187
65.991,2.0452,58.53,0.0098442,65.991,0.0089622
66.164,2.0446,58.684,0.0098413,66.164,0.008898
66.338,2.044,58.838,0.0098383,66.338,0.0087861
66.511,2.0435,58.991,0.0098354,66.511,0.0086608
66.684,2.0429,59.145,0.0098324,66.684,0.0085342
66.857,2.0424,59.298,0.0098294,66.857,0.0084064
67.03,2.0419,59.452,0.0098265,67.03,0.0082774
67.204,2.0413,59.606,0.0098235,67.204,0.0081471
67.377,2.0408,59.759,0.0098204,67.377,0.0080155
67.55,2.0403,59.913,0.0098173,67.55,0.0078826
67.723,2.0398,60.067,0.0098142,67.723,0.0077484
67.896,2.0393,60.22,0.0098111,67.896,0.0076129
68.07,2.0387,60.374,0.009808,68.07,0.0074763
68.243,2.0382,60.527,0.0098049,68.243,0.0073383
68.416,2.0377,60.681,0.0098018,68.416,0.0071968
68.589,2.0372,60.835,0.0097986,68.589,0.0070478
68.762,2.0367,60.988,0.0097954,68.762,0.006898
68.936,2.0362,61.142,0.0097921,68.936,0.0067475
69.109,2.0357,61.296,0.0097889,69.109,0.0065963
69.282,2.0352,61.449,0.0097857,69.282,0.0064444
69.455,2.0347,61.603,0.0097825,69.455,0.0062917
69.628,2.0343,61.756,0.0097792,69.628,0.0061392
69.802,2.0338,61.91,0.0097759,69.802,0.0059864
69.975,2.0333,62.064,0.0097726,69.975,0.005833
70.148,2.0328,62.217,0.0097692,70.148,0.005679
70.321,2.0323,62.371,0.0097659,70.321,0.0055244
70.494,2.0319,62.525,0.0097626,70.494,0.0053692
70.668,2.0314,62.678,0.0097593,70.668,0.0052133
70.841,2.0309,62.832,0.0097559,70.841,0.0050562
71.014,2.0304,62.985,0.0097525,71.014,0.0048987
71.187,2.03,63.139,0.0097491,71.187,0.0047411
71.36,2.0295,63.293,0.0097457,71.36,0.0045832
71.534,2.0291,63.446,0.0097423,71.534,0.0044251
71.707,2.0286,63.6,0.0097389,71.707,0.0042667
71.88,2.0282,63.754,0.0097355,71.88,0.0041103
72.053,2.0277,63.907,0.009732,72.053,0.0039557
72.227,2.0273,64.061,0.0097286,72.227,0.0038011
72.4,2.0268,64.214,0.0097251,72.4,0.0036466
72.573,2.0264,64.368,0.0097216,72.573,0.003492
72.746,2.0259,64.522,0.0097182,72.746,0.0033375
72.919,2.0255,64.675,0.0097147,72.919,0.0031829
73.093,2.025,64.829,0.0097112,73.093,0.0030325
73.266,2.0246,64.982,0.0097077,73.266,0.0028825
73.439,2.0242,65.136,0.0097042,73.439,0.0027326
73.612,2.0237,65.29,0.0097007,73.612,0.0025828
73.785,2.0233,65.443,0.0096972,73.785,0.0024332
73.959,2.0229,65.597,0.0096937,73.959,0.0022837
74.132,2.0225,65.751,0.0096902,74.132,0.0021372
74.305,2.022,65.904,0.0096867,74.305,0.0019956
74.478,2.0216,66.058,0.0096832,74.478,0.0018545
74.651,2.0212,66.211,0.0096796,74.651,0.0017138
74.825,2.0208,66.365,0.0096761,74.825,0.0015736
74.998,2.0204,66.519,0.0096726,74.998,0.0014338
75.171,2.02,66.672,0.0096691,75.171,0.0012945
75.344,2.0195,66.826,0.0096655,75.344,0.0011604
75.517,2.0191,66.98,0.009662,75.517,0.0011621
75.691,2.0188,67.133,0.0096584,75.691,0.0012412
75.864,2.0184,67.287,0.0096549,75.864,0.0013221
76.037,2.018,67.44,0.0096514,76.037,0.0014047
76.21,2.0176,67.594,0.0096478,76.21,0.001489
76.383,2.0172,67.748,0.0096443,76.383,0.0015768
76.557,2.0168,67.901,0.0096407,76.557,0.0016728
76.73,2.0165,68.055,0.0096372,76.73,0.0017702
76.903,2.0161,68.209,0.0096337,76.903,0.0018689
77.076,2.0157,68.362,0.0096301,77.076,0.0019691
77.249,2.0153,68.516,0.0096266,77.249,0.0020706
77.423,2.015,68.669,0.009623,77.423,0.0021736
77.596,2.0146,68.823,0.0096195,77.596,0.0022809
77.769,2.0142,68.977,0.009616,77.769,0.002391
77.942,2.0138,69.13,0.0096124,77.942,0.0025024
78.115,2.0135,69.284,0.0096089,78.115,0.0026149
78.289,2.0131,69.438,0.0096054,78.289,0.0027286
78.462,2.0127,69.591,0.0096018,78.462,0.0028434
78.635,2.0124,69.745,0.0095983,78.635,0.0029597
78.808,2.012,69.898,0.0095948,78.808,0.0030828
78.982,2.0117,70.052,0.0095913,78.982,0.0032068
79.155,2.0113,70.206,0.0095878,79.155,0.0033316
79.328,2.011,70.359,0.0095842,79.328,0.0034573
79.501,2.0106,70.513,0.0095807,79.501,0.0035838
79.674,2.0102,70.667,0.0095772,79.674,0.0037112
79.848,2.0099,70.82,0.0095737,79.848,0.0038407
80.021,2.0095,70.974,0.0095702,80.021,0.0039726
80.194,2.0092,71.127,0.0095667,80.194,0.0041051
80.367,2.0088,71.281,0.0095632,80.367,0.0042383
80.54,2.0085,71.435,0.0095597,80.54,0.0043722
80.714,2.0082,71.588,0.0095562,80.714,0.0045067
80.887,2.0078,71.742,0.0095528,80.887,0.0046419
81.06,2.0075,71.896,0.0095493,81.06,0.0047811
81.233,2.0071,72.049,0.0095458,81.233,0.0049211
81.406,2.0068,72.203,0.0095424,81.406,0.0050615
81.58,2.0064,72.356,0.0095389,81.58,0.0052023
81.753,2.0061,72.51,0.0095354,81.753,0.0053435
81.926,2.0058,72.664,0.009532,81.926,0.0054852
82.099,2.0054,72.817,0.0095285,82.099,0.0056277
82.272,2.0051,72.971,0.0095251,82.272,0.0057716
82.446,2.0048,73.125,0.0095217,82.446,0.0059158
82.619,2.0044,73.278,0.0095182,82.619,0.0060603
82.792,2.0041,73.432,0.0095148,82.792,0.006205
82.965,2.0038,73.585,0.0095114,82.965,0.0063501
83.138,2.0035,73.739,0.0095079,83.138,0.0064955
83.312,2.0031,73.893,0.0095045,83.312,0.0066424
83.485,2.0028,74.046,0.0095011,83.485,0.00679
83.658,2.0025,74.2,0.0094978,83.658,0.0069376
83.831,2.0022,74.353,0.0094944,83.831,0.0070854
84.004,2.0018,74.507,0.009491,84.004,0.0072333
84.178,2.0015,74.661,0.0094876,84.178,0.0073812
84.351,2.0012,74.814,0.0094842,84.351,0.0075293
84.524,2.0009,74.968,0.0094808,84.524,0.0076779
84.697,2.0006,75.122,0.0094775,84.697,0.0078266
84.87,2.0002,75.275,0.0094741,84.87,0.0079752
85.044,1.9999,75.429,0.0094708,85.044,0.0081239
85.217,1.9996,75.582,0.0094674,85.217,0.0082726
85.39,1.9993,75.736,0.009464,85.39,0.0084213
85.563,1.999,75.89,0.0094607,85.563,0.0085703
85.737,1.9987,76.043,0.0094574,85.737,0.0087194
85.91,1.9984,76.197,0.0094541,85.91,0.0088684
86.083,1.9981,76.351,0.0094508,86.083,0.0090172
86.256,1.9977,76.504,0.0094474,86.256,0.009166
86.429,1.9974,76.658,0.0094441,86.429,0.0093146
86.603,1.9971,76.811,0.0094408,86.603,0.0094408
86.776,1.9966,76.965,0.0094375,86.776,0.0094366
86.949,1.996,77.119,0.0094343,86.949,0.0094324
87.122,1.9954,77.272,0.009431,87.122,0.0094282
87.295,1.9948,77.426,0.0094277,87.295,0.009424
87.469,1.9942,77.58,0.0094244,87.469,0.0094198
87.642,1.9937,77.733,0.0094211,87.642,0.0094156
87.815,1.9931,77.887,0.0094179,87.815,0.0094114
87.988,1.9925,78.04,0.0094146,87.988,0.0094072
88.161,1.9919,78.194,0.0094114,88.161,0.009403
88.335,1.9912,78.348,0.0094081,88.335,0.0093989
88.508,1.9906,78.501,0.0094049,88.508,0.0093947
88.681,1.99,78.655,0.0094017,88.681,0.0093906
88.854,1.9894,78.809,0.0093984,88.854,0.0093864
89.027,1.9888,78.962,0.0093952,89.027,0.0093823
89.201,1.9882,79.116,0.009392,89.201,0.0093782
89.374,1.9876,79.269,0.0093888,89.374,0.0093741
89.547,1.987,79.423,0.0093856,89.547,0.00937
89.72,1.9864,79.577,0.0093824,89.72,0.0093659
89.893,1.9857,79.73,0.0093792,89.893,0.0093618
90.067,1.9851,79.884,0.009376,90.067,0.0093578
90.24,1.9845,80.038,0.0093728,90.24,0.0093537
90.413,1.9839,80.191,0.0093697,90.413,0.0093497
90.586,1.9832,80.345,0.0093665,90.586,0.0093456
90.759,1.9826,80.498,0.0093633,90.759,0.0093416
90.933,1.982,80.652,0.0093602,90.933,0.0093376
91.106,1.9813,80.806,0.009357,91.106,0.0093335
91.279,1.9807,80.959,0.0093539,91.279,0.0093295
91.452,1.9801,81.113,0.0093507,91.452,0.0093255
91.625,1.9794,81.267,0.0093476,91.625,0.0093216
91.799,1.9788,81.42,0.0093445,91.799,0.0093176
91.972,1.9781,81.574,0.0093413,91.972,0.0093136
92.145,1.9775,81.727,0.0093382,92.145,0.0093096
92.318,1.9769,81.881,0.0093351,92.318,0.0093056
92.492,1.9762,82.035,0.009332,92.492,0.0093017
92.665,1.9756,82.188,0.0093289,92.665,0.0092978
92.838,1.9749,82.342,0.0093258,92.838,0.0092938
93.011,1.9742,82.496,0.0093227,93.011,0.0092899
93.184,1.9736,82.649,0.0093196,93.184,0.009286
93.358,1.9729,82.803,0.0093165,93.358,0.0092821
93.531,1.9723,82.956,0.0093134,93.531,0.0092781
93.704,1.9716,83.11,0.0093103,93.704,0.0092743
93.877,1.9709,83.264,0.0093073,93.877,0.0092704
94.05,1.9703,83.417,0.0093042,94.05,0.0092665
94.224,1.9696,83.571,0.0093011,94.224,0.0092626
94.397,1.9689,83.724,0.0092981,94.397,0.0092587
94.57,1.9683,83.878,0.009295,94.57,0.0092549
94.743,1.9676,84.032,0.009292,94.743,0.009251
94.916,1.9669,84.185,0.0092889,94.916,0.0092472
95.09,1.9662,84.339,0.0092859,95.09,0.0092433
95.263,1.9655,84.493,0.0092829,95.263,0.0092395
95.436,1.9649,84.646,0.0092798,95.436,0.0092357
95.609,1.9642,84.8,0.0092768,95.609,0.0092319
95.782,1.9635,84.953,0.0092738,95.782,0.009228
95.956,1.9628,85.107,0.0092708,95.956,0.0092242
96.129,1.9621,85.261,0.0092677,96.129,0.0092204
96.302,1.9614,85.414,0.0092647,96.302,0.0092167
96.475,1.9607,85.568,0.0092617,96.475,0.0092129
96.648,1.96,85.722,0.0092587,96.648,0.0092091
96.822,1.9593,85.875,0.0092557,96.822,0.0092053
96.995,1.9586,86.029,0.0092527,96.995,0.0092015
97.168,1.9579,86.182,0.0092497,97.168,0.0091978
97.341,1.9572,86.336,0.0092468,97.341,0.009194
97.514,1.9565,86.49,0.0092438,97.514,0.0091903
97.688,1.9557,86.643,0.0092408,97.688,0.0091866
97.861,1.955,86.797,0.0092378,97.861,0.0091828
98.034,1.9543,86.951,0.0092348,98.034,0.0091789
98.207,1.9536,87.104,0.0092319,98.207,0.009175
98.38,1.9528,87.258,0.0092289,98.38,0.0091711
98.554,1.9521,87.411,0.009226,98.554,0.0091672
98.727,1.9513,87.565,0.009223,98.727,0.0091634
98.9,1.9506,87.719,0.00922,98.9,0.0091595
99.073,1.9498,87.872,0.0092171,99.073,0.0091557
99.247,1.9491,88.026,0.0092141,99.247,0.0091518
99.42,1.9483,88.18,0.0092112,99.42,0.009148
99.593,1.9476,88.333,0.0092083,99.593,0.0091441
99.766,1.9468,88.487,0.0092053,99.766,0.0091403
99.939,1.946,88.64,0.0092024,99.939,0.0091365
100.11,1.9453,88.794,0.0091995,100.11,0.0091327
100.29,1.9445,88.948,0.0091965,100.29,0.0091289
100.46,1.9437,89.101,0.0091936,100.46,0.0091251
100.63,1.943,89.255,0.0091907,100.63,0.0091213
100.81,1.9422,89.409,0.0091878,100.81,0.0091175
100.98,1.9414,89.562,0.0091849,100.98,0.0091137
101.15,1.9406,89.716,0.0091819,101.15,0.0091099
101.32,1.9398,89.869,0.009179,101.32,0.0091061
101.5,1.939,90.023,0.0091761,101.5,0.0091024
101.67,1.9382,90.177,0.0091732,101.67,0.0090986
101.84,1.9375,90.33,0.0091703,101.84,0.0090948
102.02,1.9367,90.484,0.0091674,102.02,0.0090911
102.19,1.9359,90.638,0.0091645,102.19,0.0090873
102.36,1.935,90.791,0.0091616,102.36,0.0090836
102.54,1.9342,90.945,0.0091587,102.54,0.0090798
102.71,1.9334,91.098,0.0091559,102.71,0.0090761
102.88,1.9326,91.252,0.009153,102.88,0.0090724
103.06,1.9318,91.406,0.0091501,103.06,0.0090687
103.23,1.931,91.559,0.0091472,103.23,0.0090649
103.4,1.9302,91.713,0.0091443,103.4,0.0090612
103.58,1.9293,91.867,0.0091414,103.58,0.0090575
103.75,1.9285,92.02,0.0091386,103.75,0.0090538
103.92,1.9277,92.174,0.0091357,103.92,0.0090501
104.1,1.9268,92.327,0.0091328,104.1,0.0090464
104.27,1.926,92.481,0.00913,104.27,0.0090427
104.44,1.9252,92.635,0.0091271,104.44,0.009039
104.62,1.9243,92.788,0.0091242,104.62,0.0090354
104.79,1.9235,92.942,0.0091214,104.79,0.0090317
104.96,1.9226,93.095,0.0091185,104.96,0.009028
105.14,1.9218,93.249,0.0091157,105.14,0.0090243
105.31,1.9209,93.403,0.0091128,105.31,0.0090207
105.48,1.9201,93.556,0.00911,105.48,0.009017
105.66,1.9192,93.71,0.0091071,105.66,0.0090134
105.83,1.9183,93.864,0.0091043,105.83,0.0090097
106,1.9175,94.017,0.0091014,106,0.0090061
106.17,1.9166,94.171,0.0090986,106.17,0.0090024
106.35,1.9157,94.324,0.0090957,106.35,0.0089988
106.52,1.9148,94.478,0.0090929,106.52,0.0089952
106.69,1.9139,94.632,0.00909,106.69,0.0089915
106.87,1.913,94.785,0.0090872,106.87,0.0089879
107.04,1.9121,94.939,0.0090844,107.04,0.0089843
107.21,1.9112,95.093,0.0090815,107.21,0.0089808
107.39,1.9103,95.246,0.0090787,107.39,0.0089774
107.56,1.9094,95.4,0.0090759,107.56,0.0089739
107.73,1.9084,95.553,0.009073,107.73,0.0089704
107.91,1.9075,95.707,0.0090702,107.91,0.0089669
108.08,1.9066,95.861,0.0090674,108.08,0.0089635
108.25,1.9056,96.014,0.0090645,108.25,0.00896
108.43,1.9047,96.168,0.0090617,108.43,0.0089566
108.6,1.9037,96.322,0.0090589,108.6,0.0089531
108.77,1.9028,96.475,0.0090561,108.77,0.0089496
108.95,1.9018,96.629,0.0090532,108.95,0.0089462
109.12,1.9008,96.782,0.0090504,109.12,0.0089427
109.29,1.8999,96.936,0.0090476,109.29,0.0089393
109.47,1.8989,97.09,0.0090448,109.47,0.0089359
109.64,1.8979,97.243,0.009042,109.64,0.0089324
109.81,1.8969,97.397,0.0090391,109.81,0.008929
109.99,1.8959,97.551,0.0090363,109.99,0.0089255
110.16,1.8949,97.704,0.0090335,110.16,0.0089221
110.33,1.8939,97.858,0.0090307,110.33,0.0089187
110.5,1.8929,98.011,0.0090279,110.5,0.0089152
110.68,1.8919,98.165,0.0090251,110.68,0.0089118
110.85,1.8909,98.319,0.0090223,110.85,0.0089084
111.02,1.8899,98.472,0.0090194,111.02,0.008905
111.2,1.8889,98.626,0.0090166,111.2,0.0089015
111.37,1.8879,98.78,0.0090138,111.37,0.0088981
111.54,1.8869,98.933,0.009011,111.54,0.0088947
111.72,1.8858,99.087,0.0090082,111.72,0.0088913
111.89,1.8848,99.24,0.0090054,111.89,0.0088879
112.06,1.8838,99.394,0.0090026,112.06,0.0088845
112.24,1.8827,99.548,0.0089998,112.24,0.008881
112.41,1.8817,99.701,0.008997,112.41,0.0088776
112.58,1.8806,99.855,0.0089942,112.58,0.0088742
112.76,1.8795,100.01,0.0089914,112.76,0.0088708
112.93,1.8785,100.16,0.0089886,112.93,0.0088674
113.1,1.8774,100.32,0.0089857,113.1,0.008864
113.28,1.8763,100.47,0.0089829,113.28,0.0088606
113.45,1.8753,100.62,0.0089801,113.45,0.0088572
113.62,1.8742,100.78,0.0089773,113.62,0.0088538
113.8,1.8731,100.93,0.0089745,113.8,0.0088504
113.97,1.872,101.08,0.0089717,113.97,0.008847
114.14,1.8709,101.24,0.0089689,114.14,0.0088436
114.32,1.8698,101.39,0.0089661,114.32,0.0088402
114.49,1.8687,101.54,0.0089633,114.49,0.0088369
114.66,1.8676,101.7,0.0089605,114.66,0.0088335
114.83,1.8664,101.85,0.0089577,114.83,0.0088301
115.01,1.8653,102.01,0.0089549,115.01,0.0088267
115.18,1.8642,102.16,0.0089521,115.18,0.0088233
115.35,1.8631,102.31,0.0089493,115.35,0.0088199
115.53,1.8619,102.47,0.0089465,115.53,0.0088165
115.7,1.8608,102.62,0.0089437,115.7,0.0088132
115.87,1.8596,102.77,0.0089409,115.87,0.0088098
116.05,1.8585,102.93,0.0089381,116.05,0.0088064
116.22,1.8573,103.08,0.0089353,116.22,0.0088031
116.39,1.8561,103.23,0.0089325,116.39,0.0087997
116.57,1.855,103.39,0.0089297,116.57,0.0087963
116.74,1.8538,103.54,0.0089269,116.74,0.0087929
116.91,1.8526,103.7,0.0089241,116.91,0.0087896
117.09,1.8514,103.85,0.0089213,117.09,0.0087862
117.26,1.8502,104,0.0089185,117.26,0.0087828
117.43,1.849,104.16,0.0089156,117.43,0.0087795
117.61,1.8478,104.31,0.0089128,117.61,0.0087761
117.78,1.8466,104.46,0.00891,117.78,0.0087727
117.95,1.8454,104.62,0.0089072,117.95,0.0087694
118.13,1.8441,104.77,0.0089044,118.13,0.008766
118.3,1.8429,104.92,0.0089016,118.3,0.0087627
118.47,1.8417,105.08,0.0088988,118.47,0.0087593
118.65,1.8404,105.23,0.008896,118.65,0.008756
118.82,1.8392,105.39,0.0088932,118.82,0.0087526
118.99,1.8379,105.54,0.0088904,118.99,0.0087493
119.17,1.8366,105.69,0.0088876,119.17,0.0087459
119.34,1.8354,105.85,0.0088848,119.34,0.0087425
119.51,1.8341,106,0.008882,119.51,0.0087392
119.68,1.8328,106.15,0.0088791,119.68,0.0087358
119.86,1.8315,106.31,0.0088763,119.86,0.0087325
120.03,1.8302,106.46,0.0088735,120.03,0.0087292
120.2,1.8289,106.61,0.0088707,120.2,0.0087258
120.38,1.8276,106.77,0.0088679,120.38,0.0087225
120.55,1.8263,106.92,0.0088651,120.55,0.0087191
120.72,1.825,107.08,0.0088623,120.72,0.0087158
120.9,1.8236,107.23,0.0088594,120.9,0.0087125
121.07,1.8223,107.38,0.0088566,121.07,0.0087091
121.24,1.821,107.54,0.0088538,121.24,0.0087058
121.42,1.8196,107.69,0.008851,121.42,0.0087025
121.59,1.8182,107.84,0.0088482,121.59,0.0086993
121.76,1.8167,108,0.0088453,121.76,0.0086961
121.94,1.8153,108.15,0.0088425,121.94,0.0086928
122.11,1.8139,108.3,0.0088397,122.11,0.0086896
122.28,1.8124,108.46,0.0088369,122.28,0.0086863
122.46,1.811,108.61,0.008834,122.46,0.0086831
122.63,1.8095,108.77,0.0088312,122.63,0.0086799
122.8,1.8081,108.92,0.0088284,122.8,0.0086766
122.98,1.8066,109.07,0.0088256,122.98,0.0086734
123.15,1.8051,109.23,0.0088227,123.15,0.0086702
123.32,1.8036,109.38,0.0088199,123.32,0.0086669
123.5,1.8021,109.53,0.0088171,123.5,0.0086636
123.67,1.8006,109.69,0.0088142,123.67,0.0086604
123.84,1.7991,109.84,0.0088114,123.84,0.0086571
124.01,1.7976,109.99,0.0088086,124.01,0.0086539
124.19,1.796,110.15,0.0088058,124.19,0.0086506
124.36,1.7945,110.3,0.0088029,124.36,0.0086474
124.53,1.7929,110.45,0.0088001,124.53,0.0086441
124.71,1.7914,110.61,0.0087972,124.71,0.0086409
124.88,1.7898,110.76,0.0087944,124.88,0.0086376
125.05,1.7882,110.92,0.0087916,125.05,0.0086344
125.23,1.7867,111.07,0.0087887,125.23,0.0086311
125.4,1.7851,111.22,0.0087859,125.4,0.0086279
125.57,1.7835,111.38,0.008783,125.57,0.0086246
125.75,1.7818,111.53,0.0087802,125.75,0.0086213
125.92,1.7802,111.68,0.0087773,125.92,0.008618
126.09,1.7786,111.84,0.0087745,126.09,0.0086148
126.27,1.7769,111.99,0.0087717,126.27,0.0086115
126.44,1.7753,112.14,0.0087688,126.44,0.0086082
126.61,1.7736,112.3,0.008766,126.61,0.008605
126.79,1.772,112.45,0.0087631,126.79,0.0086017
126.96,1.7703,112.61,0.0087602,126.96,0.0085984
127.13,1.7686,112.76,0.0087574,127.13,0.0085952
127.31,1.7669,112.91,0.0087545,127.31,0.0085919
127.48,1.7652,113.07,0.0087517,127.48,0.0085886
127.65,1.7635,113.22,0.0087488,127.65,0.0085854
127.83,1.7617,113.37,0.008746,127.83,0.0085821
128,1.76,113.53,0.0087431,128,0.0085788
128.17,1.7582,113.68,0.0087402,128.17,0.0085755
128.34,1.7565,113.83,0.0087374,128.34,0.0085723
128.52,1.7547,113.99,0.0087345,128.52,0.008569
128.69,1.7529,114.14,0.0087317,128.69,0.0085657
128.86,1.7511,114.3,0.0087288,128.86,0.0085625
129.04,1.7493,114.45,0.0087259,129.04,0.0085592
129.21,1.7475,114.6,0.0087231,129.21,0.0085559
129.38,1.7457,114.76,0.0087202,129.38,0.0085526
129.56,1.7438,114.91,0.0087173,129.56,0.0085494
129.73,1.742,115.06,0.0087144,129.73,0.0085461
129.9,1.7401,115.22,0.0087116,129.9,0.0085428
130.08,1.7383,115.37,0.0087087,130.08,0.0085396
130.25,1.7364,115.52,0.0087058,130.25,0.0085363
130.42,1.7345,115.68,0.0087029,130.42,0.008533
130.6,1.7326,115.83,0.0087001,130.6,0.0085298
130.77,1.7307,115.99,0.0086972,130.77,0.0085265
130.94,1.7287,116.14,0.0086943,130.94,0.0085232
131.12,1.7268,116.29,0.0086914,131.12,0.00852
131.29,1.7248,116.45,0.0086885,131.29,0.0085167
131.46,1.7229,116.6,0.0086856,131.46,0.0085135
131.64,1.7209,116.75,0.0086828,131.64,0.0085102
131.81,1.7189,116.91,0.0086799,131.81,0.008507
131.98,1.7168,117.06,0.008677,131.98,0.0085039
132.16,1.7147,117.21,0.0086741,132.16,0.0085008
132.33,1.7126,117.37,0.0086712,132.33,0.0084978
132.5,1.7105,117.52,0.0086683,132.5,0.0084947
132.68,1.7084,117.68,0.0086654,132.68,0.0084917
132.85,1.7063,117.83,0.0086625,132.85,0.0084886
133.02,1.7041,117.98,0.0086596,133.02,0.0084856
133.19,1.7019,118.14,0.0086568,133.19,0.0084826
133.37,1.6997,118.29,0.0086539,133.37,0.0084795
133.54,1.6975,118.44,0.008651,133.54,0.0084765
133.71,1.6953,118.6,0.0086481,133.71,0.0084735
133.89,1.6931,118.75,0.0086452,133.89,0.0084705
134.06,1.6909,118.9,0.0086423,134.06,0.0084675
134.23,1.6886,119.06,0.0086394,134.23,0.0084645
134.41,1.6863,119.21,0.0086365,134.41,0.0084615
134.58,1.684,119.37,0.0086336,134.58,0.0084585
134.75,1.6817,119.52,0.0086307,134.75,0.0084555
134.93,1.6794,119.67,0.0086278,134.93,0.0084526
135.1,1.6771,119.83,0.0086248,135.1,0.0084496
135.27,1.6747,119.98,0.0086219,135.27,0.0084467
135.45,1.6724,120.13,0.008619,135.45,0.0084437
135.62,1.67,120.29,0.0086161,135.62,0.0084407
135.79,1.6676,120.44,0.0086132,135.79,0.0084378
135.97,1.6652,120.59,0.0086103,135.97,0.0084349
136.14,1.6627,120.75,0.0086074,136.14,0.0084319
136.31,1.6603,120.9,0.0086045,136.31,0.008429
136.49,1.6578,121.05,0.0086016,136.49,0.008426
136.66,1.6553,121.21,0.0085987,136.66,0.0084231
136.83,1.6528,121.36,0.0085958,136.83,0.0084202
137.01,1.6503,121.52,0.0085929,137.01,0.0084173
137.18,1.6477,121.67,0.00859,137.18,0.0084144
137.35,1.6452,121.82,0.008587,137.35,0.0084115
137.52,1.6426,121.98,0.0085841,137.52,0.0084086
137.7,1.64,122.13,0.0085812,137.7,0.0084057
137.87,1.6374,122.28,0.0085783,137.87,0.0084029
138.04,1.6348,122.44,0.0085754,138.04,0.0084
138.22,1.6321,122.59,0.0085725,138.22,0.0083971
138.39,1.6295,122.74,0.0085696,138.39,0.0083942
138.56,1.6268,122.9,0.0085667,138.56,0.0083914
138.74,1.6241,123.05,0.0085638,138.74,0.0083885
138.91,1.6213,123.21,0.0085609,138.91,0.0083856
139.08,1.6186,123.36,0.0085579,139.08,0.0083828
139.26,1.6158,123.51,0.008555,139.26,0.00838
139.43,1.613,123.67,0.0085521,139.43,0.0083772
139.6,1.6102,123.82,0.0085492,139.6,0.0083744
139.78,1.6074,123.97,0.0085463,139.78,0.0083716
139.95,1.6045,124.13,0.0085434,139.95,0.0083687
140.12,1.6016,124.28,0.0085405,140.12,0.0083656
140.3,1.5986,124.43,0.0085376,140.3,0.0083625
140.47,1.5956,124.59,0.0085347,140.47,0.0083595
140.64,1.5926,124.74,0.0085318,140.64,0.0083564
140.82,1.5896,124.9,0.0085289,140.82,0.0083534
140.99,1.5865,125.05,0.008526,140.99,0.0083503
141.16,1.5835,125.2,0.0085231,141.16,0.0083473
141.34,1.5804,125.36,0.0085202,141.34,0.0083443
141.51,1.5772,125.51,0.0085173,141.51,0.0083413
141.68,1.5741,125.66,0.0085144,141.68,0.0083384
141.85,1.5709,125.82,0.0085115,141.85,0.0083354
142.03,1.5677,125.97,0.0085086,142.03,0.0083325
142.2,1.5645,126.12,0.0085057,142.2,0.0083296
142.37,1.5612,126.28,0.0085028,142.37,0.0083266
142.55,1.558,126.43,0.0084999,142.55,0.0083237
142.72,1.5547,126.59,0.008497,142.72,0.0083208
142.89,1.5514,126.74,0.0084941,142.89,0.0083179
143.07,1.548,126.89,0.0084912,143.07,0.008315
143.24,1.5446,127.05,0.0084884,143.24,0.0083121
143.41,1.5412,127.2,0.0084855,143.41,0.0083093
143.59,1.5378,127.35,0.0084826,143.59,0.0083064
143.76,1.5344,127.51,0.0084797,143.76,0.0083036
143.93,1.5309,127.66,0.0084768,143.93,0.0083008
144.11,1.5274,127.81,0.008474,144.11,0.0082981
144.28,1.5238,127.97,0.0084711,144.28,0.0082953
144.45,1.5202,128.12,0.0084682,144.45,0.0082926
144.63,1.5166,128.28,0.0084654,144.63,0.0082899
144.8,1.513,128.43,0.0084625,144.8,0.0082871
144.97,1.5093,128.58,0.0084597,144.97,0.0082844
145.15,1.5056,128.74,0.0084568,145.15,0.0082817
145.32,1.5019,128.89,0.008454,145.32,0.008279
145.49,1.4982,129.04,0.0084511,145.49,0.0082763
145.67,1.4944,129.2,0.0084483,145.67,0.0082736
145.84,1.4906,129.35,0.0084454,145.84,0.0082709
146.01,1.4868,129.5,0.0084426,146.01,0.0082684
146.19,1.4829,129.66,0.0084398,146.19,0.0082658
146.36,1.479,129.81,0.0084369,146.36,0.0082635
146.53,1.475,129.96,0.0084341,146.53,0.008262
146.7,1.471,130.12,0.0084313,146.7,0.0082605
146.88,1.467,130.27,0.0084285,146.88,0.008259
147.05,1.4629,130.43,0.0084256,147.05,0.0082575
147.22,1.4588,130.58,0.0084229,147.22,0.008256
147.4,1.4546,130.73,0.0084201,147.4,0.0082546
147.57,1.4504,130.89,0.0084173,147.57,0.0082531
147.74,1.4462,131.04,0.0084145,147.74,0.0082516
147.92,1.442,131.19,0.0084117,147.92,0.0082501
148.09,1.4377,131.35,0.0084089,148.09,0.0082486
148.26,1.4333,131.5,0.0084061,148.26,0.0082472
148.44,1.429,131.65,0.0084034,148.44,0.0082458
148.61,1.4246,131.81,0.0084006,148.61,0.0082444
148.78,1.4201,131.96,0.0083979,148.78,0.0082431
148.96,1.4157,132.12,0.0083951,148.96,0.0082417
149.13,1.4112,132.27,0.0083923,149.13,0.0082403
149.3,1.4066,132.42,0.0083896,149.3,0.0082389
149.48,1.402,132.58,0.0083869,149.48,0.0082376
149.65,1.3974,132.73,0.0083842,149.65,0.0082362
149.82,1.3927,132.88,0.0083815,149.82,0.0082348
150,1.388,133.04,0.0083788,150,0.0082334
150.17,1.3832,133.19,0.008376,150.17,0.008232
150.34,1.3784,133.34,0.0083733,150.34,0.0082306
150.52,1.3736,133.5,0.0083707,150.52,0.0082293
150.69,1.3687,133.65,0.008368,150.69,0.0082281
150.86,1.3638,133.81,0.0083653,150.86,0.0082269
151.03,1.3588,133.96,0.0083627,151.03,0.0082256
151.21,1.3538,134.11,0.00836,151.21,0.0082244
151.38,1.3487,134.27,0.0083574,151.38,0.0082232
151.55,1.3436,134.42,0.0083547,151.55,0.0082219
151.73,1.3385,134.57,0.0083521,151.73,0.0082185
151.9,1.3334,134.73,0.0083495,151.9,0.0082151
152.07,1.3282,134.88,0.0083469,152.07,0.0082117
152.25,1.3229,135.03,0.0083443,152.25,0.0082083
152.42,1.3176,135.19,0.0083417,152.42,0.008205
152.59,1.3122,135.34,0.0083391,152.59,0.0082016
152.77,1.3068,135.5,0.0083365,152.77,0.0081984
152.94,1.3013,135.65,0.008334,152.94,0.0081953
153.11,1.2958,135.8,0.0083315,153.11,0.0081922
153.29,1.2903,135.96,0.008329,153.29,0.0081892
153.46,1.2847,136.11,0.0083264,153.46,0.0081861
153.63,1.279,136.26,0.0083239,153.63,0.0081831
153.81,1.2733,136.42,0.0083214,153.81,0.0081801
153.98,1.2676,136.57,0.0083189,153.98,0.0081771
154.15,1.2618,136.72,0.0083165,154.15,0.0081742
154.33,1.256,136.88,0.008314,154.33,0.0081712
154.5,1.2501,137.03,0.0083116,154.5,0.0081683
154.67,1.2441,137.19,0.0083091,154.67,0.0081654
154.85,1.2381,137.34,0.0083066,154.85,0.0081626
155.02,1.232,137.49,0.0083042,155.02,0.0081598
155.19,1.2258,137.65,0.0083019,155.19,0.0081571
155.36,1.2196,137.8,0.0082995,155.36,0.0081545
155.54,1.2133,137.95,0.0082971,155.54,0.0081519
155.71,1.207,138.11,0.0082948,155.71,0.0081494
155.88,1.2007,138.26,0.0082924,155.88,0.0081468
156.06,1.1988,138.41,0.0082901,156.06,0.0081474
156.23,1.1969,138.57,0.0082878,156.23,0.008148
156.4,1.195,138.72,0.0082855,156.4,0.0081485
156.58,1.1932,138.88,0.0082832,156.58,0.0081491
156.75,1.1913,139.03,0.008281,156.75,0.0081496
156.92,1.1894,139.18,0.0082787,156.92,0.0081502
157.1,1.1875,139.34,0.0082765,157.1,0.0081507
157.27,1.1856,139.49,0.0082742,157.27,0.0081512
157.44,1.1836,139.64,0.0082721,157.44,0.0081519
157.62,1.1816,139.8,0.0082699,157.62,0.0081526
157.79,1.1796,139.95,0.0082678,157.79,0.0081533
157.96,1.1776,140.1,0.0082656,157.96,0.008154
158.14,1.1755,140.26,0.0082635,158.14,0.0081547
158.31,1.1735,140.41,0.0082613,158.31,0.0081553
158.48,1.1715,140.56,0.0082592,158.48,0.008156
158.66,1.1695,140.72,0.0082572,158.66,0.0081566
158.83,1.1674,140.87,0.0082552,158.83,0.0081572
159,1.1654,141.03,0.0082531,159,0.0081578
159.18,1.1634,141.18,0.0082511,159.18,0.0081584
159.35,1.1613,141.33,0.0082491,159.35,0.008159
159.52,1.1593,141.49,0.008247,159.52,0.0081596
159.7,1.1572,141.64,0.0082451,159.7,0.0081604
159.87,1.1551,141.79,0.0082432,159.87,0.0081611
160.04,1.153,141.95,0.0082414,160.04,0.0081619
160.21,1.1508,142.1,0.0082395,160.21,0.0081626
160.39,1.1488,142.25,0.0082376,160.39,0.0081572
160.56,1.1467,142.41,0.0082357,160.56,0.0081519
160.73,1.1447,142.56,0.0082338,160.73,0.0081466
160.91,1.1427,142.72,0.0082321,160.91,0.0081414
161.08,1.1407,142.87,0.0082303,161.08,0.0081363
161.25,1.1387,143.02,0.0082286,161.25,0.0081312
161.43,1.1366,143.18,0.0082268,161.43,0.0081262
161.6,1.1346,143.33,0.0082251,161.6,0.0081213
161.77,1.1326,143.48,0.0082233,161.77,0.0081164
161.95,1.1305,143.64,0.0082217,161.95,0.0081117
162.12,1.1285,143.79,0.0082201,162.12,0.0081071
162.29,1.1264,143.94,0.0082185,162.29,0.0081026
162.47,1.1244,144.1,0.0082169,162.47,0.0080981
162.64,1.1223,144.25,0.0082153,162.64,0.0080936
162.81,1.1202,144.41,0.0082137,162.81,0.0080892
162.99,1.118,144.56,0.0082121,162.99,0.0080849
163.16,1.1159,144.71,0.0082107,163.16,0.0080806
163.33,1.1138,144.87,0.0082093,163.33,0.0080763
163.51,1.1116,145.02,0.0082078,163.51,0.0080722
163.68,1.1095,145.17,0.0082064,163.68,0.008068
163.85,1.1074,145.33,0.008205,163.85,0.008064
164.03,1.1052,145.48,0.0082035,164.03,0.00806
164.2,1.1031,145.63,0.0082022,164.2,0.008056
164.37,1.101,145.79,0.008201,164.37,0.0080521
164.54,1.0988,145.94,0.0081997,164.54,0.0080483
164.72,1.0968,146.1,0.0081984,164.72,0.0080507
164.89,1.0948,146.25,0.0081972,164.89,0.0080531
165.06,1.0929,146.4,0.0081959,165.06,0.0080555
165.24,1.0909,146.56,0.0081947,165.24,0.0080578
165.41,1.0888,146.71,0.0081936,165.41,0.00806
165.58,1.0868,146.86,0.0081925,165.58,0.0080623
165.76,1.0847,147.02,0.0081915,165.76,0.0080645
165.93,1.0827,147.17,0.0081904,165.93,0.0080667
166.1,1.0807,147.32,0.0081893,166.1,0.0080688
166.28,1.0786,147.48,0.0081882,166.28,0.008071
166.45,1.0766,147.63,0.0081872,166.45,0.0080731
166.62,1.0746,147.79,0.0081863,166.62,0.0080752
166.8,1.0725,147.94,0.0081855,166.8,0.0080773
166.97,1.0705,148.09,0.0081846,166.97,0.0080794
167.14,1.0685,148.25,0.0081837,167.14,0.0080814
167.32,1.0665,148.4,0.0081828,167.32,0.0080834
167.49,1.0645,148.55,0.0081819,167.49,0.0080854
167.66,1.0625,148.71,0.0081812,167.66,0.0080874
167.84,1.0605,148.86,0.0081805,167.84,0.0080894
168.01,1.0585,149.01,0.0081798,168.01,0.0080913
168.18,1.0564,149.17,0.0081791,168.18,0.0080932
168.36,1.0544,149.32,0.0081784,168.36,0.0080951
168.53,1.0524,149.48,0.0081777,168.53,0.008097
168.7,1.0504,149.63,0.008177,168.7,0.0080989
168.87,1.0483,149.78,0.0081765,168.87,0.0081007
169.05,1.0464,149.94,0.008176,169.05,0.00808
169.22,1.0445,150.09,0.0081755,169.22,0.0080593
169.39,1.0425,150.24,0.008175,169.39,0.0080386
169.57,1.0406,150.4,0.0081745,169.57,0.0080179
169.74,1.0386,150.55,0.0081739,169.74,0.0079972
169.91,1.0367,150.7,0.0081736,169.91,0.0079766
170.09,1.0348,150.86,0.0081732,170.09,0.007956
170.26,1.0328,151.01,0.0081729,170.26,0.0079353
170.43,1.0309,151.16,0.0081726,170.43,0.0079147
170.61,1.029,151.32,0.0081723,170.61,0.0078941
170.78,1.027,151.47,0.0081719,170.78,0.0078735
170.95,1.0251,151.63,0.0081716,170.95,0.0078529
171.13,1.0231,151.78,0.0081715,171.13,0.0078322
171.3,1.0212,151.93,0.0081713,171.3,0.0078115
171.47,1.0193,152.09,0.0081711,171.47,0.0077908
171.65,1.0173,152.24,0.008171,171.65,0.0077702
171.82,1.0154,152.39,0.0081708,171.82,0.0077495
171.99,1.0135,152.55,0.0081707,171.99,0.0077288
172.17,1.0115,152.7,0.0081706,172.17,0.0077082
172.34,1.0096,152.85,0.0081706,172.34,0.0076875
172.51,1.0077,153.01,0.0081706,172.51,0.0076668
172.69,1.0058,153.16,0.0081706,172.69,0.0076462
172.86,1.0038,153.32,0.0081706,172.86,0.0076255
173.03,1.0019,153.47,0.0081706,173.03,0.0076048
173.21,1,153.62,0.0081706,173.21,0.0075842
