0,4,0,0.01,0,0.0099993
0.1732,3.9899,0.1732,0.01,0.15362,0.0099993
0.34641,3.9797,0.34641,0.01,0.30724,0.0099993
0.51962,3.9696,0.51962,0.01,0.46087,0.0099993
0.69282,3.9594,0.69282,0.01,0.61449,0.0099992
0.86603,3.9491,0.86603,0.01,0.76812,0.0099991
1.0392,3.9389,1.0392,0.01,0.92174,0.0099991
1.2124,3.9286,1.2124,0.01,1.0754,0.009999
1.3856,3.9183,1.3856,0.01,1.229,0.009999
1.5588,3.9079,1.5588,0.01,1.3826,0.0099989
1.7321,3.8975,1.7321,0.01,1.5362,0.0099989
1.9053,3.8871,1.9053,0.01,1.6899,0.0099989
2.0785,3.8767,2.0785,0.01,1.8435,0.0099989
2.2517,3.8662,2.2517,0.01,1.9971,0.0099988
2.4249,3.8559,2.4249,0.01,2.1507,0.0099988
2.5981,3.8456,2.5981,0.01,2.3043,0.0099988
2.7713,3.8353,2.7713,0.01,2.458,0.0099987
2.9445,3.8249,2.9445,0.01,2.6116,0.0099987
3.1177,3.8145,3.1177,0.01,2.7652,0.0099987
3.2909,3.8041,3.2909,0.01,2.9188,0.0099986
3.4641,3.7936,3.4641,0.01,3.0725,0.0099986
3.6373,3.7831,3.6373,0.01,3.2261,0.0099985
3.8105,3.7726,3.8105,0.01,3.3797,0.0099985
3.9837,3.7621,3.9837,0.01,3.5333,0.0099985
4.1569,3.7515,4.1569,0.01,3.687,0.0099984
4.3301,3.741,4.3301,0.01,3.8406,0.0099984
4.5033,3.7295,4.5033,0.01,3.9942,0.0099984
4.6765,3.7183,4.6765,0.01,4.1478,0.0099983
4.8497,3.7071,4.8497,0.01,4.3014,0.0099983
5.0229,3.6959,5.0229,0.01,4.4551,0.0099983
5.1962,3.6846,5.1962,0.01,4.6087,0.0099982
5.3694,3.6732,5.3694,0.01,4.7623,0.0099982
5.5426,3.6618,5.5426,0.01,4.9159,0.0099982
5.7158,3.6503,5.7158,0.01,5.0696,0.0099981
5.889,3.6387,5.889,0.01,5.2232,0.0099981
6.0622,3.6271,6.0622,0.01,5.3768,0.0099981
6.2354,3.6154,6.2354,0.01,5.5304,0.0099981
6.4086,3.6037,6.4086,0.01,5.684,0.009998
6.5818,3.5918,6.5818,0.01,5.8377,0.009998
6.755,3.5799,6.755,0.01,5.9913,0.009998
6.9282,3.5684,6.9282,0.01,6.1449,0.0099979
7.1014,3.5572,7.1014,0.01,6.2985,0.0099979
7.2746,3.5459,7.2746,0.01,6.4522,0.0099979
7.4478,3.5346,7.4478,0.01,6.6058,0.0099979
7.621,3.5233,7.621,0.01,6.7594,0.0099978
7.7942,3.5119,7.7942,0.01,6.913,0.0099978
7.9674,3.5005,7.9674,0.01,7.0667,0.0099977
8.1406,3.4891,8.1406,0.01,7.2203,0.0099977
8.3138,3.4776,8.3138,0.01,7.3739,0.0099977
8.4871,3.4661,8.4871,0.01,7.5275,0.0099977
8.6603,3.4546,8.6603,0.01,7.6811,0.0099977
8.8335,3.4411,8.8335,0.01,7.8348,0.0099976
9.0067,3.4276,9.0067,0.01,7.9884,0.0099976
9.1799,3.4144,9.1799,0.01,8.142,0.0099975
9.3531,3.402,9.3531,0.01,8.2956,0.0099975
9.5263,3.3895,9.5263,0.01,8.4493,0.0099975
9.6995,3.3771,9.6995,0.01,8.6029,0.0099975
9.8727,3.3646,9.8727,0.01,8.7565,0.0099975
10.046,3.3522,10.046,0.01,8.9101,0.0099974
10.219,3.3399,10.219,0.01,9.0638,0.0099974
10.392,3.3275,10.392,0.01,9.2174,0.0099974
10.566,3.3152,10.566,0.01,9.371,0.0099973
10.739,3.3029,10.739,0.01,9.5246,0.0099973
10.912,3.2906,10.912,0.01,9.6782,0.0099973
11.085,3.2783,11.085,0.01,9.8319,0.0099973
11.258,3.2661,11.258,0.01,9.9855,0.0099972
11.432,3.2541,11.432,0.01,10.139,0.0099972
11.605,3.2429,11.605,0.01,10.293,0.0099972
11.778,3.2317,11.778,0.01,10.446,0.0099972
11.951,3.2206,11.951,0.01,10.6,0.0099971
12.124,3.2096,12.124,0.01,10.754,0.0099971
12.298,3.1985,12.298,0.01,10.907,0.0099971
12.471,3.1875,12.471,0.01,11.061,0.009997
12.644,3.1766,12.644,0.01,11.214,0.009997
12.817,3.1657,12.817,0.01,11.368,0.009997
12.99,3.1548,12.99,0.01,11.522,0.009997
13.164,3.1423,13.164,0.01,11.675,0.0099969
13.337,3.1299,13.337,0.01,11.829,0.0099969
13.51,3.1176,13.51,0.01,11.983,0.0099969
13.683,3.1055,13.683,0.01,12.136,0.0099968
13.856,3.0942,13.856,0.01,12.29,0.0099968
14.03,3.083,14.03,0.01,12.443,0.0099968
14.203,3.0719,14.203,0.01,12.597,0.0099968
14.376,3.0608,14.376,0.01,12.751,0.0099967
14.549,3.0499,14.549,0.01,12.904,0.0099967
14.722,3.039,14.722,0.01,13.058,0.0099966
14.896,3.0283,14.896,0.01,13.212,0.0099966
15.069,3.0176,15.069,0.01,13.365,0.0099966
15.242,3.0069,15.242,0.01,13.519,0.0099966
15.415,2.9964,15.415,0.01,13.672,0.0099965
15.588,2.9859,15.588,0.01,13.826,0.0099965
15.762,2.9756,15.762,0.01,13.98,0.0099964
15.935,2.9653,15.935,0.01,14.133,0.0099964
16.108,2.9556,16.108,0.01,14.287,0.0099964
16.281,2.9461,16.281,0.01,14.441,0.0099963
16.454,2.9367,16.454,0.01,14.594,0.0099963
16.628,2.9273,16.628,0.01,14.748,0.0099963
16.801,2.918,16.801,0.01,14.901,0.0099962
16.974,2.9088,16.974,0.01,15.055,0.0099962
17.147,2.8997,17.147,0.01,15.209,0.0099961
17.321,2.8906,17.321,0.01,15.362,0.0099961
17.494,2.8807,17.494,0.01,15.516,0.0099961
17.667,2.8709,17.667,0.01,15.67,0.009996
17.84,2.8611,17.84,0.01,15.823,0.009996
18.013,2.8515,18.013,0.01,15.977,0.0099959
18.187,2.8419,18.187,0.01,16.13,0.0099958
18.36,2.8328,18.36,0.01,16.284,0.0099958
18.533,2.8239,18.533,0.01,16.438,0.0099958
18.706,2.8151,18.706,0.01,16.591,0.0099958
18.879,2.8063,18.879,0.01,16.745,0.0099957
19.053,2.7977,19.053,0.01,16.899,0.0099957
19.226,2.7891,19.226,0.01,17.052,0.0099956
19.399,2.7806,19.399,0.01,17.206,0.0099955
19.572,2.7722,19.572,0.01,17.359,0.0099955
19.745,2.7639,19.745,0.01,17.513,0.0099955
19.919,2.7556,19.919,0.01,17.667,0.0099955
20.092,2.7474,20.092,0.01,17.82,0.0099954
20.265,2.7393,20.265,0.01,17.974,0.0099953
20.438,2.7313,20.438,0.01,18.128,0.0099953
20.611,2.7235,20.611,0.01,18.281,0.0099952
20.785,2.716,20.785,0.01,18.435,0.0099952
20.958,2.7086,20.958,0.01,18.588,0.0099952
21.131,2.7012,21.131,0.01,18.742,0.0099951
21.304,2.6939,21.304,0.01,18.896,0.0099951
21.477,2.6866,21.477,0.01,19.049,0.009995
21.651,2.6794,21.651,0.01,19.203,0.0099949
21.824,2.6719,21.824,0.01,19.356,0.0099949
21.997,2.6644,21.997,0.01,19.51,0.0099949
22.17,2.657,22.17,0.01,19.664,0.0099948
22.343,2.6497,22.343,0.01,19.817,0.0099948
22.517,2.6424,22.517,0.01,19.971,0.0099947
22.69,2.6352,22.69,0.01,20.125,0.0099946
22.863,2.6282,22.863,0.01,20.278,0.0099945
23.036,2.6215,23.036,0.01,20.432,0.0099945
23.209,2.6148,23.209,0.01,20.585,0.0099945
23.383,2.6081,23.383,0.01,20.739,0.0099945
23.556,2.6016,23.556,0.01,20.893,0.0099944
23.729,2.5951,23.729,0.01,21.046,0.0099943
23.902,2.5886,23.902,0.01,21.2,0.0099942
24.076,2.5822,24.076,0.01,21.354,0.0099942
24.249,2.5759,24.249,0.01,21.507,0.0099942
24.422,2.5696,24.422,0.01,21.661,0.0099942
24.595,2.5634,24.595,0.01,21.814,0.0099941
24.768,2.5572,24.768,0.01,21.968,0.009994
24.942,2.5511,24.942,0.01,22.122,0.0099939
25.115,2.5451,25.115,0.01,22.275,0.0099939
25.288,2.5394,25.288,0.01,22.429,0.0099938
25.461,2.5337,25.461,0.01,22.583,0.0099938
25.634,2.528,25.634,0.01,22.736,0.0099938
25.808,2.5224,25.808,0.01,22.89,0.0099937
25.981,2.5169,25.981,0.01,23.043,0.0099937
26.154,2.5114,26.154,0.01,23.197,0.0099936
26.327,2.506,26.327,0.01,23.351,0.0099935
26.5,2.5006,26.5,0.01,23.504,0.0099935
26.674,2.4952,26.674,0.01,23.658,0.0099935
26.847,2.4899,26.847,0.01,23.812,0.0099934
27.02,2.4846,27.02,0.01,23.965,0.0099934
27.193,2.4792,27.193,0.01,24.119,0.0099933
27.366,2.474,27.366,0.01,24.272,0.0099932
27.54,2.469,27.54,0.01,24.426,0.0099932
27.713,2.464,27.713,0.01,24.58,0.0099932
27.886,2.459,27.886,0.01,24.733,0.0099932
28.059,2.4541,28.059,0.01,24.887,0.0099931
28.232,2.4493,28.232,0.01,25.041,0.009993
28.406,2.4445,28.406,0.01,25.194,0.009993
28.579,2.4397,28.579,0.01,25.348,0.0099929
28.752,2.435,28.752,0.01,25.501,0.0099929
28.925,2.4303,28.925,0.01,25.655,0.0099929
29.098,2.4256,29.098,0.01,25.809,0.0099928
29.272,2.421,29.272,0.01,25.962,0.0099928
29.445,2.4165,29.445,0.01,26.116,0.0099927
29.618,2.412,29.618,0.01,26.27,0.0099926
29.791,2.4076,29.791,0.01,26.423,0.0099926
29.964,2.4034,29.964,0.01,26.577,0.0099926
30.138,2.3991,30.138,0.01,26.73,0.0099926
30.311,2.3949,30.311,0.01,26.884,0.0099925
30.484,2.3907,30.484,0.01,27.038,0.0099924
30.657,2.3866,30.657,0.01,27.191,0.0099924
30.831,2.3825,30.831,0.01,27.345,0.0099923
31.004,2.3784,31.004,0.01,27.499,0.0099923
31.177,2.3744,31.177,0.01,27.652,0.0099923
31.35,2.3704,31.35,0.01,27.806,0.0099922
31.523,2.3665,31.523,0.01,27.959,0.0099921
31.697,2.3626,31.697,0.01,28.113,0.0099921
31.87,2.3587,31.87,0.01,28.267,0.009992
32.043,2.3549,32.043,0.01,28.42,0.009992
32.216,2.3512,32.216,0.01,28.574,0.0099919
32.389,2.3476,32.389,0.01,28.727,0.0099919
32.563,2.344,32.563,0.01,28.881,0.0099918
32.736,2.3404,32.736,0.01,29.035,0.0099917
32.909,2.3368,32.909,0.01,29.188,0.0099917
33.082,2.3333,33.082,0.01,29.342,0.0099916
33.255,2.3298,33.255,0.01,29.496,0.0099915
33.429,2.3263,33.429,0.01,29.649,0.0099915
33.602,2.3229,33.602,0.01,29.803,0.0099914
33.775,2.3195,33.775,0.01,29.956,0.0099913
33.948,2.3162,33.948,0.01,30.11,0.0099912
34.121,2.3129,34.121,0.01,30.264,0.0099911
34.295,2.3096,34.295,0.01,30.417,0.009991
34.468,2.3065,34.468,0.01,30.571,0.0099909
34.641,2.3033,34.641,0.01,30.725,0.0099908
34.814,2.3002,34.814,0.01,30.878,0.0099907
34.987,2.2971,34.987,0.0099999,31.032,0.0099906
35.161,2.2941,35.161,0.0099999,31.185,0.0099905
35.334,2.2911,35.334,0.0099999,31.339,0.0099904
35.507,2.2881,35.507,0.0099999,31.493,0.0099903
35.68,2.2851,35.68,0.0099999,31.646,0.0099902
35.853,2.2821,35.853,0.0099999,31.8,0.00999
36.027,2.2792,36.027,0.0099998,31.954,0.0099899
36.2,2.2763,36.2,0.0099998,32.107,0.0099897
36.373,2.2734,36.373,0.0099998,32.261,0.0099896
36.546,2.2706,36.546,0.0099998,32.414,0.0099894
36.719,2.2678,36.719,0.0099997,32.568,0.0099892
36.893,2.2651,36.893,0.0099996,32.722,0.0099891
37.066,2.2624,37.066,0.0099996,32.875,0.0099889
37.239,2.2597,37.239,0.0099995,33.029,0.0099887
37.412,2.2571,37.412,0.0099994,33.183,0.0099885
37.585,2.2544,37.585,0.0099993,33.336,0.0099883
37.759,2.2518,37.759,0.0099993,33.49,0.009988
37.932,2.2492,37.932,0.0099992,33.643,0.0099878
38.105,2.2466,38.105,0.0099991,33.797,0.0099875
38.278,2.2441,38.278,0.009999,33.951,0.0099872
38.452,2.2415,38.452,0.0099989,34.104,0.009987
38.625,2.239,38.625,0.0099988,34.258,0.0099867
38.798,2.2366,38.798,0.0099986,34.412,0.0099864
38.971,2.2342,38.971,0.0099983,34.565,0.009986
39.144,2.2318,39.144,0.0099981,34.719,0.0099857
39.318,2.2294,39.318,0.0099978,34.872,0.0099853
39.491,2.2271,39.491,0.0099975,35.026,0.009985
39.664,2.2248,39.664,0.0099971,35.18,0.0099846
39.837,2.2224,39.837,0.0099968,35.333,0.0099842
40.01,2.2202,40.01,0.0099965,35.487,0.0099838
40.184,2.2179,40.184,0.0099961,35.641,0.0099833
40.357,2.2156,40.357,0.0099957,35.794,0.0099828
40.53,2.2134,40.53,0.0099954,35.948,0.0099823
40.703,2.2112,40.703,0.009995,36.101,0.0099818
40.876,2.209,40.876,0.0099946,36.255,0.0099813
41.05,2.2068,41.05,0.0099941,36.409,0.0099808
41.223,2.2047,41.223,0.0099931,36.562,0.0099801
41.396,2.2026,41.396,0.009992,36.716,0.0099795
41.569,2.2007,41.569,0.0099896,36.869,0.0099788
41.742,2.1987,41.742,0.0099869,37.023,0.0099781
41.916,2.1967,41.916,0.009984,37.177,0.0099775
42.089,2.1948,42.089,0.0099808,37.33,0.0099768
42.262,2.1929,42.262,0.0099775,37.484,0.009976
42.435,2.191,42.435,0.0099739,37.638,0.0099752
42.608,2.1891,42.608,0.0099701,37.791,0.0099743
42.782,2.1872,42.782,0.0099662,37.945,0.0099735
42.955,2.1853,42.955,0.009962,38.098,0.0099726
43.128,2.1835,43.128,0.0099576,38.252,0.0099717
43.301,2.1816,43.301,0.0099531,38.406,0.0099709
43.474,2.1799,43.474,0.009946,38.559,0.0099698
43.648,2.1781,43.648,0.0099385,38.713,0.0099687
43.821,2.1763,43.821,0.0099307,38.867,0.0099676
43.994,2.1746,43.994,0.0099225,39.02,0.0099665
44.167,2.1729,44.167,0.009914,39.174,0.0099653
44.34,2.1712,44.34,0.0099051,39.327,0.0099642
44.514,2.1695,44.514,0.0098959,39.481,0.009963
44.687,2.1678,44.687,0.0098864,39.635,0.0099616
44.86,2.1661,44.86,0.0098765,39.788,0.0099603
45.033,2.1645,45.033,0.0098663,39.942,0.0099589
45.207,2.1628,45.207,0.0098557,40.096,0.0099574
45.38,2.1612,45.38,0.0098448,40.249,0.009956
45.553,2.1596,45.553,0.0098336,40.403,0.0099545
45.726,2.158,45.726,0.0098175,40.556,0.0099529
45.899,2.1564,45.899,0.0097999,40.71,0.0099513
46.073,2.1549,46.073,0.0097819,40.864,0.0099496
46.246,2.1533,46.246,0.0097633,41.017,0.0099479
46.419,2.1518,46.419,0.0097443,41.171,0.0099461
46.592,2.1503,46.592,0.0097247,41.325,0.0099443
46.765,2.1488,46.765,0.0097046,41.478,0.0099424
46.939,2.1473,46.939,0.009684,41.632,0.0099404
47.112,2.1458,47.112,0.0096629,41.785,0.0099384
47.285,2.1444,47.285,0.0096413,41.939,0.0099364
47.458,2.1429,47.458,0.0096192,42.093,0.0099342
47.631,2.1415,47.631,0.0095966,42.246,0.009932
47.805,2.14,47.805,0.0095735,42.4,0.0099298
47.978,2.1386,47.978,0.0095435,42.554,0.0099275
48.151,2.1372,48.151,0.00951,42.707,0.0099251
48.324,2.1359,48.324,0.0094757,42.861,0.0099228
48.497,2.1345,48.497,0.0094408,43.014,0.0099203
48.671,2.1331,48.671,0.0094052,43.168,0.0099177
48.844,2.1318,48.844,0.0093689,43.322,0.009915
49.017,2.1305,49.017,0.0093319,43.475,0.0099124
49.19,2.1291,49.19,0.0092942,43.629,0.0099097
49.363,2.1278,49.363,0.0092559,43.783,0.0099069
49.537,2.1265,49.537,0.009217,43.936,0.0099041
49.71,2.1252,49.71,0.0091773,44.09,0.0099011
49.883,2.1239,49.883,0.0091371,44.243,0.009898
50.056,2.1227,50.056,0.0090961,44.397,0.009895
50.229,2.1214,50.229,0.0090478,44.551,0.0098919
50.403,2.1202,50.403,0.0089927,44.704,0.0098887
50.576,2.1189,50.576,0.0089368,44.858,0.0098855
50.749,2.1177,50.749,0.0088801,45.012,0.0098823
50.922,2.1165,50.922,0.0088225,45.165,0.0098787
51.095,2.1153,51.095,0.0087642,45.319,0.0098752
51.269,2.1141,51.269,0.0087051,45.472,0.0098716
51.442,2.113,51.442,0.0086452,45.626,0.0098681
51.615,2.1118,51.615,0.0085845,45.78,0.0098646
51.788,2.1106,51.788,0.008523,45.933,0.009861
51.962,2.1095,51.962,0.0084605,46.087,0.0098572
52.135,2.1084,52.135,0.0083934,46.24,0.0098532
52.308,2.1073,52.308,0.0083257,46.394,0.0098491
52.481,2.1063,52.481,0.0082523,46.548,0.0098452
52.654,2.1052,52.654,0.0081697,46.701,0.0098413
52.828,2.1042,52.828,0.0080867,46.855,0.0098373
53.001,2.1032,53.001,0.0080031,47.009,0.0098334
53.174,2.1022,53.174,0.0079191,47.162,0.0098288
53.347,2.1012,53.347,0.0078346,47.316,0.0098243
53.52,2.1002,53.52,0.0077496,47.469,0.0098198
53.694,2.0992,53.694,0.0076641,47.623,0.0098155
53.867,2.0982,53.867,0.0075782,47.777,0.0098113
54.04,2.0973,54.04,0.0074918,47.93,0.009807
54.213,2.0963,54.213,0.0074049,48.084,0.0098024
54.386,2.0953,54.386,0.0073176,48.238,0.0097974
54.56,2.0944,54.56,0.0072298,48.391,0.0097925
54.733,2.0934,54.733,0.0071394,48.545,0.0097875
54.906,2.0925,54.906,0.0070408,48.698,0.009783
55.079,2.0916,55.079,0.006942,48.852,0.0097784
55.252,2.0907,55.252,0.006843,49.006,0.0097738
55.426,2.0898,55.426,0.0067438,49.159,0.0097685
55.599,2.0889,55.599,0.0066443,49.313,0.0097631
55.772,2.088,55.772,0.0065446,49.467,0.0097577
55.945,2.0871,55.945,0.0064446,49.62,0.0097526
56.118,2.0862,56.118,0.0063445,49.774,0.0097477
56.292,2.0853,56.292,0.0062441,49.927,0.0097429
56.465,2.0844,56.465,0.0061436,50.081,0.0097378
56.638,2.0836,56.638,0.0060428,50.235,0.0097319
56.811,2.0827,56.811,0.0059417,50.388,0.0097262
56.984,2.0818,56.984,0.0058403,50.542,0.0097204
57.158,2.081,57.158,0.0057356,50.696,0.0097153
57.331,2.0802,57.331,0.005631,50.849,0.0097102
57.504,2.0793,57.504,0.0055264,51.003,0.009705
57.677,2.0785,57.677,0.0054218,51.156,0.0096992
57.85,2.0777,57.85,0.0053173,51.31,0.009693
58.024,2.0769,58.024,0.0052129,51.464,0.0096869
58.197,2.0761,58.197,0.0051085,51.617,0.0096812
58.37,2.0753,58.37,0.0050042,51.771,0.0096759
58.543,2.0745,58.543,0.0048999,51.925,0.0096706
58.717,2.0737,58.717,0.0047957,52.078,0.0096651
58.89,2.0729,58.89,0.0046916,52.232,0.0096587
59.063,2.0721,59.063,0.0045875,52.385,0.0096522
59.236,2.0713,59.236,0.0044834,52.539,0.0096457
59.409,2.0706,59.409,0.004383,52.693,0.0096402
59.583,2.0698,59.583,0.0042834,52.846,0.0096347
59.756,2.0691,59.756,0.0041841,53,0.0096294
59.929,2.0683,59.929,0.004085,53.154,0.0096231
60.102,2.0676,60.102,0.0039863,53.307,0.0096164
60.275,2.0668,60.275,0.0038878,53.461,0.0096097
60.449,2.0661,60.449,0.0037897,53.614,0.0096033
60.622,2.0654,60.622,0.0036918,53.768,0.0095979
60.795,2.0647,60.795,0.0035943,53.922,0.0095924
60.968,2.0639,60.968,0.003497,54.075,0.0095868
61.141,2.0632,61.141,0.0034,54.229,0.0095799
61.315,2.0625,61.315,0.0033033,54.383,0.009573
61.488,2.0618,61.488,0.0032069,54.536,0.009566
61.661,2.0611,61.661,0.0031181,54.69,0.0095602
61.834,2.0604,61.834,0.0030323,54.843,0.0095545
62.007,2.0597,62.007,0.002947,54.997,0.009549
62.181,2.0591,62.181,0.0028622,55.151,0.0095427
62.354,2.0584,62.354,0.0027779,55.304,0.0095356
62.527,2.0577,62.527,0.002694,55.458,0.0095286
62.7,2.057,62.7,0.0026105,55.611,0.0095218
62.873,2.0564,62.873,0.0025275,55.765,0.0095161
63.047,2.0557,63.047,0.002445,55.919,0.0095105
63.22,2.0551,63.22,0.0023629,56.072,0.0095049
63.393,2.0544,63.393,0.0022812,56.226,0.0094979
63.566,2.0538,63.566,0.0022,56.38,0.0094907
63.739,2.0531,63.739,0.0021192,56.533,0.0094836
63.913,2.0525,63.913,0.0020463,56.687,0.0094772
64.086,2.0518,64.086,0.0019793,56.84,0.0094717
64.259,2.0512,64.259,0.0019129,56.994,0.0094661
64.432,2.0506,64.432,0.001847,57.148,0.00946
64.605,2.05,64.605,0.0017816,57.301,0.0094529
64.779,2.0494,64.779,0.0017167,57.455,0.0094455
64.952,2.0488,64.952,0.0016524,57.609,0.0094384
65.125,2.0481,65.125,0.0015885,57.762,0.0094329
65.298,2.0475,65.298,0.0015252,57.916,0.0094273
65.472,2.0469,65.472,0.0014624,58.069,0.0094218
65.645,2.0463,65.645,0.0014001,58.223,0.0094151
65.818,2.0457,65.818,0.0013384,58.377,0.0094077
65.991,2.0452,65.991,0.0012771,58.53,0.0094005
66.164,2.0446,66.164,0.0012217,58.684,0.0093939
66.338,2.044,66.338,0.0011749,58.838,0.0093885
66.511,2.0435,66.511,0.001129,58.991,0.0093831
66.684,2.0429,66.684,0.0010835,59.145,0.0093773
66.857,2.0424,66.857,0.0010387,59.298,0.0093701
67.03,2.0419,67.03,0.00099436,59.452,0.0093628
67.204,2.0413,67.204,0.0009506,59.606,0.0093555
67.377,2.0408,67.377,0.00090778,59.759,0.0093499
67.55,2.0403,67.55,0.00086572,59.913,0.0093446
67.723,2.0398,67.723,0.00082433,60.067,0.0093392
67.896,2.0393,67.896,0.00078362,60.22,0.0093328
68.07,2.0387,68.07,0.00074358,60.374,0.0093256
68.243,2.0382,68.243,0.00070421,60.527,0.0093182
68.416,2.0377,68.416,0.00066795,60.681,0.0093116
68.589,2.0372,68.589,0.00063901,60.835,0.0093063
68.762,2.0367,68.762,0.00061049,60.988,0.009301
68.936,2.0362,68.936,0.00058239,61.142,0.0092958
69.109,2.0357,69.109,0.0005547,61.296,0.0092886
69.282,2.0352,69.282,0.00052742,61.449,0.0092815
69.455,2.0347,69.455,0.00050055,61.603,0.0092744
69.628,2.0343,69.628,0.00047473,61.756,0.0092685
69.802,2.0338,69.802,0.0004497,61.91,0.0092634
69.975,2.0333,69.975,0.00042515,62.064,0.0092583
70.148,2.0328,70.148,0.0004011,62.217,0.0092523
70.321,2.0323,70.321,0.00037754,62.371,0.0092452
70.494,2.0319,70.494,0.00035446,62.525,0.009238
70.668,2.0314,70.668,0.00033247,62.678,0.0092312
70.841,2.0309,70.841,0.00031605,62.832,0.0092262
71.014,2.0304,71.014,0.0002999,62.985,0.0092211
71.187,2.03,71.187,0.00028405,63.139,0.0092161
71.36,2.0295,71.36,0.00026847,63.293,0.0092094
71.534,2.0291,71.534,0.00025318,63.446,0.0092024
71.707,2.0286,71.707,0.00023817,63.6,0.0091954
71.88,2.0282,71.88,0.00022394,63.754,0.0091895
72.053,2.0277,72.053,0.00021049,63.907,0.0091846
72.227,2.0273,72.227,0.00019736,64.061,0.0091797
72.4,2.0268,72.4,0.00018456,64.214,0.0091744
72.573,2.0264,72.573,0.0001721,64.368,0.0091673
72.746,2.0259,72.746,0.00015995,64.522,0.0091604
72.919,2.0255,72.919,0.00014814,64.675,0.0091535
73.093,2.025,73.093,0.00013949,64.829,0.0091486
73.266,2.0246,73.266,0.00013119,64.982,0.0091439
73.439,2.0242,73.439,0.00012308,65.136,0.009139
73.612,2.0237,73.612,0.00011514,65.29,0.0091329
73.785,2.0233,73.785,0.00010738,65.443,0.0091261
73.959,2.0229,73.959,9.9801e-05,65.597,0.0091192
74.132,2.0225,74.132,9.2677e-05,65.751,0.0091132
74.305,2.022,74.305,8.6225e-05,65.904,0.0091086
74.478,2.0216,74.478,7.998e-05,66.058,0.0091039
74.651,2.0212,74.651,7.394e-05,66.211,0.0090991
74.825,2.0208,74.825,6.8101e-05,66.365,0.0090923
74.998,2.0204,74.998,6.2465e-05,66.519,0.0090856
75.171,2.02,75.171,5.703e-05,66.672,0.0090789
75.344,2.0195,75.344,5.2814e-05,66.826,0.0090738
75.517,2.0191,75.517,0.00014571,66.98,0.0090694
75.691,2.0188,75.691,0.00029291,67.133,0.0090648
75.864,2.0184,75.864,0.00043954,67.287,0.0090592
76.037,2.018,76.037,0.00058561,67.44,0.0090526
76.21,2.0176,76.21,0.0007311,67.594,0.009046
76.383,2.0172,76.383,0.00087611,67.748,0.0090398
76.557,2.0168,76.557,0.0010209,67.901,0.0090354
76.73,2.0165,76.73,0.0011651,68.055,0.0090311
76.903,2.0161,76.903,0.0013087,68.209,0.0090265
77.076,2.0157,77.076,0.0014518,68.362,0.0090202
77.249,2.0153,77.249,0.0015943,68.516,0.0090137
77.423,2.015,77.423,0.0017362,68.669,0.0090072
77.596,2.0146,77.596,0.001878,68.823,0.0090021
77.769,2.0142,77.769,0.0020194,68.977,0.0089977
77.942,2.0138,77.942,0.0021603,69.13,0.0089935
78.115,2.0135,78.115,0.0023005,69.284,0.0089885
78.289,2.0131,78.289,0.0024402,69.438,0.008982
78.462,2.0127,78.462,0.0025794,69.591,0.0089756
78.635,2.0124,78.635,0.002718,69.745,0.0089693
78.808,2.012,78.808,0.0028561,69.898,0.0089651
78.982,2.0117,78.982,0.0029938,70.052,0.0089609
79.155,2.0113,79.155,0.0031308,70.206,0.0089566
79.328,2.011,79.328,0.0032673,70.359,0.0089508
79.501,2.0106,79.501,0.0034033,70.513,0.0089445
79.674,2.0102,79.674,0.0035387,70.667,0.0089381
79.848,2.0099,79.848,0.0036737,70.82,0.0089329
80.021,2.0095,80.021,0.0038082,70.974,0.0089289
80.194,2.0092,80.194,0.0039422,71.127,0.0089248
80.367,2.0088,80.367,0.0040757,71.281,0.0089203
80.54,2.0085,80.54,0.0042086,71.435,0.0089141
80.714,2.0082,80.714,0.004341,71.588,0.0089078
80.887,2.0078,80.887,0.0044729,71.742,0.0089016
81.06,2.0075,81.06,0.0046042,71.896,0.0088975
81.233,2.0071,81.233,0.004735,72.049,0.0088934
81.406,2.0068,81.406,0.0048653,72.203,0.0088895
81.58,2.0064,81.58,0.0049951,72.356,0.0088842
81.753,2.0061,81.753,0.0051243,72.51,0.008878
81.926,2.0058,81.926,0.005253,72.664,0.0088719
82.099,2.0054,82.099,0.0053812,72.817,0.0088664
82.272,2.0051,82.272,0.005509,72.971,0.0088626
82.446,2.0048,82.446,0.0056362,73.125,0.0088588
82.619,2.0044,82.619,0.0057629,73.278,0.0088548
82.792,2.0041,82.792,0.0058891,73.432,0.0088488
82.965,2.0038,82.965,0.0060148,73.585,0.0088428
83.138,2.0035,83.138,0.00614,73.739,0.0088367
83.312,2.0031,83.312,0.0062647,73.893,0.0088324
83.485,2.0028,83.485,0.0063889,74.046,0.0088285
83.658,2.0025,83.658,0.0065125,74.2,0.0088248
83.831,2.0022,83.831,0.0066357,74.353,0.00882
84.004,2.0018,84.004,0.0067584,74.507,0.008814
84.178,2.0015,84.178,0.0068805,74.661,0.0088081
84.351,2.0012,84.351,0.0070022,74.814,0.0088025
84.524,2.0009,84.524,0.0071234,74.968,0.0087988
84.697,2.0006,84.697,0.0072442,75.122,0.0087951
84.87,2.0002,84.87,0.0073644,75.275,0.0087914
85.044,1.9999,85.044,0.0074842,75.429,0.0087858
85.217,1.9996,85.217,0.0076034,75.582,0.0087799
85.39,1.9993,85.39,0.0077222,75.736,0.0087741
85.563,1.999,85.563,0.0078405,75.89,0.0087694
85.737,1.9987,85.737,0.0079584,76.043,0.0087659
85.91,1.9984,85.91,0.0080757,76.197,0.0087622
86.083,1.9981,86.083,0.0081926,76.351,0.008758
86.256,1.9977,86.256,0.008309,76.504,0.0087522
86.429,1.9974,86.429,0.008425,76.658,0.0087463
86.603,1.9971,86.603,0.0087406,76.811,0.0087406
86.776,1.9966,86.776,0.0088152,76.965,0.0087371
86.949,1.996,86.949,0.0088079,77.119,0.0087335
87.122,1.9954,87.122,0.0088006,77.272,0.00873
87.295,1.9948,87.295,0.0087933,77.426,0.0087249
87.469,1.9942,87.469,0.008786,77.58,0.0087191
87.642,1.9937,87.642,0.0087788,77.733,0.0087135
87.815,1.9931,87.815,0.0087716,77.887,0.0087086
87.988,1.9925,87.988,0.0087644,78.04,0.0087052
88.161,1.9919,88.161,0.0087573,78.194,0.0087018
88.335,1.9912,88.335,0.0087502,78.348,0.008698
88.508,1.9906,88.508,0.0087431,78.501,0.0086924
88.681,1.99,88.681,0.0087361,78.655,0.0086867
88.854,1.9894,88.854,0.008729,78.809,0.008681
89.027,1.9888,89.027,0.008722,78.962,0.0086772
89.201,1.9882,89.201,0.008715,79.116,0.0086739
89.374,1.9876,89.374,0.0087081,79.269,0.0086705
89.547,1.987,89.547,0.0087012,79.423,0.0086659
89.72,1.9864,89.72,0.0086943,79.577,0.0086603
89.893,1.9857,89.893,0.0086874,79.73,0.0086546
90.067,1.9851,90.067,0.0086805,79.884,0.0086497
90.24,1.9845,90.24,0.0086737,80.038,0.0086463
90.413,1.9839,90.413,0.0086669,80.191,0.008643
90.586,1.9832,90.586,0.0086601,80.345,0.0086398
90.759,1.9826,90.759,0.0086534,80.498,0.0086342
90.933,1.982,90.933,0.0086467,80.652,0.0086287
91.106,1.9813,91.106,0.0086399,80.806,0.0086232
91.279,1.9807,91.279,0.0086333,80.959,0.0086191
91.452,1.9801,91.452,0.0086266,81.113,0.008616
91.625,1.9794,91.625,0.00862,81.267,0.0086127
91.799,1.9788,91.799,0.0086134,81.42,0.0086085
91.972,1.9781,91.972,0.0086068,81.574,0.0086031
92.145,1.9775,92.145,0.0086002,81.727,0.0085975
92.318,1.9769,92.318,0.0085936,81.881,0.0085923
92.492,1.9762,92.492,0.0085871,82.035,0.0085891
92.665,1.9756,92.665,0.0085806,82.188,0.0085859
92.838,1.9749,92.838,0.0085741,82.342,0.0085828
93.011,1.9742,93.011,0.0085677,82.496,0.0085777
93.184,1.9736,93.184,0.0085612,82.649,0.0085722
93.358,1.9729,93.358,0.0085548,82.803,0.0085668
93.531,1.9723,93.531,0.0085484,82.956,0.0085626
93.704,1.9716,93.704,0.008542,83.11,0.0085595
93.877,1.9709,93.877,0.0085357,83.264,0.0085564
94.05,1.9703,94.05,0.0085294,83.417,0.0085528
94.224,1.9696,94.224,0.008523,83.571,0.0085472
94.397,1.9689,94.397,0.0085167,83.724,0.0085418
94.57,1.9683,94.57,0.0085104,83.878,0.0085363
94.743,1.9676,94.743,0.0085042,84.032,0.0085331
94.916,1.9669,94.916,0.008498,84.185,0.0085301
95.09,1.9662,95.09,0.0084917,84.339,0.008527
95.263,1.9655,95.263,0.0084855,84.493,0.0085224
95.436,1.9649,95.436,0.0084793,84.646,0.0085171
95.609,1.9642,95.609,0.0084732,84.8,0.0085116
95.782,1.9635,95.782,0.008467,84.953,0.0085072
95.956,1.9628,95.956,0.0084609,85.107,0.0085042
96.129,1.9621,96.129,0.0084548,85.261,0.0085011
96.302,1.9614,96.302,0.0084487,85.414,0.008498
96.475,1.9607,96.475,0.0084426,85.568,0.0084926
96.648,1.96,96.648,0.0084366,85.722,0.0084873
96.822,1.9593,96.822,0.0084305,85.875,0.0084819
96.995,1.9586,96.995,0.0084245,86.029,0.0084784
97.168,1.9579,97.168,0.0084185,86.182,0.0084755
97.341,1.9572,97.341,0.0084125,86.336,0.0084726
97.514,1.9565,97.514,0.0084065,86.49,0.0084684
97.688,1.9557,97.688,0.0084005,86.643,0.0084631
97.861,1.955,97.861,0.0083941,86.797,0.0084579
98.034,1.9543,98.034,0.0083869,86.951,0.0084531
98.207,1.9536,98.207,0.0083797,87.104,0.0084501
98.38,1.9528,98.38,0.0083725,87.258,0.0084473
98.554,1.9521,98.554,0.0083653,87.411,0.0084442
98.727,1.9513,98.727,0.0083582,87.565,0.0084392
98.9,1.9506,98.9,0.0083511,87.719,0.0084339
99.073,1.9498,99.073,0.008344,87.872,0.0084286
99.247,1.9491,99.247,0.008337,88.026,0.0084249
99.42,1.9483,99.42,0.00833,88.18,0.0084219
99.593,1.9476,99.593,0.008323,88.333,0.0084191
99.766,1.9468,99.766,0.008316,88.487,0.0084155
99.939,1.946,99.939,0.0083091,88.64,0.0084101
100.11,1.9453,100.11,0.0083022,88.794,0.008405
100.29,1.9445,100.29,0.0082953,88.948,0.0083998
100.46,1.9437,100.46,0.0082884,89.101,0.0083969
100.63,1.943,100.63,0.0082816,89.255,0.0083942
100.81,1.9422,100.81,0.0082748,89.409,0.0083912
100.98,1.9414,100.98,0.008268,89.562,0.0083866
101.15,1.9406,101.15,0.0082612,89.716,0.0083814
101.32,1.9398,101.32,0.0082545,89.869,0.0083761
101.5,1.939,101.5,0.0082478,90.023,0.0083721
101.67,1.9382,101.67,0.0082411,90.177,0.0083693
101.84,1.9375,101.84,0.0082344,90.33,0.0083665
102.02,1.9367,102.02,0.0082278,90.484,0.0083633
102.19,1.9359,102.19,0.0082211,90.638,0.0083581
102.36,1.935,102.36,0.0082145,90.791,0.0083528
102.54,1.9342,102.54,0.008208,90.945,0.0083476
102.71,1.9334,102.71,0.0082014,91.098,0.0083446
102.88,1.9326,102.88,0.0081949,91.252,0.0083418
103.06,1.9318,103.06,0.0081883,91.406,0.0083391
103.23,1.931,103.23,0.0081818,91.559,0.0083348
103.4,1.9302,103.4,0.0081753,91.713,0.0083296
103.58,1.9293,103.58,0.0081689,91.867,0.0083244
103.75,1.9285,103.75,0.0081624,92.02,0.0083199
103.92,1.9277,103.92,0.008156,92.174,0.0083173
104.1,1.9268,104.1,0.0081496,92.327,0.0083146
104.27,1.926,104.27,0.0081432,92.481,0.0083117
104.44,1.9252,104.44,0.0081369,92.635,0.0083066
104.62,1.9243,104.62,0.0081306,92.788,0.0083014
104.79,1.9235,104.79,0.0081242,92.942,0.0082962
104.96,1.9226,104.96,0.0081179,93.095,0.0082929
105.14,1.9218,105.14,0.0081116,93.249,0.0082901
105.31,1.9209,105.31,0.0081053,93.403,0.0082874
105.48,1.9201,105.48,0.0080991,93.556,0.0082836
105.66,1.9192,105.66,0.0080928,93.71,0.0082784
105.83,1.9183,105.83,0.0080866,93.864,0.0082733
106,1.9175,106,0.0080804,94.017,0.0082685
106.17,1.9166,106.17,0.0080742,94.171,0.0082658
106.35,1.9157,106.35,0.008068,94.324,0.0082631
106.52,1.9148,106.52,0.0080619,94.478,0.0082605
106.69,1.9139,106.69,0.0080557,94.632,0.0082556
106.87,1.913,106.87,0.0080496,94.785,0.0082504
107.04,1.9121,107.04,0.0080437,94.939,0.0082453
107.21,1.9112,107.21,0.0080385,95.093,0.0082415
107.39,1.9103,107.39,0.0080333,95.246,0.0082389
107.56,1.9094,107.56,0.0080281,95.4,0.0082362
107.73,1.9084,107.73,0.0080229,95.553,0.0082329
107.91,1.9075,107.91,0.0080177,95.707,0.0082278
108.08,1.9066,108.08,0.0080126,95.861,0.0082225
108.25,1.9056,108.25,0.0080075,96.014,0.0082174
108.43,1.9047,108.43,0.0080024,96.168,0.0082148
108.6,1.9037,108.6,0.0079973,96.322,0.0082121
108.77,1.9028,108.77,0.0079922,96.475,0.0082096
108.95,1.9018,108.95,0.0079871,96.629,0.0082052
109.12,1.9008,109.12,0.0079821,96.782,0.0081999
109.29,1.8999,109.29,0.0079771,96.936,0.0081948
109.47,1.8989,109.47,0.0079721,97.09,0.0081906
109.64,1.8979,109.64,0.007967,97.243,0.0081881
109.81,1.8969,109.81,0.007962,97.397,0.0081855
109.99,1.8959,109.99,0.007957,97.551,0.0081826
110.16,1.8949,110.16,0.007952,97.704,0.0081774
110.33,1.8939,110.33,0.007947,97.858,0.0081722
110.5,1.8929,110.5,0.0079421,98.011,0.008167
110.68,1.8919,110.68,0.0079372,98.165,0.008164
110.85,1.8909,110.85,0.0079322,98.319,0.0081615
111.02,1.8899,111.02,0.0079273,98.472,0.0081589
111.2,1.8889,111.2,0.0079224,98.626,0.008155
111.37,1.8879,111.37,0.0079176,98.78,0.0081497
111.54,1.8869,111.54,0.0079127,98.933,0.0081445
111.72,1.8858,111.72,0.0079078,99.087,0.0081401
111.89,1.8848,111.89,0.007903,99.24,0.0081376
112.06,1.8838,112.06,0.0078981,99.394,0.0081351
112.24,1.8827,112.24,0.0078932,99.548,0.0081325
112.41,1.8817,112.41,0.0078884,99.701,0.0081273
112.58,1.8806,112.58,0.0078835,99.855,0.0081222
112.76,1.8795,112.76,0.0078787,100.01,0.008117
112.93,1.8785,112.93,0.0078739,100.16,0.0081136
113.1,1.8774,113.1,0.0078691,100.32,0.008111
113.28,1.8763,113.28,0.0078643,100.47,0.0081086
113.45,1.8753,113.45,0.0078596,100.62,0.008105
113.62,1.8742,113.62,0.0078548,100.78,0.0080999
113.8,1.8731,113.8,0.0078501,100.93,0.0080946
113.97,1.872,113.97,0.0078454,101.08,0.0080897
114.14,1.8709,114.14,0.0078406,101.24,0.0080872
114.32,1.8698,114.32,0.0078358,101.39,0.0080847
114.49,1.8687,114.49,0.0078311,101.54,0.0080823
114.66,1.8676,114.66,0.0078263,101.7,0.0080776
114.83,1.8664,114.83,0.0078216,101.85,0.0080722
115.01,1.8653,115.01,0.0078169,102.01,0.008067
115.18,1.8642,115.18,0.0078122,102.16,0.0080633
115.35,1.8631,115.35,0.0078075,102.31,0.0080608
115.53,1.8619,115.53,0.0078028,102.47,0.0080584
115.7,1.8608,115.7,0.0077981,102.62,0.0080552
115.87,1.8596,115.87,0.0077934,102.77,0.0080499
116.05,1.8585,116.05,0.0077888,102.93,0.0080448
116.22,1.8573,116.22,0.0077842,103.08,0.0080395
116.39,1.8561,116.39,0.0077795,103.23,0.008037
116.57,1.855,116.57,0.0077748,103.39,0.0080344
116.74,1.8538,116.74,0.0077701,103.54,0.0080319
116.91,1.8526,116.91,0.0077654,103.7,0.0080277
117.09,1.8514,117.09,0.0077608,103.85,0.0080225
117.26,1.8502,117.26,0.0077561,104,0.0080173
117.43,1.849,117.43,0.0077515,104.16,0.008013
117.61,1.8478,117.61,0.0077469,104.31,0.0080106
117.78,1.8466,117.78,0.0077423,104.46,0.008008
117.95,1.8454,117.95,0.0077376,104.62,0.0080054
118.13,1.8441,118.13,0.007733,104.77,0.0080001
118.3,1.8429,118.3,0.0077285,104.92,0.0079948
118.47,1.8417,118.47,0.0077239,105.08,0.0079897
118.65,1.8404,118.65,0.0077192,105.23,0.0079866
118.82,1.8392,118.82,0.0077146,105.39,0.0079842
118.99,1.8379,118.99,0.00771,105.54,0.0079817
119.17,1.8366,119.17,0.0077054,105.69,0.0079777
119.34,1.8354,119.34,0.0077008,105.85,0.0079725
119.51,1.8341,119.51,0.0076962,106,0.0079674
119.68,1.8328,119.68,0.0076916,106.15,0.0079627
119.86,1.8315,119.86,0.007687,106.31,0.0079603
120.03,1.8302,120.03,0.0076824,106.46,0.0079578
120.2,1.8289,120.2,0.0076779,106.61,0.0079553
120.38,1.8276,120.38,0.0076733,106.77,0.0079502
120.55,1.8263,120.55,0.0076687,106.92,0.0079449
120.72,1.825,120.72,0.0076642,107.08,0.0079397
120.9,1.8236,120.9,0.0076596,107.23,0.0079361
121.07,1.8223,121.07,0.007655,107.38,0.0079336
121.24,1.821,121.24,0.0076504,107.54,0.0079312
121.42,1.8196,121.42,0.0076458,107.69,0.0079279
121.59,1.8182,121.59,0.0076412,107.84,0.0079225
121.76,1.8167,121.76,0.0076366,108,0.0079172
121.94,1.8153,121.94,0.007632,108.15,0.0079121
122.11,1.8139,122.11,0.0076274,108.3,0.0079096
122.28,1.8124,122.28,0.0076228,108.46,0.0079073
122.46,1.811,122.46,0.0076182,108.61,0.0079048
122.63,1.8095,122.63,0.0076137,108.77,0.0079001
122.8,1.8081,122.8,0.0076091,108.92,0.0078949
122.98,1.8066,122.98,0.0076046,109.07,0.0078895
123.15,1.8051,123.15,0.0076001,109.23,0.0078856
123.32,1.8036,123.32,0.0075955,109.38,0.0078832
123.5,1.8021,123.5,0.0075909,109.53,0.0078806
123.67,1.8006,123.67,0.0075864,109.69,0.0078776
123.84,1.7991,123.84,0.0075818,109.84,0.0078724
124.01,1.7976,124.01,0.0075773,109.99,0.007867
124.19,1.796,124.19,0.0075728,110.15,0.0078618
124.36,1.7945,124.36,0.0075683,110.3,0.007859
124.53,1.7929,124.53,0.0075638,110.45,0.0078565
124.71,1.7914,124.71,0.0075593,110.61,0.0078541
124.88,1.7898,124.88,0.0075548,110.76,0.0078499
125.05,1.7882,125.05,0.0075503,110.92,0.0078446
125.23,1.7867,125.23,0.0075459,111.07,0.0078393
125.4,1.7851,125.4,0.0075414,111.22,0.0078348
125.57,1.7835,125.57,0.0075369,111.38,0.0078323
125.75,1.7818,125.75,0.0075323,111.53,0.0078299
125.92,1.7802,125.92,0.0075278,111.68,0.0078273
126.09,1.7786,126.09,0.0075233,111.84,0.0078219
126.27,1.7769,126.27,0.0075188,111.99,0.0078166
126.44,1.7753,126.44,0.0075143,112.14,0.0078112
126.61,1.7736,126.61,0.0075098,112.3,0.0078081
126.79,1.772,126.79,0.0075053,112.45,0.0078056
126.96,1.7703,126.96,0.0075009,112.61,0.0078031
127.13,1.7686,127.13,0.0074964,112.76,0.0077993
127.31,1.7669,127.31,0.007492,112.91,0.0077939
127.48,1.7652,127.48,0.0074875,113.07,0.0077886
127.65,1.7635,127.65,0.0074831,113.22,0.0077838
127.83,1.7617,127.83,0.0074786,113.37,0.0077812
128,1.76,128,0.007474,113.53,0.0077788
128.17,1.7582,128.17,0.0074695,113.68,0.0077764
128.34,1.7565,128.34,0.0074649,113.83,0.0077713
128.52,1.7547,128.52,0.0074604,113.99,0.0077659
128.69,1.7529,128.69,0.0074559,114.14,0.0077604
128.86,1.7511,128.86,0.0074514,114.3,0.0077567
129.04,1.7493,129.04,0.0074469,114.45,0.0077543
129.21,1.7475,129.21,0.0074424,114.6,0.0077518
129.38,1.7457,129.38,0.0074379,114.76,0.0077485
129.56,1.7438,129.56,0.0074335,114.91,0.007743
129.73,1.742,129.73,0.007429,115.06,0.0077375
129.9,1.7401,129.9,0.0074245,115.22,0.0077321
130.08,1.7383,130.08,0.0074199,115.37,0.0077297
130.25,1.7364,130.25,0.0074154,115.52,0.0077272
130.42,1.7345,130.42,0.0074108,115.68,0.0077247
130.6,1.7326,130.6,0.0074063,115.83,0.0077202
130.77,1.7307,130.77,0.0074017,115.99,0.0077146
130.94,1.7287,130.94,0.0073971,116.14,0.0077092
131.12,1.7268,131.12,0.0073926,116.29,0.0077049
131.29,1.7248,131.29,0.007388,116.45,0.0077023
131.46,1.7229,131.46,0.0073835,116.6,0.0076999
131.64,1.7209,131.64,0.007379,116.75,0.007697
131.81,1.7189,131.81,0.0073744,116.91,0.0076915
131.98,1.7168,131.98,0.0073699,117.06,0.007686
132.16,1.7147,132.16,0.0073655,117.21,0.0076804
132.33,1.7126,132.33,0.0073609,117.37,0.0076774
132.5,1.7105,132.5,0.0073563,117.52,0.007675
132.68,1.7084,132.68,0.0073518,117.68,0.0076724
132.85,1.7063,132.85,0.0073472,117.83,0.0076683
133.02,1.7041,133.02,0.0073427,117.98,0.0076627
133.19,1.7019,133.19,0.0073381,118.14,0.0076571
133.37,1.6997,133.37,0.0073336,118.29,0.0076524
133.54,1.6975,133.54,0.0073291,118.44,0.0076498
133.71,1.6953,133.71,0.0073246,118.6,0.0076473
133.89,1.6931,133.89,0.0073201,118.75,0.0076448
134.06,1.6909,134.06,0.0073156,118.9,0.0076392
134.23,1.6886,134.23,0.0073111,119.06,0.0076336
134.41,1.6863,134.41,0.0073067,119.21,0.007628
134.58,1.684,134.58,0.0073021,119.37,0.0076244
134.75,1.6817,134.75,0.0072976,119.52,0.0076218
134.93,1.6794,134.93,0.007293,119.67,0.0076193
135.1,1.6771,135.1,0.0072885,119.83,0.0076155
135.27,1.6747,135.27,0.0072839,119.98,0.0076098
135.45,1.6724,135.45,0.0072794,120.13,0.0076041
135.62,1.67,135.62,0.0072749,120.29,0.0075987
135.79,1.6676,135.79,0.0072704,120.44,0.0075962
135.97,1.6652,135.97,0.0072659,120.59,0.0075936
136.14,1.6627,136.14,0.0072614,120.75,0.0075911
136.31,1.6603,136.31,0.0072569,120.9,0.007586
136.49,1.6578,136.49,0.0072524,121.05,0.00758
136.66,1.6553,136.66,0.0072479,121.21,0.0075743
136.83,1.6528,136.83,0.0072434,121.36,0.0075702
137.01,1.6503,137.01,0.0072388,121.52,0.0075676
137.18,1.6477,137.18,0.0072343,121.67,0.0075651
137.35,1.6452,137.35,0.0072297,121.82,0.0075617
137.52,1.6426,137.52,0.0072251,121.98,0.0075558
137.7,1.64,137.7,0.0072206,122.13,0.00755
137.87,1.6374,137.87,0.0072161,122.28,0.0075442
138.04,1.6348,138.04,0.0072116,122.44,0.0075414
138.22,1.6321,138.22,0.007207,122.59,0.0075388
138.39,1.6295,138.39,0.0072025,122.74,0.0075361
138.56,1.6268,138.56,0.0071981,122.9,0.0075314
138.74,1.6241,138.74,0.0071936,123.05,0.0075255
138.91,1.6213,138.91,0.0071891,123.21,0.0075197
139.08,1.6186,139.08,0.0071846,123.36,0.0075148
139.26,1.6158,139.26,0.00718,123.51,0.0075121
139.43,1.613,139.43,0.0071754,123.67,0.0075095
139.6,1.6102,139.6,0.0071708,123.82,0.0075066
139.78,1.6074,139.78,0.0071663,123.97,0.0075007
139.95,1.6045,139.95,0.0071618,124.13,0.0074947
140.12,1.6016,140.12,0.0071573,124.28,0.0074888
140.3,1.5986,140.3,0.0071528,124.43,0.0074854
140.47,1.5956,140.47,0.0071484,124.59,0.0074827
140.64,1.5926,140.64,0.007144,124.74,0.00748
140.82,1.5896,140.82,0.0071396,124.9,0.0074756
140.99,1.5865,140.99,0.0071352,125.05,0.0074696
141.16,1.5835,141.16,0.0071308,125.2,0.0074637
141.34,1.5804,141.34,0.0071264,125.36,0.0074584
141.51,1.5772,141.51,0.0071219,125.51,0.0074557
141.68,1.5741,141.68,0.0071174,125.66,0.0074528
141.85,1.5709,141.85,0.0071129,125.82,0.0074501
142.03,1.5677,142.03,0.0071085,125.97,0.0074444
142.2,1.5645,142.2,0.007104,126.12,0.0074384
142.37,1.5612,142.37,0.0070996,126.28,0.0074323
142.55,1.558,142.55,0.0070952,126.43,0.0074283
142.72,1.5547,142.72,0.0070908,126.59,0.0074256
142.89,1.5514,142.89,0.0070864,126.74,0.0074228
143.07,1.548,143.07,0.007082,126.89,0.0074189
143.24,1.5446,143.24,0.0070777,127.05,0.0074129
143.41,1.5412,143.41,0.0070734,127.2,0.0074069
143.59,1.5378,143.59,0.007069,127.35,0.007401
143.76,1.5344,143.76,0.0070646,127.51,0.0073983
143.93,1.5309,143.93,0.0070601,127.66,0.0073955
144.11,1.5274,144.11,0.0070556,127.81,0.0073927
144.28,1.5238,144.28,0.0070512,127.97,0.0073874
144.45,1.5202,144.45,0.0070468,128.12,0.0073814
144.63,1.5166,144.63,0.0070424,128.28,0.0073755
144.8,1.513,144.8,0.007038,128.43,0.007371
144.97,1.5093,144.97,0.0070336,128.58,0.0073681
145.15,1.5056,145.15,0.0070292,128.74,0.0073652
145.32,1.5019,145.32,0.0070249,128.89,0.0073617
145.49,1.4982,145.49,0.0070206,129.04,0.0073558
145.67,1.4944,145.67,0.0070162,129.2,0.0073498
145.84,1.4906,145.84,0.0070119,129.35,0.0073439
146.01,1.4868,146.01,0.0070075,129.5,0.0073405
146.19,1.4829,146.19,0.0070031,129.66,0.0073376
146.36,1.479,146.36,0.0069986,129.81,0.0073348
146.53,1.475,146.53,0.0069943,129.96,0.0073301
146.7,1.471,146.7,0.0069899,130.12,0.0073242
146.88,1.467,146.88,0.0069856,130.27,0.0073182
147.05,1.4629,147.05,0.0069813,130.43,0.0073132
147.22,1.4588,147.22,0.006977,130.58,0.0073102
147.4,1.4546,147.4,0.0069727,130.73,0.0073073
147.57,1.4504,147.57,0.0069685,130.89,0.0073043
147.74,1.4462,147.74,0.0069643,131.04,0.0072984
147.92,1.442,147.92,0.0069601,131.19,0.0072925
148.09,1.4377,148.09,0.0069559,131.35,0.0072867
148.26,1.4333,148.26,0.0069515,131.5,0.007283
148.44,1.429,148.44,0.0069472,131.65,0.0072799
148.61,1.4246,148.61,0.0069428,131.81,0.0072769
148.78,1.4201,148.78,0.0069385,131.96,0.0072727
148.96,1.4157,148.96,0.0069342,132.12,0.007267
149.13,1.4112,149.13,0.0069299,132.27,0.0072612
149.3,1.4066,149.3,0.0069256,132.42,0.0072559
149.48,1.402,149.48,0.0069214,132.58,0.0072528
149.65,1.3974,149.65,0.0069171,132.73,0.0072497
149.82,1.3927,149.82,0.0069129,132.88,0.0072466
150,1.388,150,0.0069086,133.04,0.0072413
150.17,1.3832,150.17,0.0069044,133.19,0.0072357
150.34,1.3784,150.34,0.0069003,133.34,0.0072299
150.52,1.3736,150.52,0.006896,133.5,0.0072257
150.69,1.3687,150.69,0.0068916,133.65,0.0072226
150.86,1.3638,150.86,0.0068872,133.81,0.0072195
151.03,1.3588,151.03,0.0068828,133.96,0.0072156
151.21,1.3538,151.21,0.0068785,134.11,0.0072099
151.38,1.3487,151.38,0.0068742,134.27,0.0072044
151.55,1.3436,151.55,0.0068699,134.42,0.0071988
151.73,1.3385,151.73,0.0068476,134.57,0.0071956
151.9,1.3334,151.9,0.0068253,134.73,0.0071925
152.07,1.3282,152.07,0.006803,134.88,0.0071892
152.25,1.3229,152.25,0.0067809,135.03,0.0071844
152.42,1.3176,152.42,0.0067588,135.19,0.0071788
152.59,1.3122,152.59,0.0067369,135.34,0.0071734
152.77,1.3068,152.77,0.0067149,135.5,0.0071688
152.94,1.3013,152.94,0.0066929,135.65,0.0071654
153.11,1.2958,153.11,0.006671,135.8,0.0071623
153.29,1.2903,153.29,0.0066491,135.96,0.0071587
153.46,1.2847,153.46,0.0066274,136.11,0.0071533
153.63,1.279,153.63,0.0066057,136.26,0.0071478
153.81,1.2733,153.81,0.0065842,136.42,0.0071423
153.98,1.2676,153.98,0.0065627,136.57,0.0071387
154.15,1.2618,154.15,0.0065414,136.72,0.0071354
154.33,1.256,154.33,0.0065201,136.88,0.0071321
154.5,1.2501,154.5,0.006499,137.03,0.0071278
154.67,1.2441,154.67,0.0064779,137.19,0.0071223
154.85,1.2381,154.85,0.0064569,137.34,0.0071168
155.02,1.232,155.02,0.006436,137.49,0.007112
155.19,1.2258,155.19,0.0064148,137.65,0.0071086
155.36,1.2196,155.36,0.0063937,137.8,0.0071053
155.54,1.2133,155.54,0.0063726,137.95,0.0071019
155.71,1.207,155.71,0.0063517,138.11,0.0070967
155.88,1.2007,155.88,0.0063309,138.26,0.0070913
156.06,1.1988,156.06,0.0063197,138.41,0.0070859
156.23,1.1969,156.23,0.0063086,138.57,0.0070819
156.4,1.195,156.4,0.0062976,138.72,0.0070784
156.58,1.1932,156.58,0.0062867,138.88,0.007075
156.75,1.1913,156.75,0.0062758,139.03,0.0070708
156.92,1.1894,156.92,0.0062651,139.18,0.0070656
157.1,1.1875,157.1,0.0062544,139.34,0.0070603
157.27,1.1856,157.27,0.0062437,139.49,0.0070551
157.44,1.1836,157.44,0.0062327,139.64,0.0070517
157.62,1.1816,157.62,0.0062219,139.8,0.0070482
157.79,1.1796,157.79,0.0062111,139.95,0.0070448
157.96,1.1776,157.96,0.0062003,140.1,0.0070398
158.14,1.1755,158.14,0.0061897,140.26,0.0070344
158.31,1.1735,158.31,0.0061791,140.41,0.0070292
158.48,1.1715,158.48,0.0061686,140.56,0.0070249
158.66,1.1695,158.66,0.0061582,140.72,0.0070214
158.83,1.1674,158.83,0.0061479,140.87,0.007018
159,1.1654,159,0.0061377,141.03,0.007014
159.18,1.1634,159.18,0.0061275,141.18,0.0070085
159.35,1.1613,159.35,0.0061174,141.33,0.0070032
159.52,1.1593,159.52,0.0061074,141.49,0.0069978
159.7,1.1572,159.7,0.0060972,141.64,0.0069943
159.87,1.1551,159.87,0.006087,141.79,0.0069909
160.04,1.153,160.04,0.0060769,141.95,0.0069875
160.21,1.1508,160.21,0.0060669,142.1,0.0069826
160.39,1.1488,160.39,0.0060571,142.25,0.006977
160.56,1.1467,160.56,0.0060474,142.41,0.0069715
160.73,1.1447,160.73,0.0060378,142.56,0.0069667
160.91,1.1427,160.91,0.0060282,142.72,0.0069632
161.08,1.1407,161.08,0.0060188,142.87,0.0069598
161.25,1.1387,161.25,0.0060093,143.02,0.0069562
161.43,1.1366,161.43,0.006,143.18,0.0069504
161.6,1.1346,161.6,0.0059907,143.33,0.0069446
161.77,1.1326,161.77,0.0059815,143.48,0.0069389
161.95,1.1305,161.95,0.0059723,143.64,0.0069349
162.12,1.1285,162.12,0.0059631,143.79,0.0069314
162.29,1.1264,162.29,0.0059539,143.94,0.006928
162.47,1.1244,162.47,0.0059449,144.1,0.0069233
162.64,1.1223,162.64,0.0059358,144.25,0.0069173
162.81,1.1202,162.81,0.0059268,144.41,0.0069113
162.99,1.118,162.99,0.0059179,144.56,0.0069057
163.16,1.1159,163.16,0.005909,144.71,0.0069021
163.33,1.1138,163.33,0.0059003,144.87,0.0068984
163.51,1.1116,163.51,0.0058915,145.02,0.0068947
163.68,1.1095,163.68,0.0058829,145.17,0.0068887
163.85,1.1074,163.85,0.0058743,145.33,0.0068824
164.03,1.1052,164.03,0.0058657,145.48,0.0068761
164.2,1.1031,164.2,0.0058573,145.63,0.0068712
164.37,1.101,164.37,0.0058489,145.79,0.0068673
164.54,1.0988,164.54,0.0058406,145.94,0.0068633
164.72,1.0968,164.72,0.0058346,146.1,0.0068585
164.89,1.0948,164.89,0.0058286,146.25,0.0068519
165.06,1.0929,165.06,0.0058226,146.4,0.0068452
165.24,1.0909,165.24,0.0058167,146.56,0.0068386
165.41,1.0888,165.41,0.0058108,146.71,0.0068342
165.58,1.0868,165.58,0.0058049,146.86,0.0068298
165.76,1.0847,165.76,0.005799,147.02,0.0068254
165.93,1.0827,165.93,0.0057932,147.17,0.0068188
166.1,1.0807,166.1,0.0057874,147.32,0.0068115
166.28,1.0786,166.28,0.0057817,147.48,0.0068043
166.45,1.0766,166.45,0.0057761,147.63,0.006798
166.62,1.0746,166.62,0.0057706,147.79,0.006793
166.8,1.0725,166.8,0.0057652,147.94,0.0067878
166.97,1.0705,166.97,0.0057598,148.09,0.0067822
167.14,1.0685,167.14,0.0057544,148.25,0.0067739
167.32,1.0665,167.32,0.0057491,148.4,0.0067657
167.49,1.0645,167.49,0.0057438,148.55,0.0067576
167.66,1.0625,167.66,0.0057385,148.71,0.0067511
167.84,1.0605,167.84,0.0057333,148.86,0.006745
168.01,1.0585,168.01,0.005728,149.01,0.0067388
168.18,1.0564,168.18,0.0057228,149.17,0.0067305
168.36,1.0544,168.36,0.0057175,149.32,0.006721
168.53,1.0524,168.53,0.0057124,149.48,0.0067115
168.7,1.0504,168.7,0.0057073,149.63,0.0067026
168.87,1.0483,168.87,0.0057024,149.78,0.0066949
169.05,1.0464,169.05,0.0057014,149.94,0.0066873
169.22,1.0445,169.22,0.0057004,150.09,0.0066796
169.39,1.0425,169.39,0.0056995,150.24,0.0066689
169.57,1.0406,169.57,0.0056985,150.4,0.0066583
169.74,1.0386,169.74,0.0056976,150.55,0.0066477
169.91,1.0367,169.91,0.0056966,150.7,0.0066386
170.09,1.0348,170.09,0.0056957,150.86,0.00663
170.26,1.0328,170.26,0.0056948,151.01,0.0066214
170.43,1.0309,170.43,0.0056939,151.16,0.0066119
170.61,1.029,170.61,0.0056927,151.32,0.0066009
170.78,1.027,170.78,0.0056909,151.47,0.0065899
170.95,1.0251,170.95,0.0056892,151.63,0.0065796
171.13,1.0231,171.13,0.0056878,151.78,0.006573
171.3,1.0212,171.3,0.0056863,151.93,0.0065663
171.47,1.0193,171.47,0.0056849,152.09,0.0065596
171.65,1.0173,171.65,0.0056834,152.24,0.0065539
171.82,1.0154,171.82,0.005682,152.39,0.0065483
171.99,1.0135,171.99,0.0056806,152.55,0.0065427
172.17,1.0115,172.17,0.0056791,152.7,0.0065376
172.34,1.0096,172.34,0.0056777,152.85,0.006533
172.51,1.0077,172.51,0.0056763,153.01,0.0065284
172.69,1.0058,172.69,0.005675,153.16,0.0065257
172.86,1.0038,172.86,0.0056736,153.32,0.0065277
173.03,1.0019,173.03,0.0056722,153.47,0.0065298
173.21,1,173.21,0.0056708,153.62,0.0065318
