"pressure"	"GlobalNodeId"	"PedigreeNodeId"	"vtkValidPointMask"	"arc_length"	"Points:0"	"Points:1"	"Points:2"
0.039208	189476	189476	1	0	0	2.15	0.5
0.039216	191085	191085	1	0.001	0.001	2.15	0.5
0.039224	192694	192694	1	0.002	0.002	2.15	0.5
0.039232	194302	194302	1	0.003	0.003	2.15	0.5
0.03924	195911	195911	1	0.004	0.004	2.15	0.5
0.039247	197529	197529	1	0.005	0.005	2.15	0.5
0.039251	199159	199159	1	0.006	0.006	2.15	0.5
0.039255	200789	200789	1	0.007	0.007	2.15	0.5
0.039259	202419	202419	1	0.008	0.008	2.15	0.5
0.039263	204049	204049	1	0.009	0.009	2.15	0.5
0.039267	205680	205680	1	0.01	0.01	2.15	0.5
0.039272	207258	207258	1	0.011	0.011	2.15	0.5
0.03928	208579	208579	1	0.012	0.012	2.15	0.5
0.039287	209900	209900	1	0.013	0.013	2.15	0.5
0.039295	211221	211221	1	0.014	0.014	2.15	0.5
0.039303	212542	212542	1	0.015	0.015	2.15	0.5
0.039311	213863	213863	1	0.016	0.016	2.15	0.5
0.039319	215184	215184	1	0.017	0.017	2.15	0.5
0.039327	216505	216505	1	0.018	0.018	2.15	0.5
0.039335	217587	217587	1	0.019	0.019	2.15	0.5
0.039343	216011	216011	1	0.02	0.02	2.15	0.5
0.039351	214434	214434	1	0.021	0.021	2.15	0.5
0.039369	212872	212872	1	0.022	0.022	2.15	0.5
0.039388	211312	211312	1	0.023	0.023	2.15	0.5
0.039408	209753	209753	1	0.024	0.024	2.15	0.5
0.039428	208193	208193	1	0.025	0.025	2.15	0.5
0.039448	206634	206634	1	0.026	0.026	2.15	0.5
0.039467	205074	205074	1	0.027	0.027	2.15	0.5
0.039487	203514	203514	1	0.028	0.028	2.15	0.5
0.039507	201955	201955	1	0.029	0.029	2.15	0.5
0.039527	200395	200395	1	0.03	0.03	2.15	0.5
0.039546	198836	198836	1	0.031	0.031	2.15	0.5
0.039566	197276	197276	1	0.032	0.032	2.15	0.5
0.039586	195717	195717	1	0.033	0.033	2.15	0.5
0.039606	194157	194157	1	0.034	0.034	2.15	0.5
0.039626	192597	192597	1	0.035	0.035	2.15	0.5
0.039645	191038	191038	1	0.036	0.036	2.15	0.5
0.039665	189478	189478	1	0.037	0.037	2.15	0.5
0.039685	187919	187919	1	0.038	0.038	2.15	0.5
0.039705	186359	186359	1	0.039	0.039	2.15	0.5
0.039724	184799	184799	1	0.04	0.04	2.15	0.5
0.039744	183240	183240	1	0.041	0.041	2.15	0.5
0.039764	181680	181680	1	0.042	0.042	2.15	0.5
0.039784	181450	181450	1	0.043	0.043	2.15	0.5
0.039805	180915	180915	1	0.044	0.044	2.15	0.5
0.039827	179411	179411	1	0.045	0.045	2.15	0.5
0.03985	177907	177907	1	0.046	0.046	2.15	0.5
0.039879	178001	178001	1	0.047	0.047	2.15	0.5
0.039917	179785	179785	1	0.048	0.048	2.15	0.5
0.039954	181464	181464	1	0.049	0.049	2.15	0.5
0.039989	182934	182934	1	0.05	0.05	2.15	0.5
0.040023	184405	184405	1	0.051	0.051	2.15	0.5
0.040058	185875	185875	1	0.052	0.052	2.15	0.5
0.040093	187346	187346	1	0.053	0.053	2.15	0.5
0.040128	188817	188817	1	0.054	0.054	2.15	0.5
0.040163	190287	190287	1	0.055	0.055	2.15	0.5
0.040197	191758	191758	1	0.056	0.056	2.15	0.5
0.040232	193228	193228	1	0.057	0.057	2.15	0.5
0.040267	194699	194699	1	0.058	0.058	2.15	0.5
0.040302	196169	196169	1	0.059	0.059	2.15	0.5
0.040337	197640	197640	1	0.06	0.06	2.15	0.5
0.040371	199111	199111	1	0.061	0.061	2.15	0.5
0.040406	200581	200581	1	0.062	0.062	2.15	0.5
0.040441	202052	202052	1	0.063	0.063	2.15	0.5
0.040476	203522	203522	1	0.064	0.064	2.15	0.5
0.040511	204993	204993	1	0.065	0.065	2.15	0.5
0.040545	206463	206463	1	0.066	0.066	2.15	0.5
0.040582	207746	207746	1	0.067	0.067	2.15	0.5
0.04062	208770	208770	1	0.068	0.068	2.15	0.5
0.040658	209794	209794	1	0.069	0.069	2.15	0.5
0.040696	210818	210818	1	0.07	0.07	2.15	0.5
0.040734	211841	211841	1	0.071	0.071	2.15	0.5
0.040772	212865	212865	1	0.072	0.072	2.15	0.5
0.04081	213889	213889	1	0.073	0.073	2.15	0.5
0.040849	214913	214913	1	0.074	0.074	2.15	0.5
0.040887	215937	215937	1	0.075	0.075	2.15	0.5
0.040925	216961	216961	1	0.076	0.076	2.15	0.5
0.040974	217038	217038	1	0.077	0.077	2.15	0.5
0.041025	216878	216878	1	0.078	0.078	2.15	0.5
0.041076	216717	216717	1	0.079	0.079	2.15	0.5
0.041128	216556	216556	1	0.08	0.08	2.15	0.5
0.041183	216395	216395	1	0.081	0.081	2.15	0.5
0.041237	216235	216235	1	0.082	0.082	2.15	0.5
0.041291	216074	216074	1	0.083	0.083	2.15	0.5
0.041345	215913	215913	1	0.084	0.084	2.15	0.5
0.0414	215752	215752	1	0.085	0.085	2.15	0.5
0.041454	215592	215592	1	0.086	0.086	2.15	0.5
0.041508	215431	215431	1	0.087	0.087	2.15	0.5
0.041563	215270	215270	1	0.088	0.088	2.15	0.5
0.041617	215109	215109	1	0.089	0.089	2.15	0.5
0.041671	214949	214949	1	0.09	0.09	2.15	0.5
0.041725	214788	214788	1	0.091	0.091	2.15	0.5
0.04178	214627	214627	1	0.092	0.092	2.15	0.5
0.041834	213907	213907	1	0.093	0.093	2.15	0.5
0.041889	212603	212603	1	0.094	0.094	2.15	0.5
0.041943	211300	211300	1	0.095	0.095	2.15	0.5
0.041998	209997	209997	1	0.096	0.096	2.15	0.5
0.042053	208694	208694	1	0.097	0.097	2.15	0.5
0.042108	207391	207391	1	0.098	0.098	2.15	0.5
0.042162	206087	206087	1	0.099	0.099	2.15	0.5
0.042217	204784	204784	1	0.1	0.1	2.15	0.5
0.042272	203481	203481	1	0.101	0.101	2.15	0.5
0.042327	202178	202178	1	0.102	0.102	2.15	0.5
0.042381	200875	200875	1	0.103	0.103	2.15	0.5
0.042436	199571	199571	1	0.104	0.104	2.15	0.5
0.042491	198268	198268	1	0.105	0.105	2.15	0.5
0.042545	196965	196965	1	0.106	0.106	2.15	0.5
0.0426	195662	195662	1	0.107	0.107	2.15	0.5
0.042655	194359	194359	1	0.108	0.108	2.15	0.5
0.04271	193055	193055	1	0.109	0.109	2.15	0.5
0.042764	191752	191752	1	0.11	0.11	2.15	0.5
0.042834	192340	192340	1	0.111	0.111	2.15	0.5
0.042903	193167	193167	1	0.112	0.112	2.15	0.5
0.042972	193995	193995	1	0.113	0.113	2.15	0.5
0.043041	194822	194822	1	0.114	0.114	2.15	0.5
0.04311	195649	195649	1	0.115	0.115	2.15	0.5
0.043179	196477	196477	1	0.116	0.116	2.15	0.5
0.043248	197304	197304	1	0.117	0.117	2.15	0.5
0.043317	199076	199076	1	0.118	0.118	2.15	0.5
0.043385	202263	202263	1	0.119	0.119	2.15	0.5
0.043454	205389	205389	1	0.12	0.12	2.15	0.5
0.043517	206569	206569	1	0.121	0.121	2.15	0.5
0.043581	207748	207748	1	0.122	0.122	2.15	0.5
0.043645	208927	208927	1	0.123	0.123	2.15	0.5
0.043709	210106	210106	1	0.124	0.124	2.15	0.5
0.043772	211285	211285	1	0.125	0.125	2.15	0.5
0.043836	212465	212465	1	0.126	0.126	2.15	0.5
0.0439	213644	213644	1	0.127	0.127	2.15	0.5
0.043974	212211	212211	1	0.128	0.128	2.15	0.5
0.044049	210489	210489	1	0.129	0.129	2.15	0.5
0.044125	208768	208768	1	0.13	0.13	2.15	0.5
0.0442	207046	207046	1	0.131	0.131	2.15	0.5
0.044276	205325	205325	1	0.132	0.132	2.15	0.5
0.044351	203603	203603	1	0.133	0.133	2.15	0.5
0.044426	201882	201882	1	0.134	0.134	2.15	0.5
0.044502	200160	200160	1	0.135	0.135	2.15	0.5
0.044577	198439	198439	1	0.136	0.136	2.15	0.5
0.044653	196717	196717	1	0.137	0.137	2.15	0.5
0.044728	194996	194996	1	0.138	0.138	2.15	0.5
0.044805	193056	193056	1	0.139	0.139	2.15	0.5
0.044884	190989	190989	1	0.14	0.14	2.15	0.5
0.044962	188922	188922	1	0.141	0.141	2.15	0.5
0.045041	186855	186855	1	0.142	0.142	2.15	0.5
0.045119	184788	184788	1	0.143	0.143	2.15	0.5
0.045204	184255	184255	1	0.144	0.144	2.15	0.5
0.045291	183669	183669	1	0.145	0.145	2.15	0.5
0.045377	183082	183082	1	0.146	0.146	2.15	0.5
0.045464	182496	182496	1	0.147	0.147	2.15	0.5
0.045541	180871	180871	1	0.148	0.148	2.15	0.5
0.045618	179126	179126	1	0.149	0.149	2.15	0.5
0.045695	177381	177381	1	0.15	0.15	2.15	0.5
0.045772	175267	175267	1	0.151	0.151	2.15	0.5
0.045852	167223	167223	1	0.152	0.152	2.15	0.5
0.045933	159180	159180	1	0.153	0.153	2.15	0.5
0.046013	151137	151137	1	0.154	0.154	2.15	0.5
0.046094	143093	143093	1	0.155	0.155	2.15	0.5
0.046175	135050	135050	1	0.156	0.156	2.15	0.5
0.046255	127006	127006	1	0.157	0.157	2.15	0.5
0.046336	118963	118963	1	0.158	0.158	2.15	0.5
0.046417	110920	110920	1	0.159	0.159	2.15	0.5
0.046497	102876	102876	1	0.16	0.16	2.15	0.5
0.046578	94833	94833	1	0.161	0.161	2.15	0.5
0.046658	86789	86789	1	0.162	0.162	2.15	0.5
0.046737	82285	82285	1	0.163	0.163	2.15	0.5
0.046814	80640	80640	1	0.164	0.164	2.15	0.5
0.046891	78994	78994	1	0.165	0.165	2.15	0.5
0.046968	77349	77349	1	0.166	0.166	2.15	0.5
0.047045	75704	75704	1	0.167	0.167	2.15	0.5
0.047122	74058	74058	1	0.168	0.168	2.15	0.5
0.047199	72413	72413	1	0.169	0.169	2.15	0.5
0.047276	70414	70414	1	0.17	0.17	2.15	0.5
0.047359	58663	58663	1	0.171	0.171	2.15	0.5
0.047443	46913	46913	1	0.172	0.172	2.15	0.5
0.047522	35056	35056	1	0.173	0.173	2.15	0.5
0.047597	23041	23041	1	0.174	0.174	2.15	0.5
0.047659	11862	11862	1	0.175	0.175	2.15	0.5
0.047659	11824	11824	1	0.176	0.176	2.15	0.5
0.047659	11787	11787	1	0.177	0.177	2.15	0.5
0.047659	11750	11750	1	0.178	0.178	2.15	0.5
0.04766	11713	11713	1	0.179	0.179	2.15	0.5
0.04766	11675	11675	1	0.18	0.18	2.15	0.5
0.04766	11638	11638	1	0.181	0.181	2.15	0.5
0.04766	11601	11601	1	0.182	0.182	2.15	0.5
0.04766	11563	11563	1	0.183	0.183	2.15	0.5
0.04766	11528	11528	1	0.184	0.184	2.15	0.5
0.04766	11596	11596	1	0.185	0.185	2.15	0.5
0.047659	22552	22552	1	0.186	0.186	2.15	0.5
0.047657	34705	34705	1	0.187	0.187	2.15	0.5
0.047656	46857	46857	1	0.188	0.188	2.15	0.5
0.047655	59009	59009	1	0.189	0.189	2.15	0.5
0.047653	71162	71162	1	0.19	0.19	2.15	0.5
0.047652	83315	83315	1	0.191	0.191	2.15	0.5
0.04765	95467	95467	1	0.192	0.192	2.15	0.5
0.047649	107620	107620	1	0.193	0.193	2.15	0.5
0.047648	119772	119772	1	0.194	0.194	2.15	0.5
0.047646	131924	131924	1	0.195	0.195	2.15	0.5
0.047645	144077	144077	1	0.196	0.196	2.15	0.5
0.047644	156230	156230	1	0.197	0.197	2.15	0.5
0.047642	168382	168382	1	0.198	0.198	2.15	0.5
0.047641	180521	180521	1	0.199	0.199	2.15	0.5
0.047641	192605	192605	1	0.2	0.2	2.15	0.5
0.047642	193609	193609	1	0.201	0.201	2.15	0.5
0.047643	182339	182339	1	0.202	0.202	2.15	0.5
0.047644	170976	170976	1	0.203	0.203	2.15	0.5
0.047645	159612	159612	1	0.204	0.204	2.15	0.5
0.047647	148249	148249	1	0.205	0.205	2.15	0.5
0.047648	136885	136885	1	0.206	0.206	2.15	0.5
0.047649	125521	125521	1	0.207	0.207	2.15	0.5
0.047651	114158	114158	1	0.208	0.208	2.15	0.5
0.047652	102794	102794	1	0.209	0.209	2.15	0.5
0.047653	91431	91431	1	0.21	0.21	2.15	0.5
0.047654	80067	80067	1	0.211	0.211	2.15	0.5
0.047656	68704	68704	1	0.212	0.212	2.15	0.5
0.047657	57340	57340	1	0.213	0.213	2.15	0.5
0.047658	45977	45977	1	0.214	0.214	2.15	0.5
0.047659	24397	24397	1	0.215	0.215	2.15	0.5
0.047659	24446	24446	1	0.216	0.216	2.15	0.5
0.047659	24447	24447	1	0.217	0.217	2.15	0.5
0.047659	24446	24446	1	0.218	0.218	2.15	0.5
0.047659	24444	24444	1	0.219	0.219	2.15	0.5
0.047658	24443	24443	1	0.22	0.22	2.15	0.5
0.047658	24441	24441	1	0.221	0.221	2.15	0.5
0.047658	24441	24441	1	0.222	0.222	2.15	0.5
0.047658	24440	24440	1	0.223	0.223	2.15	0.5
0.047658	24439	24439	1	0.224	0.224	2.15	0.5
0.047658	24438	24438	1	0.225	0.225	2.15	0.5
0.047584	33348	33348	1	0.226	0.226	2.15	0.5
0.047502	43238	43238	1	0.227	0.227	2.15	0.5
0.047417	54226	54226	1	0.228	0.228	2.15	0.5
0.047328	64303	64303	1	0.229	0.229	2.15	0.5
0.047233	69443	69443	1	0.23	0.23	2.15	0.5
0.047139	74584	74584	1	0.231	0.231	2.15	0.5
0.047044	79724	79724	1	0.232	0.232	2.15	0.5
0.046949	85350	85350	1	0.233	0.233	2.15	0.5
0.046853	92500	92500	1	0.234	0.234	2.15	0.5
0.046758	99649	99649	1	0.235	0.235	2.15	0.5
0.046662	106799	106799	1	0.236	0.236	2.15	0.5
0.046566	113948	113948	1	0.237	0.237	2.15	0.5
0.046471	121098	121098	1	0.238	0.238	2.15	0.5
0.046375	128247	128247	1	0.239	0.239	2.15	0.5
0.046279	135397	135397	1	0.24	0.24	2.15	0.5
0.046184	142546	142546	1	0.241	0.241	2.15	0.5
0.046088	149696	149696	1	0.242	0.242	2.15	0.5
0.045992	156845	156845	1	0.243	0.243	2.15	0.5
0.045897	163995	163995	1	0.244	0.244	2.15	0.5
0.045801	171144	171144	1	0.245	0.245	2.15	0.5
0.045705	178293	178293	1	0.246	0.246	2.15	0.5
0.04561	185443	185443	1	0.247	0.247	2.15	0.5
0.045514	192592	192592	1	0.248	0.248	2.15	0.5
0.045418	199742	199742	1	0.249	0.249	2.15	0.5
0.045325	204002	204002	1	0.25	0.25	2.15	0.5
0.045234	206884	206884	1	0.251	0.251	2.15	0.5
0.045142	209765	209765	1	0.252	0.252	2.15	0.5
0.045051	212647	212647	1	0.253	0.253	2.15	0.5
0.044956	215178	215178	1	0.254	0.254	2.15	0.5
0.04485	216316	216316	1	0.255	0.255	2.15	0.5
0.044752	215238	215238	1	0.256	0.256	2.15	0.5
0.044659	213084	213084	1	0.257	0.257	2.15	0.5
0.044565	210930	210930	1	0.258	0.258	2.15	0.5
0.044472	208540	208540	1	0.259	0.259	2.15	0.5
0.04438	205772	205772	1	0.26	0.26	2.15	0.5
0.044289	203005	203005	1	0.261	0.261	2.15	0.5
0.044197	200237	200237	1	0.262	0.262	2.15	0.5
0.044106	197470	197470	1	0.263	0.263	2.15	0.5
0.044014	194702	194702	1	0.264	0.264	2.15	0.5
0.043922	191935	191935	1	0.265	0.265	2.15	0.5
0.043831	189167	189167	1	0.266	0.266	2.15	0.5
0.043739	186399	186399	1	0.267	0.267	2.15	0.5
0.043648	183632	183632	1	0.268	0.268	2.15	0.5
0.043562	181133	181133	1	0.269	0.269	2.15	0.5
0.043477	178700	178700	1	0.27	0.27	2.15	0.5
0.043392	176267	176267	1	0.271	0.271	2.15	0.5
0.043307	173834	173834	1	0.272	0.272	2.15	0.5
0.043227	173206	173206	1	0.273	0.273	2.15	0.5
0.043149	172903	172903	1	0.274	0.274	2.15	0.5
0.04307	172599	172599	1	0.275	0.275	2.15	0.5
0.042991	172296	172296	1	0.276	0.276	2.15	0.5
0.042913	171992	171992	1	0.277	0.277	2.15	0.5
0.042832	171900	171900	1	0.278	0.278	2.15	0.5
0.042751	171855	171855	1	0.279	0.279	2.15	0.5
0.042669	171810	171810	1	0.28	0.28	2.15	0.5
0.042588	171765	171765	1	0.281	0.281	2.15	0.5
0.042505	171751	171751	1	0.282	0.282	2.15	0.5
0.04242	171751	171751	1	0.283	0.283	2.15	0.5
0.042336	171750	171750	1	0.284	0.284	2.15	0.5
0.042252	171750	171750	1	0.285	0.285	2.15	0.5
0.042167	171750	171750	1	0.286	0.286	2.15	0.5
0.042081	171750	171750	1	0.287	0.287	2.15	0.5
0.041993	171750	171750	1	0.288	0.288	2.15	0.5
0.041906	171749	171749	1	0.289	0.289	2.15	0.5
0.041818	171749	171749	1	0.29	0.29	2.15	0.5
0.04173	171749	171749	1	0.291	0.291	2.15	0.5
0.041643	171749	171749	1	0.292	0.292	2.15	0.5
0.041555	171748	171748	1	0.293	0.293	2.15	0.5
0.041477	171692	171692	1	0.294	0.294	2.15	0.5
0.041404	171606	171606	1	0.295	0.295	2.15	0.5
0.041331	171520	171520	1	0.296	0.296	2.15	0.5
0.041258	171435	171435	1	0.297	0.297	2.15	0.5
0.041185	171349	171349	1	0.298	0.298	2.15	0.5
0.041113	171263	171263	1	0.299	0.299	2.15	0.5
0.04104	171177	171177	1	0.3	0.3	2.15	0.5
0.040967	171091	171091	1	0.301	0.301	2.15	0.5
0.040894	171005	171005	1	0.302	0.302	2.15	0.5
0.040821	170920	170920	1	0.303	0.303	2.15	0.5
0.040748	170834	170834	1	0.304	0.304	2.15	0.5
0.040675	170748	170748	1	0.305	0.305	2.15	0.5
0.040602	170662	170662	1	0.306	0.306	2.15	0.5
0.040529	170576	170576	1	0.307	0.307	2.15	0.5
0.040457	170491	170491	1	0.308	0.308	2.15	0.5
0.04038	170261	170261	1	0.309	0.309	2.15	0.5
0.040303	170037	170037	1	0.31	0.31	2.15	0.5
0.04023	170121	170121	1	0.311	0.311	2.15	0.5
0.040158	170204	170204	1	0.312	0.312	2.15	0.5
0.040084	170170	170170	1	0.313	0.313	2.15	0.5
0.040019	170170	170170	1	0.314	0.314	2.15	0.5
0.039954	170170	170170	1	0.315	0.315	2.15	0.5
0.039889	170170	170170	1	0.316	0.316	2.15	0.5
0.039825	170170	170170	1	0.317	0.317	2.15	0.5
0.03976	170170	170170	1	0.318	0.318	2.15	0.5
0.039695	170170	170170	1	0.319	0.319	2.15	0.5
0.03963	170170	170170	1	0.32	0.32	2.15	0.5
0.039565	170170	170170	1	0.321	0.321	2.15	0.5
0.0395	170170	170170	1	0.322	0.322	2.15	0.5
0.039435	170170	170170	1	0.323	0.323	2.15	0.5
0.039371	170170	170170	1	0.324	0.324	2.15	0.5
0.039306	170170	170170	1	0.325	0.325	2.15	0.5
0.039241	170170	170170	1	0.326	0.326	2.15	0.5
0.039176	170170	170170	1	0.327	0.327	2.15	0.5
0.039111	170170	170170	1	0.328	0.328	2.15	0.5
0.039046	170170	170170	1	0.329	0.329	2.15	0.5
0.038981	170170	170170	1	0.33	0.33	2.15	0.5
0.038917	170170	170170	1	0.331	0.331	2.15	0.5
0.038852	170170	170170	1	0.332	0.332	2.15	0.5
0.038787	170170	170170	1	0.333	0.333	2.15	0.5
0.038722	170170	170170	1	0.334	0.334	2.15	0.5
0.038657	170170	170170	1	0.335	0.335	2.15	0.5
0.038592	170170	170170	1	0.336	0.336	2.15	0.5
0.038527	170170	170170	1	0.337	0.337	2.15	0.5
0.038469	170025	170025	1	0.338	0.338	2.15	0.5
0.038414	169848	169848	1	0.339	0.339	2.15	0.5
0.03836	169781	169781	1	0.34	0.34	2.15	0.5
0.038305	169714	169714	1	0.341	0.341	2.15	0.5
0.038251	169647	169647	1	0.342	0.342	2.15	0.5
0.038196	169581	169581	1	0.343	0.343	2.15	0.5
0.038142	169680	169680	1	0.344	0.344	2.15	0.5
0.038088	172293	172293	1	0.345	0.345	2.15	0.5
0.038034	174905	174905	1	0.346	0.346	2.15	0.5
0.03798	177517	177517	1	0.347	0.347	2.15	0.5
0.037926	180129	180129	1	0.348	0.348	2.15	0.5
0.037873	182742	182742	1	0.349	0.349	2.15	0.5
0.037819	185354	185354	1	0.35	0.35	2.15	0.5
0.037765	187967	187967	1	0.351	0.351	2.15	0.5
0.037711	190579	190579	1	0.352	0.352	2.15	0.5
0.037657	193191	193191	1	0.353	0.353	2.15	0.5
0.037603	195803	195803	1	0.354	0.354	2.15	0.5
0.03755	196664	196664	1	0.355	0.355	2.15	0.5
0.037497	195734	195734	1	0.356	0.356	2.15	0.5
0.037444	194804	194804	1	0.357	0.357	2.15	0.5
0.037391	193874	193874	1	0.358	0.358	2.15	0.5
0.037338	192944	192944	1	0.359	0.359	2.15	0.5
0.037285	192014	192014	1	0.36	0.36	2.15	0.5
0.037232	191085	191085	1	0.361	0.361	2.15	0.5
0.037179	190155	190155	1	0.362	0.362	2.15	0.5
0.037127	189312	189312	1	0.363	0.363	2.15	0.5
0.037085	189536	189536	1	0.364	0.364	2.15	0.5
0.037043	189759	189759	1	0.365	0.365	2.15	0.5
0.037002	189983	189983	1	0.366	0.366	2.15	0.5
0.03696	190207	190207	1	0.367	0.367	2.15	0.5
0.036918	190431	190431	1	0.368	0.368	2.15	0.5
0.036879	190622	190622	1	0.369	0.369	2.15	0.5
0.03684	190792	190792	1	0.37	0.37	2.15	0.5
0.036801	190963	190963	1	0.371	0.371	2.15	0.5
0.036763	191133	191133	1	0.372	0.372	2.15	0.5
0.036724	191303	191303	1	0.373	0.373	2.15	0.5
0.036685	191474	191474	1	0.374	0.374	2.15	0.5
0.036647	191644	191644	1	0.375	0.375	2.15	0.5
0.036608	191814	191814	1	0.376	0.376	2.15	0.5
0.036569	191985	191985	1	0.377	0.377	2.15	0.5
0.036531	192155	192155	1	0.378	0.378	2.15	0.5
0.03649	192380	192380	1	0.379	0.379	2.15	0.5
0.036444	192766	192766	1	0.38	0.38	2.15	0.5
0.036398	193152	193152	1	0.381	0.381	2.15	0.5
0.036353	193537	193537	1	0.382	0.382	2.15	0.5
0.036307	193923	193923	1	0.383	0.383	2.15	0.5
0.036261	194308	194308	1	0.384	0.384	2.15	0.5
0.036215	194694	194694	1	0.385	0.385	2.15	0.5
0.036169	195080	195080	1	0.386	0.386	2.15	0.5
0.036139	195459	195459	1	0.387	0.387	2.15	0.5
0.036109	195839	195839	1	0.388	0.388	2.15	0.5
0.036079	196218	196218	1	0.389	0.389	2.15	0.5
0.036049	196597	196597	1	0.39	0.39	2.15	0.5
0.036019	196977	196977	1	0.391	0.391	2.15	0.5
0.035989	197356	197356	1	0.392	0.392	2.15	0.5
0.035959	197736	197736	1	0.393	0.393	2.15	0.5
0.035929	198115	198115	1	0.394	0.394	2.15	0.5
0.035897	198614	198614	1	0.395	0.395	2.15	0.5
0.035861	199266	199266	1	0.396	0.396	2.15	0.5
0.035826	199918	199918	1	0.397	0.397	2.15	0.5
0.03579	200029	200029	1	0.398	0.398	2.15	0.5
0.035755	199552	199552	1	0.399	0.399	2.15	0.5
0.035719	199076	199076	1	0.4	0.4	2.15	0.5
0.035684	198599	198599	1	0.401	0.401	2.15	0.5
0.035648	198254	198254	1	0.402	0.402	2.15	0.5
0.035612	198247	198247	1	0.403	0.403	2.15	0.5
0.035576	198240	198240	1	0.404	0.404	2.15	0.5
0.03554	198233	198233	1	0.405	0.405	2.15	0.5
0.035504	198225	198225	1	0.406	0.406	2.15	0.5
0.035476	197980	197980	1	0.407	0.407	2.15	0.5
0.035451	197686	197686	1	0.408	0.408	2.15	0.5
0.035426	197392	197392	1	0.409	0.409	2.15	0.5
0.0354	197098	197098	1	0.41	0.41	2.15	0.5
0.035375	196804	196804	1	0.411	0.411	2.15	0.5
0.035349	196510	196510	1	0.412	0.412	2.15	0.5
0.035324	196216	196216	1	0.413	0.413	2.15	0.5
0.035299	195922	195922	1	0.414	0.414	2.15	0.5
0.035273	195629	195629	1	0.415	0.415	2.15	0.5
0.035244	195243	195243	1	0.416	0.416	2.15	0.5
0.035214	194857	194857	1	0.417	0.417	2.15	0.5
0.035184	194471	194471	1	0.418	0.418	2.15	0.5
0.035155	194085	194085	1	0.419	0.419	2.15	0.5
0.035125	193700	193700	1	0.42	0.42	2.15	0.5
0.035095	193314	193314	1	0.421	0.421	2.15	0.5
0.035067	192682	192682	1	0.422	0.422	2.15	0.5
0.035042	191741	191741	1	0.423	0.423	2.15	0.5
0.035016	190801	190801	1	0.424	0.424	2.15	0.5
0.03499	189861	189861	1	0.425	0.425	2.15	0.5
0.034964	188921	188921	1	0.426	0.426	2.15	0.5
0.034939	187980	187980	1	0.427	0.427	2.15	0.5
0.034913	187040	187040	1	0.428	0.428	2.15	0.5
0.034891	186362	186362	1	0.429	0.429	2.15	0.5
0.034874	185992	185992	1	0.43	0.43	2.15	0.5
0.034857	185621	185621	1	0.431	0.431	2.15	0.5
0.03484	185251	185251	1	0.432	0.432	2.15	0.5
0.034823	184880	184880	1	0.433	0.433	2.15	0.5
0.034806	184510	184510	1	0.434	0.434	2.15	0.5
0.034789	184140	184140	1	0.435	0.435	2.15	0.5
0.034772	183769	183769	1	0.436	0.436	2.15	0.5
0.034755	183399	183399	1	0.437	0.437	2.15	0.5
0.03473	183162	183162	1	0.438	0.438	2.15	0.5
0.034704	182939	182939	1	0.439	0.439	2.15	0.5
0.034679	182715	182715	1	0.44	0.44	2.15	0.5
0.034653	182492	182492	1	0.441	0.441	2.15	0.5
0.034627	182268	182268	1	0.442	0.442	2.15	0.5
0.034605	182164	182164	1	0.443	0.443	2.15	0.5
0.034589	182233	182233	1	0.444	0.444	2.15	0.5
0.034572	182303	182303	1	0.445	0.445	2.15	0.5
0.034556	182372	182372	1	0.446	0.446	2.15	0.5
0.034539	182442	182442	1	0.447	0.447	2.15	0.5
0.034526	182394	182394	1	0.448	0.448	2.15	0.5
0.034513	182330	182330	1	0.449	0.449	2.15	0.5
0.0345	182265	182265	1	0.45	0.45	2.15	0.5
0.034487	182200	182200	1	0.451	0.451	2.15	0.5
0.034474	182136	182136	1	0.452	0.452	2.15	0.5
0.034461	182071	182071	1	0.453	0.453	2.15	0.5
0.034448	182006	182006	1	0.454	0.454	2.15	0.5
0.034426	182651	182651	1	0.455	0.455	2.15	0.5
0.034381	184964	184964	1	0.456	0.456	2.15	0.5
0.034337	187276	187276	1	0.457	0.457	2.15	0.5
0.034319	188365	188365	1	0.458	0.458	2.15	0.5
0.034311	189022	189022	1	0.459	0.459	2.15	0.5
0.034303	189679	189679	1	0.46	0.46	2.15	0.5
0.034297	190236	190236	1	0.461	0.461	2.15	0.5
0.034295	190646	190646	1	0.462	0.462	2.15	0.5
0.034292	191056	191056	1	0.463	0.463	2.15	0.5
0.03429	191467	191467	1	0.464	0.464	2.15	0.5
0.034287	191877	191877	1	0.465	0.465	2.15	0.5
0.034285	192287	192287	1	0.466	0.466	2.15	0.5
0.034282	192697	192697	1	0.467	0.467	2.15	0.5
0.034279	193107	193107	1	0.468	0.468	2.15	0.5
0.034277	193518	193518	1	0.469	0.469	2.15	0.5
0.034274	193928	193928	1	0.47	0.47	2.15	0.5
0.034271	194230	194230	1	0.471	0.471	2.15	0.5
0.034264	194197	194197	1	0.472	0.472	2.15	0.5
0.034257	194163	194163	1	0.473	0.473	2.15	0.5
0.034249	194130	194130	1	0.474	0.474	2.15	0.5
0.034242	194097	194097	1	0.475	0.475	2.15	0.5
0.034235	194064	194064	1	0.476	0.476	2.15	0.5
0.034228	194031	194031	1	0.477	0.477	2.15	0.5
0.034221	193998	193998	1	0.478	0.478	2.15	0.5
0.034214	193967	193967	1	0.479	0.479	2.15	0.5
0.034206	193935	193935	1	0.48	0.48	2.15	0.5
0.034203	193802	193802	1	0.481	0.481	2.15	0.5
0.034202	193573	193573	1	0.482	0.482	2.15	0.5
0.034202	193343	193343	1	0.483	0.483	2.15	0.5
0.034199	192961	192961	1	0.484	0.484	2.15	0.5
0.034195	192486	192486	1	0.485	0.485	2.15	0.5
0.034191	192011	192011	1	0.486	0.486	2.15	0.5
0.034186	191536	191536	1	0.487	0.487	2.15	0.5
0.034182	191061	191061	1	0.488	0.488	2.15	0.5
0.034177	190586	190586	1	0.489	0.489	2.15	0.5
0.034173	190111	190111	1	0.49	0.49	2.15	0.5
0.034169	189636	189636	1	0.491	0.491	2.15	0.5
0.034164	189161	189161	1	0.492	0.492	2.15	0.5
0.03416	188686	188686	1	0.493	0.493	2.15	0.5
0.034156	188211	188211	1	0.494	0.494	2.15	0.5
0.034151	187737	187737	1	0.495	0.495	2.15	0.5
0.034147	187262	187262	1	0.496	0.496	2.15	0.5
0.034143	186805	186805	1	0.497	0.497	2.15	0.5
0.034145	186759	186759	1	0.498	0.498	2.15	0.5
0.034146	186713	186713	1	0.499	0.499	2.15	0.5
0.034148	186667	186667	1	0.5	0.5	2.15	0.5
0.03415	186620	186620	1	0.501	0.501	2.15	0.5
0.034152	186657	186657	1	0.502	0.502	2.15	0.5
0.034155	186879	186879	1	0.503	0.503	2.15	0.5
0.034159	187102	187102	1	0.504	0.504	2.15	0.5
0.034163	187324	187324	1	0.505	0.505	2.15	0.5
0.034166	187547	187547	1	0.506	0.506	2.15	0.5
0.03417	187769	187769	1	0.507	0.507	2.15	0.5
0.034174	187992	187992	1	0.508	0.508	2.15	0.5
0.03418	188262	188262	1	0.509	0.509	2.15	0.5
0.034189	188567	188567	1	0.51	0.51	2.15	0.5
0.034198	188871	188871	1	0.511	0.511	2.15	0.5
0.034207	189176	189176	1	0.512	0.512	2.15	0.5
0.034216	189481	189481	1	0.513	0.513	2.15	0.5
0.034221	189504	189504	1	0.514	0.514	2.15	0.5
0.034227	189533	189533	1	0.515	0.515	2.15	0.5
0.034233	189561	189561	1	0.516	0.516	2.15	0.5
0.034239	189590	189590	1	0.517	0.517	2.15	0.5
0.034244	189618	189618	1	0.518	0.518	2.15	0.5
0.03425	189647	189647	1	0.519	0.519	2.15	0.5
0.034256	189676	189676	1	0.52	0.52	2.15	0.5
0.034262	189704	189704	1	0.521	0.521	2.15	0.5
0.034268	189733	189733	1	0.522	0.522	2.15	0.5
0.034273	189761	189761	1	0.523	0.523	2.15	0.5
0.034279	189790	189790	1	0.524	0.524	2.15	0.5
0.034285	189818	189818	1	0.525	0.525	2.15	0.5
0.034294	189487	189487	1	0.526	0.526	2.15	0.5
0.034309	188562	188562	1	0.527	0.527	2.15	0.5
0.034323	187750	187750	1	0.528	0.528	2.15	0.5
0.034337	186938	186938	1	0.529	0.529	2.15	0.5
0.034352	186126	186126	1	0.53	0.53	2.15	0.5
0.034366	185314	185314	1	0.531	0.531	2.15	0.5
0.03438	184502	184502	1	0.532	0.532	2.15	0.5
0.034395	183690	183690	1	0.533	0.533	2.15	0.5
0.034409	182878	182878	1	0.534	0.534	2.15	0.5
0.034423	182066	182066	1	0.535	0.535	2.15	0.5
0.034437	181254	181254	1	0.536	0.536	2.15	0.5
0.034452	180442	180442	1	0.537	0.537	2.15	0.5
0.034466	179630	179630	1	0.538	0.538	2.15	0.5
0.03448	178818	178818	1	0.539	0.539	2.15	0.5
0.034495	178006	178006	1	0.54	0.54	2.15	0.5
0.034509	177194	177194	1	0.541	0.541	2.15	0.5
0.034523	176437	176437	1	0.542	0.542	2.15	0.5
0.034536	176037	176037	1	0.543	0.543	2.15	0.5
0.034548	175636	175636	1	0.544	0.544	2.15	0.5
0.034561	175236	175236	1	0.545	0.545	2.15	0.5
0.034573	174835	174835	1	0.546	0.546	2.15	0.5
0.034585	174435	174435	1	0.547	0.547	2.15	0.5
0.034598	174035	174035	1	0.548	0.548	2.15	0.5
0.034613	173621	173621	1	0.549	0.549	2.15	0.5
0.034635	173175	173175	1	0.55	0.55	2.15	0.5
0.034657	172728	172728	1	0.551	0.551	2.15	0.5
0.034679	172281	172281	1	0.552	0.552	2.15	0.5
0.034701	171834	171834	1	0.553	0.553	2.15	0.5
0.034718	171689	171689	1	0.554	0.554	2.15	0.5
0.034734	171691	171691	1	0.555	0.555	2.15	0.5
0.03475	171692	171692	1	0.556	0.556	2.15	0.5
0.034765	171693	171693	1	0.557	0.557	2.15	0.5
0.034781	171694	171694	1	0.558	0.558	2.15	0.5
0.034797	171695	171695	1	0.559	0.559	2.15	0.5
0.034813	171696	171696	1	0.56	0.56	2.15	0.5
0.034828	171697	171697	1	0.561	0.561	2.15	0.5
0.034844	171699	171699	1	0.562	0.562	2.15	0.5
0.034857	173180	173180	1	0.563	0.563	2.15	0.5
0.034869	174795	174795	1	0.564	0.564	2.15	0.5
0.034881	176410	176410	1	0.565	0.565	2.15	0.5
0.034893	178025	178025	1	0.566	0.566	2.15	0.5
0.034905	179639	179639	1	0.567	0.567	2.15	0.5
0.034918	181255	181255	1	0.568	0.568	2.15	0.5
0.034949	180868	180868	1	0.569	0.569	2.15	0.5
0.034982	180319	180319	1	0.57	0.57	2.15	0.5
0.035015	179770	179770	1	0.571	0.571	2.15	0.5
0.035048	179221	179221	1	0.572	0.572	2.15	0.5
0.035081	178673	178673	1	0.573	0.573	2.15	0.5
0.035114	178124	178124	1	0.574	0.574	2.15	0.5
0.035147	177575	177575	1	0.575	0.575	2.15	0.5
0.03518	177026	177026	1	0.576	0.576	2.15	0.5
0.035213	176478	176478	1	0.577	0.577	2.15	0.5
0.035246	175996	175996	1	0.578	0.578	2.15	0.5
0.035277	176794	176794	1	0.579	0.579	2.15	0.5
0.035308	177593	177593	1	0.58	0.58	2.15	0.5
0.035337	178065	178065	1	0.581	0.581	2.15	0.5
0.035355	176704	176704	1	0.582	0.582	2.15	0.5
0.035373	175344	175344	1	0.583	0.583	2.15	0.5
0.035391	173983	173983	1	0.584	0.584	2.15	0.5
0.035409	172623	172623	1	0.585	0.585	2.15	0.5
0.035429	171713	171713	1	0.586	0.586	2.15	0.5
0.035451	171713	171713	1	0.587	0.587	2.15	0.5
0.03548	172944	172944	1	0.588	0.588	2.15	0.5
0.035516	175259	175259	1	0.589	0.589	2.15	0.5
0.035552	177573	177573	1	0.59	0.59	2.15	0.5
0.035589	180401	180401	1	0.591	0.591	2.15	0.5
0.035627	183350	183350	1	0.592	0.592	2.15	0.5
0.035664	186300	186300	1	0.593	0.593	2.15	0.5
0.035702	189250	189250	1	0.594	0.594	2.15	0.5
0.035739	192200	192200	1	0.595	0.595	2.15	0.5
0.035777	195150	195150	1	0.596	0.596	2.15	0.5
0.035814	198099	198099	1	0.597	0.597	2.15	0.5
0.035852	201049	201049	1	0.598	0.598	2.15	0.5
0.035889	203999	203999	1	0.599	0.599	2.15	0.5
0.035926	206949	206949	1	0.6	0.6	2.15	0.5
0.035964	209899	209899	1	0.601	0.601	2.15	0.5
0.036001	212848	212848	1	0.602	0.602	2.15	0.5
0.036039	215798	215798	1	0.603	0.603	2.15	0.5
0.036076	218748	218748	1	0.604	0.604	2.15	0.5
0.036114	221698	221698	1	0.605	0.605	2.15	0.5
0.036151	223714	223714	1	0.606	0.606	2.15	0.5
0.036189	224453	224453	1	0.607	0.607	2.15	0.5
0.036228	224186	224186	1	0.608	0.608	2.15	0.5
0.036266	223920	223920	1	0.609	0.609	2.15	0.5
0.036305	223653	223653	1	0.61	0.61	2.15	0.5
0.036344	223386	223386	1	0.611	0.611	2.15	0.5
0.036386	223407	223407	1	0.612	0.612	2.15	0.5
0.036429	223479	223479	1	0.613	0.613	2.15	0.5
0.036472	223550	223550	1	0.614	0.614	2.15	0.5
0.036515	223621	223621	1	0.615	0.615	2.15	0.5
0.036558	223692	223692	1	0.616	0.616	2.15	0.5
0.036601	223763	223763	1	0.617	0.617	2.15	0.5
0.036644	223834	223834	1	0.618	0.618	2.15	0.5
0.036687	223905	223905	1	0.619	0.619	2.15	0.5
0.03673	223977	223977	1	0.62	0.62	2.15	0.5
0.036773	224048	224048	1	0.621	0.621	2.15	0.5
0.036816	224119	224119	1	0.622	0.622	2.15	0.5
0.036859	224190	224190	1	0.623	0.623	2.15	0.5
0.036902	224261	224261	1	0.624	0.624	2.15	0.5
0.036945	224332	224332	1	0.625	0.625	2.15	0.5
0.036988	224403	224403	1	0.626	0.626	2.15	0.5
0.037031	224474	224474	1	0.627	0.627	2.15	0.5
0.037074	224542	224542	1	0.628	0.628	2.15	0.5
0.037125	223607	223607	1	0.629	0.629	2.15	0.5
0.037176	222671	222671	1	0.63	0.63	2.15	0.5
0.037227	221735	221735	1	0.631	0.631	2.15	0.5
0.037277	220799	220799	1	0.632	0.632	2.15	0.5
0.037327	219007	219007	1	0.633	0.633	2.15	0.5
0.037377	217215	217215	1	0.634	0.634	2.15	0.5
0.037428	215890	215890	1	0.635	0.635	2.15	0.5
0.037477	214172	214172	1	0.636	0.636	2.15	0.5
0.037524	212246	212246	1	0.637	0.637	2.15	0.5
0.037571	210320	210320	1	0.638	0.638	2.15	0.5
0.037619	208395	208395	1	0.639	0.639	2.15	0.5
0.037666	206469	206469	1	0.64	0.64	2.15	0.5
0.037713	204544	204544	1	0.641	0.641	2.15	0.5
0.037761	202618	202618	1	0.642	0.642	2.15	0.5
0.037808	200693	200693	1	0.643	0.643	2.15	0.5
0.037855	198767	198767	1	0.644	0.644	2.15	0.5
0.037902	196842	196842	1	0.645	0.645	2.15	0.5
0.03795	194916	194916	1	0.646	0.646	2.15	0.5
0.037997	192991	192991	1	0.647	0.647	2.15	0.5
0.038058	191240	191240	1	0.648	0.648	2.15	0.5
0.038119	189489	189489	1	0.649	0.649	2.15	0.5
0.03818	187738	187738	1	0.65	0.65	2.15	0.5
0.038242	185987	185987	1	0.651	0.651	2.15	0.5
0.038303	184064	184064	1	0.652	0.652	2.15	0.5
0.038365	182126	182126	1	0.653	0.653	2.15	0.5
0.038427	180188	180188	1	0.654	0.654	2.15	0.5
0.038489	178251	178251	1	0.655	0.655	2.15	0.5
0.038551	176313	176313	1	0.656	0.656	2.15	0.5
0.038612	174375	174375	1	0.657	0.657	2.15	0.5
0.038674	172437	172437	1	0.658	0.658	2.15	0.5
0.038736	170500	170500	1	0.659	0.659	2.15	0.5
0.038797	168885	168885	1	0.66	0.66	2.15	0.5
0.038855	168377	168377	1	0.661	0.661	2.15	0.5
0.038913	167869	167869	1	0.662	0.662	2.15	0.5
0.038971	167360	167360	1	0.663	0.663	2.15	0.5
0.039033	166931	166931	1	0.664	0.664	2.15	0.5
0.0391	166644	166644	1	0.665	0.665	2.15	0.5
0.039167	166357	166357	1	0.666	0.666	2.15	0.5
0.039234	166069	166069	1	0.667	0.667	2.15	0.5
0.039302	165782	165782	1	0.668	0.668	2.15	0.5
0.039369	165495	165495	1	0.669	0.669	2.15	0.5
0.039436	165208	165208	1	0.67	0.67	2.15	0.5
0.039503	164921	164921	1	0.671	0.671	2.15	0.5
0.039571	164633	164633	1	0.672	0.672	2.15	0.5
0.039638	164346	164346	1	0.673	0.673	2.15	0.5
0.039705	164059	164059	1	0.674	0.674	2.15	0.5
0.039772	163772	163772	1	0.675	0.675	2.15	0.5
0.03984	163484	163484	1	0.676	0.676	2.15	0.5
0.039907	163197	163197	1	0.677	0.677	2.15	0.5
0.039972	163159	163159	1	0.678	0.678	2.15	0.5
0.040038	163160	163160	1	0.679	0.679	2.15	0.5
0.040103	163160	163160	1	0.68	0.68	2.15	0.5
0.04017	163510	163510	1	0.681	0.681	2.15	0.5
0.040244	163620	163620	1	0.682	0.682	2.15	0.5
0.040318	163874	163874	1	0.683	0.683	2.15	0.5
0.040392	164128	164128	1	0.684	0.684	2.15	0.5
0.040466	164381	164381	1	0.685	0.685	2.15	0.5
0.04054	164635	164635	1	0.686	0.686	2.15	0.5
0.040614	164889	164889	1	0.687	0.687	2.15	0.5
0.040688	165142	165142	1	0.688	0.688	2.15	0.5
0.040762	165396	165396	1	0.689	0.689	2.15	0.5
0.040836	165613	165613	1	0.69	0.69	2.15	0.5
0.04091	165827	165827	1	0.691	0.691	2.15	0.5
0.040984	166041	166041	1	0.692	0.692	2.15	0.5
0.041058	166255	166255	1	0.693	0.693	2.15	0.5
0.041132	166469	166469	1	0.694	0.694	2.15	0.5
0.041206	166683	166683	1	0.695	0.695	2.15	0.5
0.04128	166897	166897	1	0.696	0.696	2.15	0.5
0.041354	167111	167111	1	0.697	0.697	2.15	0.5
0.041428	167325	167325	1	0.698	0.698	2.15	0.5
0.041514	169294	169294	1	0.699	0.699	2.15	0.5
0.041598	170168	170168	1	0.7	0.7	2.15	0.5
0.041682	171042	171042	1	0.701	0.701	2.15	0.5
0.041766	171916	171916	1	0.702	0.702	2.15	0.5
0.04185	172790	172790	1	0.703	0.703	2.15	0.5
0.041933	173664	173664	1	0.704	0.704	2.15	0.5
0.042017	174538	174538	1	0.705	0.705	2.15	0.5
0.042099	175862	175862	1	0.706	0.706	2.15	0.5
0.04218	177373	177373	1	0.707	0.707	2.15	0.5
0.042261	178884	178884	1	0.708	0.708	2.15	0.5
0.042341	180395	180395	1	0.709	0.709	2.15	0.5
0.042422	181907	181907	1	0.71	0.71	2.15	0.5
0.042503	183418	183418	1	0.711	0.711	2.15	0.5
0.042584	184929	184929	1	0.712	0.712	2.15	0.5
0.042665	186440	186440	1	0.713	0.713	2.15	0.5
0.042745	187951	187951	1	0.714	0.714	2.15	0.5
0.042826	189463	189463	1	0.715	0.715	2.15	0.5
0.042907	190974	190974	1	0.716	0.716	2.15	0.5
0.042997	191935	191935	1	0.717	0.717	2.15	0.5
0.043089	192770	192770	1	0.718	0.718	2.15	0.5
0.043181	193605	193605	1	0.719	0.719	2.15	0.5
0.043273	194440	194440	1	0.72	0.72	2.15	0.5
0.043365	195275	195275	1	0.721	0.721	2.15	0.5
0.043457	196110	196110	1	0.722	0.722	2.15	0.5
0.043549	196945	196945	1	0.723	0.723	2.15	0.5
0.043641	197780	197780	1	0.724	0.724	2.15	0.5
0.043733	198615	198615	1	0.725	0.725	2.15	0.5
0.043825	199450	199450	1	0.726	0.726	2.15	0.5
0.043917	200285	200285	1	0.727	0.727	2.15	0.5
0.044009	201120	201120	1	0.728	0.728	2.15	0.5
0.044101	201955	201955	1	0.729	0.729	2.15	0.5
0.044191	203400	203400	1	0.73	0.73	2.15	0.5
0.044281	205708	205708	1	0.731	0.731	2.15	0.5
0.044372	208012	208012	1	0.732	0.732	2.15	0.5
0.044462	210316	210316	1	0.733	0.733	2.15	0.5
0.044555	211801	211801	1	0.734	0.734	2.15	0.5
0.044655	211206	211206	1	0.735	0.735	2.15	0.5
0.044755	210612	210612	1	0.736	0.736	2.15	0.5
0.044849	210183	210183	1	0.737	0.737	2.15	0.5
0.044944	209912	209912	1	0.738	0.738	2.15	0.5
0.045042	210082	210082	1	0.739	0.739	2.15	0.5
0.045139	210253	210253	1	0.74	0.74	2.15	0.5
0.045237	210423	210423	1	0.741	0.741	2.15	0.5
0.045335	210593	210593	1	0.742	0.742	2.15	0.5
0.045433	210764	210764	1	0.743	0.743	2.15	0.5
0.045531	210934	210934	1	0.744	0.744	2.15	0.5
0.045629	211104	211104	1	0.745	0.745	2.15	0.5
0.045727	211275	211275	1	0.746	0.746	2.15	0.5
0.045825	211445	211445	1	0.747	0.747	2.15	0.5
0.045923	211615	211615	1	0.748	0.748	2.15	0.5
0.046021	211786	211786	1	0.749	0.749	2.15	0.5
0.046122	204309	204309	1	0.75	0.75	2.15	0.5
0.046225	192130	192130	1	0.751	0.751	2.15	0.5
0.046328	179952	179952	1	0.752	0.752	2.15	0.5
0.046431	167773	167773	1	0.753	0.753	2.15	0.5
0.046534	155594	155594	1	0.754	0.754	2.15	0.5
0.046637	143416	143416	1	0.755	0.755	2.15	0.5
0.04674	131237	131237	1	0.756	0.756	2.15	0.5
0.046843	119058	119058	1	0.757	0.757	2.15	0.5
0.046946	106879	106879	1	0.758	0.758	2.15	0.5
0.047049	94701	94701	1	0.759	0.759	2.15	0.5
0.047153	82522	82522	1	0.76	0.76	2.15	0.5
0.047256	70344	70344	1	0.761	0.761	2.15	0.5
0.047359	58165	58165	1	0.762	0.762	2.15	0.5
0.047462	45986	45986	1	0.763	0.763	2.15	0.5
0.04756	33623	33623	1	0.764	0.764	2.15	0.5
0.047652	20800	20800	1	0.765	0.765	2.15	0.5
0.047652	20712	20712	1	0.766	0.766	2.15	0.5
0.047652	20623	20623	1	0.767	0.767	2.15	0.5
0.047652	20534	20534	1	0.768	0.768	2.15	0.5
0.047652	20449	20449	1	0.769	0.769	2.15	0.5
0.047652	20364	20364	1	0.77	0.77	2.15	0.5
0.047652	20279	20279	1	0.771	0.771	2.15	0.5
0.047652	20194	20194	1	0.772	0.772	2.15	0.5
0.047652	20109	20109	1	0.773	0.773	2.15	0.5
0.047652	20024	20024	1	0.774	0.774	2.15	0.5
0.047652	19984	19984	1	0.775	0.775	2.15	0.5
0.047651	34680	34680	1	0.776	0.776	2.15	0.5
0.04765	45089	45089	1	0.777	0.777	2.15	0.5
0.047648	53023	53023	1	0.778	0.778	2.15	0.5
0.047647	60958	60958	1	0.779	0.779	2.15	0.5
0.047646	68892	68892	1	0.78	0.78	2.15	0.5
0.047644	76828	76828	1	0.781	0.781	2.15	0.5
0.047643	84762	84762	1	0.782	0.782	2.15	0.5
0.047641	92697	92697	1	0.783	0.783	2.15	0.5
0.04764	100631	100631	1	0.784	0.784	2.15	0.5
0.047638	108567	108567	1	0.785	0.785	2.15	0.5
0.047637	116501	116501	1	0.786	0.786	2.15	0.5
0.047635	124436	124436	1	0.787	0.787	2.15	0.5
0.047634	132370	132370	1	0.788	0.788	2.15	0.5
0.047632	140305	140305	1	0.789	0.789	2.15	0.5
0.047631	148240	148240	1	0.79	0.79	2.15	0.5
0.047629	156175	156175	1	0.791	0.791	2.15	0.5
0.047628	164109	164109	1	0.792	0.792	2.15	0.5
0.047626	172044	172044	1	0.793	0.793	2.15	0.5
0.047625	179979	179979	1	0.794	0.794	2.15	0.5
0.047623	187914	187914	1	0.795	0.795	2.15	0.5
0.047622	195848	195848	1	0.796	0.796	2.15	0.5
0.04762	203783	203783	1	0.797	0.797	2.15	0.5
0.047619	211718	211718	1	0.798	0.798	2.15	0.5
0.047618	215330	215330	1	0.799	0.799	2.15	0.5
0.047618	216910	216910	1	0.8	0.8	2.15	0.5
0.047617	217150	217150	1	0.801	0.801	2.15	0.5
0.047617	217029	217029	1	0.802	0.802	2.15	0.5
0.047618	212035	212035	1	0.803	0.803	2.15	0.5
0.047619	203695	203695	1	0.804	0.804	2.15	0.5
0.04762	195355	195355	1	0.805	0.805	2.15	0.5
0.047622	187016	187016	1	0.806	0.806	2.15	0.5
0.047623	178676	178676	1	0.807	0.807	2.15	0.5
0.047624	170336	170336	1	0.808	0.808	2.15	0.5
0.047625	161997	161997	1	0.809	0.809	2.15	0.5
0.047627	153657	153657	1	0.81	0.81	2.15	0.5
0.047628	145318	145318	1	0.811	0.811	2.15	0.5
0.047629	136978	136978	1	0.812	0.812	2.15	0.5
0.047631	128638	128638	1	0.813	0.813	2.15	0.5
0.047632	120299	120299	1	0.814	0.814	2.15	0.5
0.047633	111960	111960	1	0.815	0.815	2.15	0.5
0.047634	103620	103620	1	0.816	0.816	2.15	0.5
0.047636	95281	95281	1	0.817	0.817	2.15	0.5
0.047637	86941	86941	1	0.818	0.818	2.15	0.5
0.047638	78601	78601	1	0.819	0.819	2.15	0.5
0.04764	70262	70262	1	0.82	0.82	2.15	0.5
0.047641	61922	61922	1	0.821	0.821	2.15	0.5
0.047642	52252	52252	1	0.822	0.822	2.15	0.5
0.047644	39908	39908	1	0.823	0.823	2.15	0.5
0.047645	30887	30887	1	0.824	0.824	2.15	0.5
0.047645	22440	22440	1	0.825	0.825	2.15	0.5
0.047645	22471	22471	1	0.826	0.826	2.15	0.5
0.047645	22492	22492	1	0.827	0.827	2.15	0.5
0.047645	22513	22513	1	0.828	0.828	2.15	0.5
0.047645	22537	22537	1	0.829	0.829	2.15	0.5
0.047645	22560	22560	1	0.83	0.83	2.15	0.5
0.047645	22584	22584	1	0.831	0.831	2.15	0.5
0.047645	22607	22607	1	0.832	0.832	2.15	0.5
0.047645	22631	22631	1	0.833	0.833	2.15	0.5
0.047645	22655	22655	1	0.834	0.834	2.15	0.5
0.047645	22678	22678	1	0.835	0.835	2.15	0.5
0.047569	36874	36874	1	0.836	0.836	2.15	0.5
0.047489	45932	45932	1	0.837	0.837	2.15	0.5
0.047409	54990	54990	1	0.838	0.838	2.15	0.5
0.047328	62682	62682	1	0.839	0.839	2.15	0.5
0.047245	72659	72659	1	0.84	0.84	2.15	0.5
0.047161	83012	83012	1	0.841	0.841	2.15	0.5
0.047077	93230	93230	1	0.842	0.842	2.15	0.5
0.046993	103447	103447	1	0.843	0.843	2.15	0.5
0.046909	113665	113665	1	0.844	0.844	2.15	0.5
0.046826	123883	123883	1	0.845	0.845	2.15	0.5
0.046742	134100	134100	1	0.846	0.846	2.15	0.5
0.046658	144317	144317	1	0.847	0.847	2.15	0.5
0.046574	154535	154535	1	0.848	0.848	2.15	0.5
0.04649	164752	164752	1	0.849	0.849	2.15	0.5
0.046406	174970	174970	1	0.85	0.85	2.15	0.5
0.046323	185187	185187	1	0.851	0.851	2.15	0.5
0.046239	195405	195405	1	0.852	0.852	2.15	0.5
0.046155	205622	205622	1	0.853	0.853	2.15	0.5
0.046071	215839	215839	1	0.854	0.854	2.15	0.5
0.045988	224384	224384	1	0.855	0.855	2.15	0.5
0.045909	225543	225543	1	0.856	0.856	2.15	0.5
0.045829	226702	226702	1	0.857	0.857	2.15	0.5
0.045749	227860	227860	1	0.858	0.858	2.15	0.5
0.045665	229010	229010	1	0.859	0.859	2.15	0.5
0.045581	230160	230160	1	0.86	0.86	2.15	0.5
0.045497	231311	231311	1	0.861	0.861	2.15	0.5
0.045414	232461	232461	1	0.862	0.862	2.15	0.5
0.04533	233611	233611	1	0.863	0.863	2.15	0.5
0.045248	234418	234418	1	0.864	0.864	2.15	0.5
0.045174	233960	233960	1	0.865	0.865	2.15	0.5
0.0451	233501	233501	1	0.866	0.866	2.15	0.5
0.045026	233043	233043	1	0.867	0.867	2.15	0.5
0.044951	232584	232584	1	0.868	0.868	2.15	0.5
0.044877	232126	232126	1	0.869	0.869	2.15	0.5
0.044803	231667	231667	1	0.87	0.87	2.15	0.5
0.044729	231209	231209	1	0.871	0.871	2.15	0.5
0.044654	230750	230750	1	0.872	0.872	2.15	0.5
0.04458	230292	230292	1	0.873	0.873	2.15	0.5
0.044506	229833	229833	1	0.874	0.874	2.15	0.5
0.044438	229901	229901	1	0.875	0.875	2.15	0.5
0.044372	230179	230179	1	0.876	0.876	2.15	0.5
0.044307	230456	230456	1	0.877	0.877	2.15	0.5
0.044241	230734	230734	1	0.878	0.878	2.15	0.5
0.044176	231012	231012	1	0.879	0.879	2.15	0.5
0.04411	231290	231290	1	0.88	0.88	2.15	0.5
0.044044	231568	231568	1	0.881	0.881	2.15	0.5
0.043979	231846	231846	1	0.882	0.882	2.15	0.5
0.043913	232124	232124	1	0.883	0.883	2.15	0.5
0.043848	232402	232402	1	0.884	0.884	2.15	0.5
0.043782	232777	232777	1	0.885	0.885	2.15	0.5
0.043715	233203	233203	1	0.886	0.886	2.15	0.5
0.043649	233629	233629	1	0.887	0.887	2.15	0.5
0.043577	233761	233761	1	0.888	0.888	2.15	0.5
0.043503	233785	233785	1	0.889	0.889	2.15	0.5
0.043429	233810	233810	1	0.89	0.89	2.15	0.5
0.043356	233834	233834	1	0.891	0.891	2.15	0.5
0.043282	233859	233859	1	0.892	0.892	2.15	0.5
0.043208	233884	233884	1	0.893	0.893	2.15	0.5
0.043144	233724	233724	1	0.894	0.894	2.15	0.5
0.043087	233409	233409	1	0.895	0.895	2.15	0.5
0.043031	233094	233094	1	0.896	0.896	2.15	0.5
0.042974	232778	232778	1	0.897	0.897	2.15	0.5
0.042918	232463	232463	1	0.898	0.898	2.15	0.5
0.042861	232113	232113	1	0.899	0.899	2.15	0.5
0.042805	231763	231763	1	0.9	0.9	2.15	0.5
0.042748	231412	231412	1	0.901	0.901	2.15	0.5
0.042691	231062	231062	1	0.902	0.902	2.15	0.5
0.042635	230712	230712	1	0.903	0.903	2.15	0.5
0.042578	230361	230361	1	0.904	0.904	2.15	0.5
0.042522	230011	230011	1	0.905	0.905	2.15	0.5
0.042465	229660	229660	1	0.906	0.906	2.15	0.5
0.042409	229310	229310	1	0.907	0.907	2.15	0.5
0.042352	228894	228894	1	0.908	0.908	2.15	0.5
0.042292	227298	227298	1	0.909	0.909	2.15	0.5
0.042232	226216	226216	1	0.91	0.91	2.15	0.5
0.04217	225756	225756	1	0.911	0.911	2.15	0.5
0.042117	225476	225476	1	0.912	0.912	2.15	0.5
0.042071	225384	225384	1	0.913	0.913	2.15	0.5
0.042024	224401	224401	1	0.914	0.914	2.15	0.5
0.041976	222384	222384	1	0.915	0.915	2.15	0.5
0.041928	220366	220366	1	0.916	0.916	2.15	0.5
0.04188	218349	218349	1	0.917	0.917	2.15	0.5
0.041832	216331	216331	1	0.918	0.918	2.15	0.5
0.041784	214313	214313	1	0.919	0.919	2.15	0.5
0.041736	212296	212296	1	0.92	0.92	2.15	0.5
0.041689	210278	210278	1	0.921	0.921	2.15	0.5
0.041641	208261	208261	1	0.922	0.922	2.15	0.5
0.041593	206243	206243	1	0.923	0.923	2.15	0.5
0.041545	204359	204359	1	0.924	0.924	2.15	0.5
0.041496	202617	202617	1	0.925	0.925	2.15	0.5
0.041448	200875	200875	1	0.926	0.926	2.15	0.5
0.0414	199133	199133	1	0.927	0.927	2.15	0.5
0.041352	197391	197391	1	0.928	0.928	2.15	0.5
0.041304	195649	195649	1	0.929	0.929	2.15	0.5
0.041256	193907	193907	1	0.93	0.93	2.15	0.5
0.041208	192165	192165	1	0.931	0.931	2.15	0.5
0.041159	190423	190423	1	0.932	0.932	2.15	0.5
0.041111	188681	188681	1	0.933	0.933	2.15	0.5
0.041063	186939	186939	1	0.934	0.934	2.15	0.5
0.041024	186475	186475	1	0.935	0.935	2.15	0.5
0.040993	187107	187107	1	0.936	0.936	2.15	0.5
0.040962	187738	187738	1	0.937	0.937	2.15	0.5
0.040931	188369	188369	1	0.938	0.938	2.15	0.5
0.0409	189001	189001	1	0.939	0.939	2.15	0.5
0.040869	189632	189632	1	0.94	0.94	2.15	0.5
0.040837	190263	190263	1	0.941	0.941	2.15	0.5
0.040806	190895	190895	1	0.942	0.942	2.15	0.5
0.040775	191526	191526	1	0.943	0.943	2.15	0.5
0.040744	192158	192158	1	0.944	0.944	2.15	0.5
0.040713	192789	192789	1	0.945	0.945	2.15	0.5
0.040682	193420	193420	1	0.946	0.946	2.15	0.5
0.040651	194052	194052	1	0.947	0.947	2.15	0.5
0.04062	194683	194683	1	0.948	0.948	2.15	0.5
0.040588	195314	195314	1	0.949	0.949	2.15	0.5
0.040557	195774	195774	1	0.95	0.95	2.15	0.5
0.040526	195707	195707	1	0.951	0.951	2.15	0.5
0.040495	195640	195640	1	0.952	0.952	2.15	0.5
0.040464	195573	195573	1	0.953	0.953	2.15	0.5
0.040433	195506	195506	1	0.954	0.954	2.15	0.5
0.040396	194966	194966	1	0.955	0.955	2.15	0.5
0.04036	194394	194394	1	0.956	0.956	2.15	0.5
0.040323	193822	193822	1	0.957	0.957	2.15	0.5
0.040294	194541	194541	1	0.958	0.958	2.15	0.5
0.040274	196959	196959	1	0.959	0.959	2.15	0.5
0.040255	199376	199376	1	0.96	0.96	2.15	0.5
0.040236	201793	201793	1	0.961	0.961	2.15	0.5
0.040216	204211	204211	1	0.962	0.962	2.15	0.5
0.040197	206628	206628	1	0.963	0.963	2.15	0.5
0.040179	208286	208286	1	0.964	0.964	2.15	0.5
0.040159	209930	209930	1	0.965	0.965	2.15	0.5
0.040139	211568	211568	1	0.966	0.966	2.15	0.5
0.040121	213095	213095	1	0.967	0.967	2.15	0.5
0.040102	214622	214622	1	0.968	0.968	2.15	0.5
0.040084	216149	216149	1	0.969	0.969	2.15	0.5
0.040065	217676	217676	1	0.97	0.97	2.15	0.5
0.040047	219203	219203	1	0.971	0.971	2.15	0.5
0.040028	220730	220730	1	0.972	0.972	2.15	0.5
0.04001	222256	222256	1	0.973	0.973	2.15	0.5
0.039992	223783	223783	1	0.974	0.974	2.15	0.5
0.039973	225310	225310	1	0.975	0.975	2.15	0.5
0.039955	226837	226837	1	0.976	0.976	2.15	0.5
0.039936	228364	228364	1	0.977	0.977	2.15	0.5
0.039918	229891	229891	1	0.978	0.978	2.15	0.5
0.039899	231418	231418	1	0.979	0.979	2.15	0.5
0.039885	232383	232383	1	0.98	0.98	2.15	0.5
0.039879	232374	232374	1	0.981	0.981	2.15	0.5
0.039872	232365	232365	1	0.982	0.982	2.15	0.5
0.039866	232357	232357	1	0.983	0.983	2.15	0.5
0.039859	232348	232348	1	0.984	0.984	2.15	0.5
0.039853	232339	232339	1	0.985	0.985	2.15	0.5
0.039846	232330	232330	1	0.986	0.986	2.15	0.5
0.03984	232322	232322	1	0.987	0.987	2.15	0.5
0.039833	232313	232313	1	0.988	0.988	2.15	0.5
0.039827	232304	232304	1	0.989	0.989	2.15	0.5
0.03982	232296	232296	1	0.99	0.99	2.15	0.5
0.039814	232287	232287	1	0.991	0.991	2.15	0.5
0.039807	232278	232278	1	0.992	0.992	2.15	0.5
0.039802	232220	232220	1	0.993	0.993	2.15	0.5
0.0398	232100	232100	1	0.994	0.994	2.15	0.5
0.039791	232100	232100	1	0.995	0.995	2.15	0.5
0.039781	232100	232100	1	0.996	0.996	2.15	0.5
0.039772	232100	232100	1	0.997	0.997	2.15	0.5
0.039763	232100	232100	1	0.998	0.998	2.15	0.5
0.039754	232100	232100	1	0.999	0.999	2.15	0.5
0.039745	232099	232099	1	1	1	2.15	0.5
