0.0,0.0,0.0,0.0,0.0,0.0,0.0,0.0,0.0,0.0,0.0,0.0,0.0,0.0,0.0,0.0,0.0,0.0,0.0,0.0,0.0,0.0
0.0025,0.03749855091940216,1.4089370657122582e-07,7.222740233377331e-07,1.2006503439427222e-10,5.837278115462269e-07,1.4274109936028007e-11,6.16136377754934e-11,1.0701667390422735e-22,2.288189417575398e-23,8.230646718312467e-20,1.05484658107612e-17,1.3404652367433906e-20,5.1439756330671894e-20,5.97051630461918e-18,1.3182822184264538e-13,5.264101770990566e-17,2.1560113232191476e-15,2.4544854246033995e-17,1.6291738150174578e-15,2.502711541634256e-19,1.0458040736196894e-16
0.005,0.07498899368464282,1.0728647216295612e-06,5.520843570232866e-06,1.31005926714391e-09,4.397288954045236e-06,1.564474982772025e-10,7.119686381869198e-10,2.8645519465466857e-21,5.945903074092036e-22,1.7220405964790263e-18,2.033768020920551e-16,3.1073230505987573e-19,1.104637642798312e-18,1.2059321788563272e-16,2.0657988623993244e-12,9.912595512522541e-16,3.883412133802134e-14,4.869489520625479e-16,2.9204740278295344e-14,4.940226207111468e-18,2.0450314390312273e-15
0.0075,0.11245408395041977,4.5126173427500945e-06,2.3118025910843798e-05,7.659632060707988e-09,1.8224305341755166e-05,9.209813877248704e-10,4.3924018227491746e-09,3.948810424438799e-20,7.966103692801958e-21,1.8754387447978557e-17,2.0429202371257538e-15,3.725370781441155e-18,1.2313136010887919e-17,1.266530599775228e-15,1.700243290723014e-11,9.733168131844473e-15,3.650628245335889e-13,5.025579279841604e-15,2.7335352810292715e-13,5.0950019566149185e-17,2.0793826916300972e-14
0.01,0.14986069969078006,1.3862182085351344e-05,7.025655306280902e-05,3.186920265297456e-08,5.499739926280871e-05,3.865837938027545e-09,1.9217537676846027e-08,3.734426647142376e-19,7.328825427798599e-20,1.4155847829591306e-16,1.423286869978406e-14,3.0765994571679515e-17,9.485607591465018e-17,9.208400494346608e-15,9.777874850640028e-11,6.632946914446576e-14,2.3839933857568556e-12,3.5921506174213153e-14,1.7780213360283113e-12,3.6537671697654753e-16,1.4637562515501983e-13
0.0125,0.18715629669019185,3.4742578618408816e-05,0.0001733721899529161,1.0577714813232357e-07,0.00013511882000307766,1.2966768823924686e-08,6.685659331140264e-08,2.7233812015801806e-18,5.203561148376939e-19,8.319850530989316e-16,7.725799768395222e-14,1.966982325829958e-16,5.674034215111231e-16,5.2069723168933583e-14,4.411187777674697e-10,3.523742133627937e-13,1.214757272907357e-11,1.9977300417401262e-13,9.026624012949155e-12,2.0461944832420142e-15,8.014515795879477e-13
0.015,0.2242680553552298,7.5329831772144e-05,0.00036879639504259283,2.977962854452461e-07,0.0002867445467689097,3.694541232457292e-08,1.9668427991582443e-07,1.632280820196187e-17,3.0386249677611298e-18,4.056236094753383e-15,3.4805329839951336e-13,1.0374590138581135e-15,2.8077040476947436e-15,2.4394704784243074e-13,1.6621227812235765e-09,1.5543164103561061e-12,5.1441382693225306e-11,9.208746093952999e-13,3.809421085096074e-11,9.530199113032429e-15,3.6362271091405757e-12
0.0175,0.26110478923360947,0.00014643844183557177,0.0007014863945196334,7.386524916391355e-07,0.0005450140738243205,9.286012326993939e-08,5.08316202842459e-07,8.369073196096153e-17,1.5188984470497287e-17,1.706747922334179e-14,1.353885564205308e-12,4.698076470796048e-15,1.195870291299972e-14,9.852143039912188e-13,5.439412593287622e-09,5.921811458097501e-12,1.8832683674692157e-10,3.660598431784968e-12,1.3901384200059022e-10,3.839661261174902e-14,1.4223853438873503e-11
0.02,0.29756102992034533,0.0002613531426857539,0.0012226395694011948,1.6560145743904335e-06,0.0009504501101936043,2.111898761412491e-07,1.1841742663437711e-06,3.772885190633103e-16,6.679659589761143e-17,6.367902306980728e-14,4.6717254036373976e-12,1.87721375298346e-14,4.504752864212235e-14,3.524088782960245e-12,1.5877092409896538e-08,2.0018951790708954e-11,6.123123301630038e-10,1.2892546581235996e-11,4.506025807821722e-10,1.3745322247646211e-13,4.928807744006338e-11
0.0225,0.3335223908790881,0.0004354499240118474,0.0019867095572765393,3.417607744561453e-06,0.0015468663217503929,4.4254599537128824e-07,2.5328572909322112e-06,1.5255922397742955e-15,2.636314723679121e-16,2.1482815197207812e-13,1.458178563442488e-11,6.750855043252653e-14,1.530537110843884e-13,1.1385492912268001e-11,4.213477644442992e-08,6.122813205968987e-11,1.802757359203606e-09,4.1026032137509086e-11,1.322810685197572e-09,4.457407065388481e-13,1.5429099566314783e-10
0.025,0.368871301309579,0.0006856683873884717,0.00304833077029317,6.5813881909637074e-06,0.0023791249130508422,8.660272304489141e-07,5.04294588622011e-06,5.617296630258742e-15,9.479961969985155e-16,6.650398711903828e-13,4.178070003827244e-11,2.218021148970076e-13,4.760436648118025e-13,3.371836051593355e-11,1.0313649581795337e-07,1.7193111279367684e-10,4.8771416528294524e-09,1.197090374542395e-10,3.5688031371073124e-09,1.328584406217328e-12,4.4283358961571776e-10
0.0275,0.4034923777581596,0.0010299023232819833,0.004459543880796191,1.1950479496937694e-05,0.003491021111267877,1.5991056398625115e-06,9.445626264930775e-06,1.9057507018393267e-14,3.1427194046585905e-15,1.910892562296408e-12,1.111600497379238e-10,6.736245704709723e-13,1.3712109732132516e-12,9.259609741542618e-11,2.354691049386485e-07,4.4834218216805224e-10,1.2263193031649546e-08,3.239926139638656e-10,8.949708212371937e-09,3.681098992161385e-12,1.178824129460202e-09
0.03,0.43727695270860223,0.0014863691575026108,0.006267563635662221,2.062994389544658e-05,0.00492347951444794,2.8088075447337897e-06,1.6783363044814512e-05,6.01401122982065e-14,9.696249085930174e-15,5.143003135208429e-12,2.7714098519915e-10,1.908907383047452e-12,3.691757678695897e-12,2.379718752214223e-10,5.05894584390963e-07,1.0956512441848448e-09,2.8919812836490222e-08,8.208649917802744e-10,2.1052130842549242e-08,9.566405297878458e-12,2.9374147284478893e-09
0.0325,0.47012652487574536,0.002073006819951169,0.008513188563758035,3.4082138964968517e-05,0.006713157005622606,4.723846429879605e-06,2.8480947488115535e-05,1.7790320695290035e-13,2.8058504493106763e-14,1.3061919308182226e-11,6.523260423503201e-10,5.0861605377684275e-12,9.360739680866165e-12,5.766615331379003e-10,1.0301915244108403e-06,2.5279211972159918e-09,6.443905486000922e-08,1.9614877488014344e-09,4.679392028293329e-08,2.348935507416311e-11,6.903166695931669e-09
0.035,0.501955091722246,0.002806932654168596,0.011229843552985556,5.4177398796762045e-05,0.008891474234710161,7.647280795720834e-06,4.641470531020178e-05,4.96502322797251e-13,7.664552879828782e-14,3.149667155252647e-11,1.4585340797645175e-09,1.2823105762787681e-11,2.2493285005817604e-11,1.3257944672719657e-09,2.0002652204223135e-06,5.540508066499443e-09,1.3649538047110594e-07,4.448030675310209e-09,9.888732321220704e-08,5.482266639699028e-11,1.5395664409924407e-08
0.0375,0.5326904568532846,0.0037039857901288746,0.014443177183373512,8.323704391831412e-05,0.011484047660144086,1.1969214065567974e-05,7.297551603923237e-05,1.3144248842134547e-12,1.9871583971069815e-13,7.24795335682104e-11,3.1138829381145773e-09,3.0755145796267065e-11,5.149286411889726e-11,2.9070840019638913e-09,3.7215775803792476e-06,1.1594953940352715e-08,2.762658430801854e-07,9.622293935528287e-09,1.996981799395889e-07,1.2223795022436287e-10,3.275547264338135e-08
0.04,0.5622746778346411,0.004778363284227018,0.0181711018668496,0.00012406620706241942,0.01451046539971828,1.8179027378232666e-05,0.0001111215637854026,3.316202420471684e-12,4.912676255151498e-13,1.5986189273107053e-10,6.375720374870641e-09,7.049253853194373e-11,1.1280752128810089e-10,6.10649294959682e-09,6.662906018051193e-06,2.327146321047113e-08,5.366184272763804e-07,1.9945246805012073e-08,3.870600763074332e-07,2.614957794623841e-10,6.677793882100968e-08
0.0425,0.5906638466521357,0.006042351751441822,0.022424157415197297,0.00017997459125050234,0.017984338167353935,2.687663880991824e-05,0.0001644173492645392,8.005232368601084e-12,1.1627419425116715e-12,3.392091755582026e-10,1.2567072265627452e-08,1.5501467647105656e-10,2.374098563160414e-10,1.2334852326879127e-08,1.1520213394686404e-05,4.496205402922891e-08,1.0040437929638181e-06,3.976491419956259e-08,7.227253043097769e-07,5.386729460391278e-10,1.309489351594759e-07
0.045,0.6178273904568169,0.007506150106455209,0.027206088121821258,0.000254783980981046,0.021913556147878197,3.878231188749323e-05,0.0002370563553204488,1.85543638865188e-11,2.6438811459335548e-12,6.946685372664903e-10,2.3923989169122605e-08,3.2816022043255614e-10,4.815933725396732e-10,2.403909149204608e-08,1.9295982602759935e-05,8.389777765844058e-08,1.8154724149351478e-06,7.650504884618037e-08,1.3042494576465422e-06,1.0719159742884986e-09,2.478139821224516e-07
0.0475,0.6437470576756652,0.009177775058521654,0.032514541705767744,0.0003528220420889213,0.02630068913130866,5.474458852816594e-05,0.00033386576849667334,4.141744868751848e-11,5.793241966181074e-12,1.3768578605340627e-09,4.411271944654736e-08,6.707750139162446e-10,9.44392523807078e-10,4.533116228029512e-08,3.1394741518125654e-05,1.5162513684699028e-07,3.1812556775694086e-06,1.424485505742681e-07,2.281200886398531e-06,2.066178198303044e-09,4.538975207997359e-07
0.05,0.6684157240841174,0.011063038742178389,0.03834181960902149,0.0004789026183533886,0.031143477023661194,7.574599227395773e-05,0.00046029271324845916,8.928059087093923e-11,1.2265779241508025e-11,2.647687646094911e-09,7.897885878499154e-08,1.3273522854490763e-09,1.7948681727636716e-09,8.292246875366039e-08,4.9734698076666326e-05,2.660687498028524e-07,5.415675281940019e-06,2.5733677299153877e-07,3.876646480024579e-06,3.867195341298683e-09,8.066779741719576e-07
0.0525,0.691836121787212,0.013165586891728705,0.04467562838902027,0.0006382933242287441,0.03643536854464536,0.0001029062319077014,0.0006223724609693967,1.862980977443795e-10,2.5153840027804802e-11,4.950515572447215e-09,1.3760518609293442e-07,2.5487378053716627e-09,3.3136832225638243e-09,1.4747533779482059e-07,7.687446070740537e-05,4.543378021125828e-07,8.976359872550122e-06,4.520570530494561e-07,6.4148780134286825e-06,7.043249714625044e-09,1.3942106074220905e-06
0.055,0.7140195651909901,0.015486985913957389,0.05149979928744482,0.0008366717179806106,0.04216607605093528,0.0001374827281016815,0.0008266799604289317,3.77110182716795e-10,5.0070289221029245e-11,9.017264001834078e-09,2.3377027005730647e-07,4.75877707474106e-09,5.9548449806906445e-09,2.55509131508036e-07,0.00011615279100374943,7.564510580677536e-07,1.4513912800434703e-05,7.73743551707034e-07,1.0356296828373438e-05,1.2506123179784842e-08,2.348066633509341e-06
0.0575,0.7349847238422363,0.01802684778106378,0.05879495671589092,0.0010800717053570448,0.04832212324169049,0.00018086838163628783,0.0010802667497498168,7.41947157169034e-10,9.693007827267833e-11,1.6028210504548265e-08,3.8791540844838437e-07,8.655750101777288e-09,1.0435218075032565e-08,4.320259862082049e-07,0.00017183828861718942,1.230167190183565e-06,2.2932876354395017e-05,1.2926675549828212e-06,1.6340260048905237e-05,2.168608238336906e-08,3.860315111202606e-06
0.06,0.7547564729772118,0.02078298262152194,0.06653912640427626,0.0013748220685025805,0.05488736974491708,0.00023458659626295923,0.00139058582607649,1.4212734036309774e-09,1.82807418034262e-10,2.7845174594758105e-08,6.297421636085518e-07,1.536315731253877e-08,1.786140353188931e-08,7.140484684877204e-07,0.00024928491314912186,1.9571119774876877e-06,3.5464867621946847e-05,2.1113388260905788e-06,2.5236503933688863e-05,3.677978775652569e-08,6.2053051527255716e-06
0.0625,0.7733648384467997,0.023751570056070932,0.07470828076570621,0.0017274791440734915,0.06184350227087876,0.00030028365834952413,0.0017654073617289073,2.6550136094619567e-09,3.3641004376145743e-10,4.7344816748008594e-08,1.0015756663183786e-06,2.6648949440099582e-08,2.9905803628996155e-08,1.155286930435558e-06,0.0003550883735696515,3.050389750087548e-06,5.375431884848904e-05,3.3762750052269727e-06,3.820549921702245e-05,6.10946461886487e-08,9.767001294782637e-06
0.065,0.79084404267642,0.0269273415827346,0.08327682327706562,0.002144755700188594,0.06917048632305076,0.00037971865560598045,0.0022127282758973637,4.843545119422048e-09,6.049299617507699e-10,7.888573169112753e-08,1.5626388713666036e-06,4.5237660554627435e-08,4.904609196206611e-08,1.8321760141986843e-06,0.0004972377250900005,4.663851896213137e-06,7.995674845995748e-05,5.292916781996981e-06,5.6767764447624424e-05,9.951826921582282e-08,1.5072577125250442e-05
0.0675,0.8072316516427721,0.030303767569944195,0.09221801601130267,0.002633447999393158,0.07684697560770629,0.00047475118579955937,0.002740678622080383,8.640452186647017e-09,1.0643120437792943e-09,1.2895088187308177e-07,2.3943889268197976e-06,7.524608369720311e-08,7.888480206801097e-08,2.851535416692586e-06,0.0006852560577338541,7.003169365617879e-06,0.00011684889387552211,8.144168063491784e-06,8.288177665050725e-05,1.5914723877432936e-07,2.2832875702202566e-05
0.07,0.8225678186995548,0.03387324361101604,0.10150435546919209,0.0032003629015290073,0.08485067851489603,0.0005873271616093024,0.003357427564422558,1.5090637951790537e-08,1.8343381216609752e-09,2.0701552217619727e-07,3.6070676676768546e-06,1.227800392313299e-07,1.2456822930966957e-07,4.360117445287512e-06,0.0009303239763405152,1.0338818571823946e-05,0.00016794937770312133,1.231301850964394e-05,0.0001190296891111237,2.5011515441460867e-07,3.399019667448774e-05
0.0725,0.8368946187582578,0.03762727208918805,0.11110790202132262,0.0038522466739890015,0.09315868256841524,0.0007194630586363216,0.0040710914252793315,2.5831884839353573e-08,3.100363935899997e-09,3.266998648141295e-07,5.347612973866572e-06,1.967372729890275e-07,1.9332618045034842e-07,6.556300937183369e-06,0.0012453796774015077,1.5021041264542341e-05,0.00023764788523213785,1.8309657268957624e-05,0.00016830961263600158,3.8666572128492727e-07,4.977366896005803e-05
0.075,0.8502554652581047,0.04155663577955276,0.12100056794585204,0.004595716954261872,0.10174773873846356,0.0008732289798306158,0.0048896459261757825,4.338342697629188e-08,5.1440763601439276e-09,5.072749786247806e-07,7.80906553063386e-06,3.098693535351825e-07,2.951561562432402e-07,9.704175890564833e-06,0.001645189825028872,2.149677986398008e-05,0.00033134013836899395,2.680340928695625e-05,0.0002345327609964852,5.885221711928063e-07,7.176221724186044e-05
0.0775,0.8626946021036564,0.04565156116414633,0.13115436848958642,0.005437199066405183,0.1105945081205274,0.0010507309216448652,0.005820844346757973,7.155159464142761e-08,8.386262405011928e-09,7.755993684437277e-07,1.1241585825815954e-05,4.801633051382963e-07,4.4367715537487864e-07,1.4150234176622604e-05,0.002146386100224796,3.0328522148038892e-05,0.00045556529686311293,3.865971831234281e-05,0.0003223233265803433,8.826092829511182e-07,0.00010195483660579578
0.08,0.8742566629889883,0.049901869859443275,0.14154163975706185,0.006382867642570592,0.11967577381752673,0.0012540926260659006,0.006872142919023663,1.1599010284762923e-07,1.3445298747663083e-08,1.1685718092069954e-06,1.5965168737567054e-05,7.326112287827918e-07,6.571792800946007e-07,2.0342838018385347e-05,0.002767463212785112,4.221491539078366e-05,0.0006181418395011588,5.4982264390039026e-05,0.00043721856174342387,1.3051883464723893e-06,0.00014284756174597863
0.0825,0.8849862910391983,0.05429711715774244,0.15213522664489437,0.007438594254127987,0.1289686210021852,0.0014854373897258857,0.008050634379522892,1.849610076066694e-07,2.1215874417273565e-08,1.7361927154533976e-06,2.238410786605055e-05,1.1014428737382487e-06,9.59895546527029e-07,2.885457923665356e-05,0.003528735279312286,5.801293288042472e-05,0.0008282975112422972,7.716014056474573e-05,0.0005857662167481007,1.9044682453939214e-06,0.00019751616746347571
0.085,0.89492781233335,0.05882671717530695,0.16290864353815213,0.008609901523137434,0.13845058814390757,0.001746870178283629,0.0093629902372825,2.9035158550117424e-07,3.2973336571707814e-08,2.545330961277454e-06,3.1003219258562974e-05,1.6329015199623283e-06,1.3835216120343097e-06,4.040756900801996e-05,0.004452248730420958,7.876129834750985e-05,0.001096788597788159,0.0001069198277377215,0.0007756162455676914,2.743757064078464e-06,0.0002697032800553178
0.0875,0.904124957533045,0.06348005449258431,0.1738362100902035,0.009901923970482649,0.14809979230349704,0.0020404603630994954,0.010815411991542914,4.49012152859744e-07,5.0509979311452106e-08,3.6842949618274744e-06,4.2445785145751804e-05,2.388647077697451e-06,1.969007407933917e-06,5.5901611258907096e-05,0.005561651256297024,0.00010570479952371387,0.0014360036310963706,0.00014638150368236698,0.001015603551493815,3.905217924784439e-06,0.0003639082304617248
0.09,0.9126206264721954,0.06824658247812586,0.18489316411501716,0.011319375666404024,0.15789503126164667,0.0023682253598816235,0.012413591257799575,6.844897783057154e-07,7.631054952506793e-08,5.268305336256154e-06,5.7473123870144356e-05,3.449871458710194e-06,2.7686418209371434e-06,7.644511480365338e-05,0.006882017671579156,0.00014031905412758186,0.0018600466541656493,0.00019811900902526975,0.0013158185160437473,5.494289836451837e-06,0.0004854776561532218
0.0925,0.9204566911375186,0.07311590872059168,0.1960557534173838,0.012866524585106719,0.1678158650759284,0.00273211540740464,0.014162678535827231,1.0292425045196658e-06,1.1377518519907571e-07,7.445961001985631e-06,7.70056337846282e-05,4.9222094994906836e-06,3.8484475537063224e-06,0.00010338849261313914,0.008439634919063214,0.00018433523314241587,0.0023847953884663245,0.00026522257747174324,0.0016876621426136834,7.644828952184271e-06,0.000640694575852182
0.095,0.9276738329744985,0.07807786816441051,0.20730130825310472,0.014547173428655307,0.17784267947195048,0.003133999680435393,0.01606726017877677,1.5274275353641626e-06,1.6749888630400602e-07,1.0406780607713993e-05,0.00010214509823093638,6.941523549661691e-06,5.290898112944083e-06,0.00013835968448970494,0.010261749682742169,0.00023976420006528541,0.0030279300508414477,0.0003513632283065547,0.00214388285079787,1.0525017627087512e-05,0.0008368634342836175
0.0975,0.9343114108893817,0.08312258466512702,0.21860829602814746,0.016364646576305954,0.18795673327859258,0.0035756538863162667,0.018131342995069525,2.2383642364262684e-06,2.4361739565291675e-07,1.4389886441955157e-05,0.00013419797768276132,9.680630893539995e-06,7.197962571262304e-06,0.00018330132573939848,0.012376283197146665,0.0003089194931247748,0.003808929147701533,0.0004608575251055695,0.002698592273190403,1.4344077969854413e-05,0.001082388456245907
0.1,0.9404073566895345,0.08824052175980794,0.2299563597950751,0.018321782732574263,0.19814019192242033,0.00405874945071875,0.020358345829994705,3.2407780552558722e-06,3.50229981471411e-07,1.969387817273556e-05,0.00017469935579102,1.3357030179788968e-05,9.694476426612284e-06,0.00024050897332938257,0.014811518783776777,0.000394438561950101,0.004749029313706478,0.000598731234364196,0.003367257823856639,1.9359813218751123e-05,0.0013868425707193961
0.1025,0.945998095020384,0.09342252349436644,0.24132634207167175,0.020420932788757003,0.20837614880766814,0.004584844356117256,0.0227510974259612,4.637933877196005e-06,4.979100064508905e-07,2.6687919002843806e-05,0.00022543715048636305,1.824166586679935e-05,1.293182868984736e-05,0.000312669696812829,0.01759576838860213,0.000499301671818874,0.005871147133543331,0.0007707802795105584,0.004166670312336321,2.5886984380600622e-05,0.0017610241736184308
0.105,0.9511184851262924,0.09865984617027945,0.25270029547898415,0.022663962375879396,0.21864863622888409,0.005155375657530775,0.02531183984314093,6.563766184509084e-06,7.003142811350074e-07,3.5824027307668274e-05,0.00028847615153014923,2.4668748387821402e-05,1.7091946462354822e-05,0.0004029002482821023,0.020757024919618935,0.0006268479077079593,0.007199761856884632,0.0009836272866740904,0.00511488545144253,3.4306511393583716e-05,0.0022169990957112643
0.1075,0.9558017819938933,0.10394418187371052,0.2640614816657265,0.025052258569384665,0.228942627295445,0.005771653664781032,0.028042236729640985,9.190108017106973e-06,9.749019765820325e-07,4.765053303669734e-05,0.0003661814038996796,3.304662251738834e-05,2.2391548956444883e-05,0.0005147839478387153,0.02432260748305154,0.0007807877465195965,0.008760758952234035,0.0012447719644527245,0.006231138731191506,4.5075467959882465e-05,0.0027681253300393394
0.11,0.9600796146375667,0.10926767463523879,0.2753943599478895,0.027586740204444328,0.23924403019171062,0.006434857749434159,0.030943385756549122,1.2735110567755085e-05,1.3437732620322033e-06,6.282662081482663e-05,0.0004612404238956779,4.3869647682872236e-05,2.9086633427311185e-05,0.000652405362207791,0.028318806693354615,0.0009652117179958664,0.010581235507119266,0.0015626335549991642,0.0075357337833908125,5.8737817587785014e-05,0.003429058347044153
0.1125,0.9639819794645624,0.11462293004205411,0.2866845670436642,0.030267871272675727,0.249539675953925,0.0071460337080321516,0.03401583457294768,1.7472929839772922e-05,1.8346367963189838e-06,8.21378417037555e-05,0.000576683713359687,5.773102229982782e-05,3.747714611413394e-05,0.000820381817271968,0.03277053709663455,0.0011845947413256412,0.012689269531693543,0.001946583640476411,0.009049905019683183,7.593581581392695e-05,0.004215735178282793
0.115,0.9675372468172676,0.1200030190896591,0.2979188892235882,0.03309567689354611,0.2598173008149466,0.007906092591298104,0.0372595996846914,2.374473587948975e-05,2.4819137073858114e-06,0.00010651243409778865,0.0007159030280591116,7.533645037758138e-05,4.7911782326794224e-05,0.001023890772848421,0.03770100341757128,0.0014437958031534295,0.01511365622342917,0.0024069676878681946,0.010795655968594539,9.742198064050455e-05,0.005145335870734068
0.1175,0.9707721789365206,0.1254014770192433,0.3090852281246913,0.03606976138424679,0.270065524049993,0.008715810891674142,0.04067418771453522,3.1971073604544446e-05,3.3279837274499554e-06,0.0001370382525093256,0.0008826668599493636,9.751851355525168e-05,6.0792851559923105e-05,0.0012686921015691854,0.04313138684014706,0.00174805273110036,0.01788361516840267,0.0029551138649129343,0.012795575344072482,0.00012407151056141594,0.0062362213903532976
0.12,0.9737119577259505,0.13081229784187545,0.32017256139683914,0.03918932798800359,0.28027382215012137,0.00957583196865093,0.04425861855695151,4.266557235243057e-05,4.424576713805529e-06,0.00017498006243453615,0.0010811326100754893,0.00012525157642496326,7.65811362510265e-05,0.0015611443539600984,0.049080556890294544,0.0021029719122224646,0.021028473260138975,0.0036033278573588045,0.015072633430863468,0.0001568950078308168,0.007507847570853359
0.1225,0.9763802208253671,0.13622992520300897,0.3311708992615048,0.042453199860590984,0.29043250005427734,0.010486668582597211,0.048011449996266616,5.6449964393108084e-05,5.8343098970377734e-06,0.00022179692152370144,0.0013158549593426875,0.00015966701860382746,9.580066678384743e-05,0.0019082141585529356,0.05556481373426802,0.0025145129051391507,0.024577328785846356,0.0043648726579141464,0.017649961855216303,0.00019705134451269765,0.008980655245506498
0.125,0.9787991046228843,0.14164924019170533,0.34207123797011607,0.04585984195646673,0.3005326600845441,0.011448706402844809,0.051930803409779396,7.407033146407862e-05,7.63236789875898e-06,0.0002791593333575197,0.0015917899878728856,0.0002020685547023015,0.00011904333079794449,0.002317477998017343,0.06259766487143088,0.002988967994924162,0.028558702643841763,0.005253932573811532,0.020550620210212804,0.0002458604909817219,0.010675937249301085
0.1275,0.9809892929517261,0.14706554664939842,0.35286551105326613,0.04940738349795774,0.3105661691517855,0.012462208354224045,0.05601439022706156,9.641445382546724e-05,9.908318908254465e-06,0.00034896583163461866,0.0019142946493884672,0.00025394737427993075,0.00014697323198461753,0.0027971157179205192,0.07018963931523746,0.0035329368384129666,0.033000183003072656,0.006285561005220574,0.023797353314218266,0.0003048161115173301,0.012615683519341555
0.13,0.9829700703291744,0.15247455448370342,0.36354653915561674,0.05309364075210633,0.32052562472933116,0.013527319667640408,0.060259538861911134,0.0001245300895560605,1.2768056478285892e-05,0.0004333586307729432,0.0022891212738770255,0.0003169968092136799,0.00018033071246308918,0.003355895261095246,0.07834814145102038,0.00415329644168515,0.0379280698903048,0.007475611872332712,0.027412343092637292,0.0003755977199701652,0.014822406036937075
0.1325,0.9847593787021143,0.15787236144432196,0.3741079791562229,0.05691613987918889,0.3304043200298602,0.014644073504186976,0.06466322187404488,0.0001596439641761925,1.633585228787609e-05,0.0005347379649129949,0.0027224068482231242,0.00039312621667462544,0.00021993595362131634,0.004003148274333984,0.08707734586096383,0.004857166798741748,0.043367026193350144,0.008840654905722108,0.03141695918486289,0.00046008218062054413,0.017318945830634345
0.135,0.9863738767662079,0.16325543377099372,0.3845442731819205,0.060872139653846406,0.34019620876444534,0.01581239702825256,0.06922208315348351,0.00020318120370060592,2.0756501031247397e-05,0.0006557747319590686,0.003220656908802755,0.0004844737530310042,0.0002666920729993856,0.004748736401300296,0.09637813353948146,0.005651872598766829,0.049339741405949336,0.010397875353242374,0.03583151239075002,0.000560354335629553,0.020128264682497673
0.1375,0.9878290010237797,0.16862058607808472,0.39485059803369105,0.06495865389373388,0.34989586981214105,0.0170321178126827,0.07393246495183342,0.0002567848995045504,2.619753444487649e-05,0.0007994210632226901,0.0037907239702674143,0.0005934177082167742,0.0003215876393606349,0.005603008251833644,0.10624806910672384,0.0065449014771746,0.05586661412295437,0.01216495898802138,0.04067501498781978,0.0006787165411282429,0.023273224539320295
0.14,0.9891390278388668,0.17396496079708682,0.4050228154635616,0.06917247346130201,0.3594984720829279,0.01830297046787451,0.07879043461159271,0.00032233545257912216,3.285147750327273e-05,0.000968918452771403,0.004439780508789989,0.0007225860719728595,0.0003856985344528322,0.006576747218649726,0.1166814178809081,0.007543859341642617,0.06296545883890618,0.014159963617238105,0.0459649517780058,0.000817696899103789,0.02677635791763734
0.1425,0.9903171358363941,0.17928600745727946,0.4150574236633585,0.0735101877316268,0.3689997398157397,0.019624603396364113,0.08379181086759341,0.0004019693094810022,4.093811612543638e-05,0.0011678031037645235,0.0051752866137101715,0.0008748640132079465,0.0004601890979748672,0.007681110493147399,0.12766920100449936,0.008656423347682317,0.07065124202798267,0.016401178582156287,0.05171706546958681,0.0009800559818060168,0.030659632800407673
0.145,0.9913754680758562,0.18458146204624487,0.4249515102569429,0.0779682054430885,0.37839591851624105,0.02099658558466206,0.08893218961418611,0.0004980966740790449,5.0706742462776486e-05,0.00139990818159756,0.00600495251658926,0.001053398971623729,0.0005463125017543434,0.008927559808029307,0.13919928624405786,0.009890293128575896,0.07893585181007623,0.018906973999115253,0.05794515967625732,0.001168791859276311,0.03494421565062866
0.1475,0.992325193508091,0.1898493266559691,0.43470270702465674,0.08254277486826049,0.38768374170560443,0.02241841335451225,0.09420696904824225,0.0006134177594411273,6.24383411036915e-05,0.0016693627050021987,0.006936696298992465,0.001261603086548322,0.0006454103098906581,0.010327784601337266,0.1512565116042676,0.011253140901680359,0.08782790475944692,0.02169564171271118,0.06466092243260597,0.001387143258542539,0.039650236212069354
0.15,0.9931765672965569,0.19508784958697878,0.44430914653261155,0.0872300032597709,0.3968603986214192,0.02388951700613986,0.09961137411195367,0.0007509371340494704,7.64476774371354e-05,0.00198058685550348,0.00797859716779423,0.001503152721222669,0.0007589111933784126,0.01189361845024104,0.16382283851541965,0.01275256107748945,0.09733259261261762,0.0247852301113624,0.07187377269596018,0.0016385907046729932,0.04479655773128205
0.1525,0.9939389896519204,0.20029550605239832,0.4537694207900272,0.0920258755403733,0.40592350298477164,0.02540926729620014,0.10514048017118349,0.0009139757168749341,9.308524805933149e-05,0.002338283541715073,0.009138844767538824,0.0017819848809607483,0.0008883287802268264,0.013636949759892936,0.17687753106964302,0.014396019990092978,0.10745157080437262,0.02819337508829778,0.07959073184135959,0.001926855518792409,0.05040055612180159
0.155,0.9946210628906986,0.20547097959596589,0.4630825420148138,0.09692627221827503,0.41487106292321235,0.026976981702870106,0.11078923587516012,0.0011061799872665624,0.00011273905255780371,0.002747426116541728,0.010425685071678995,0.002102290369819163,0.0010352586350481704,0.01556962780980045,0.1903973575911271,0.016190806348688476,0.11818288992739887,0.031937129515571504,0.08781632167206345,0.002255896575810229,0.05647791140661823
0.1575,0.9952306464852221,0.21061314431288472,0.4722479055506335,0.10192698651821075,0.4237014521175667,0.02859193043970233,0.11655248515195829,0.001331527998371312,0.00013583614631708488,0.0032132422109740245,0.011847363456896805,0.0024685035816479715,0.001201374375213201,0.017703365355011262,0.20435681072405748,0.01814398298070706,0.12952097039323143,0.03603279363419199,0.0965524899748054,0.0026299047544119988,0.06304241452588766
0.16,0.9957749099233635,0.2157210479398473,0.4812652549473563,0.10702374072611508,0.4324133822211567,0.030253342188383058,0.12242498830177197,0.0015943318167873355,0.00016284393518935767,0.003741193716208526,0.013412065615992634,0.0028852888764870285,0.0013884229436787786,0.02004963905013611,0.2187283422019463,0.020262340399200378,0.14145661978862997,0.04049574875037255,0.10579856415861072,0.0030532950431938657,0.0701057922919831
0.1625,0.9962603832424852,0.22079389586056405,0.49013464919067934,0.11221220175083604,0.44100587658281737,0.03196040952833498,0.12840144215670693,0.0018992360559149167,0.00019427117496468492,0.0043369530146482455,0.015127857004112904,0.0033575235509450225,0.0015982190712082955,0.022619589009716244,0.23348260851522484,0.022552352681796645,0.1539770916887867,0.04534029656800682,0.11555123303904657,0.0035306962990289195,0.07767755292290278
0.165,0.9966930051430497,0.22583103605554755,0.4988564320452284,0.11748799591042894,0.44947824528995833,0.033712294048135805,0.1344764992819002,0.0022512122252018093,0.0002306686415381366,0.005006375628267256,0.01700262153978064,0.003890277470106282,0.0018326389726735317,0.025423918838208,0.24858872381132585,0.025020136097229164,0.16706618402061407,0.050579506383585486,0.12580455637577428,0.004066938686188532,0.08576485419782325
0.1675,0.9970781686235423,0.23083194500961918,0.5074312034582149,0.1228467229534434,0.4578300615346954,0.03550813112996714,0.14064478619837206,0.002655548681065834,0.00027262944145925076,0.0057554695182355335,0.019044000296007377,0.004488789487279616,0.002093613333215776,0.02847279745709421,0.2640145165335245,0.027671410859642514,0.18070437447670834,0.0562250722256997,0.1365500013483959,0.004667038856760008,0.09437239586560245
0.17,0.9974207641100329,0.2357962145774769,0.5158597929572035,0.12828396932751374,0.46606113929462123,0.03734703440376702,0.14690092061324406,0.0031178360363166803,0.0003207889370939541,0.006590361331063416,0.021259330917711504,0.0051584408351734255,0.002383119650052454,0.03177576402614331,0.2797267865219203,0.030511466332036722,0.1948689899714891,0.06228718184161008,0.1477765047706033,0.005336182963889929,0.10350233750860977
0.1725,0.9977252200811126,0.24072353979654404,0.5241432349652946,0.1337953207087037,0.4741715123099776,0.039228099872450434,0.15323952764790405,0.0036439479617547863,0.0003758242658404164,0.00751725994244164,0.023655588490042904,0.005904725726544373,0.0027031740044739993,0.03534163720198401,0.29569155955268667,0.033545129939701754,0.20953440671071294,0.06877439922330468,0.15947055950087283,0.006079707628768948,0.11315424263040005
0.175,0.9979955412123849,0.24561370762704457,0.5322827459496,0.1393763738056367,0.4821614143306952,0.041150409713517924,0.15965525505941403,0.004240017394480031,0.0004384534386102098,0.008542417699196529,0.026239328558576965,0.006733219452804343,0.0030558223459507023,0.039178429901801544,0.3118743365710329,0.03677673999361726,0.2246722771166132,0.0756935621306671,0.171616323213283,0.006903079009541847,0.123325049305898
0.1775,0.9982353440844527,0.250466586591675,0.5402797033138934,0.14502274745262903,0.4900312605998738,0.043113035765634536,0.1661427874549768,0.004912408250356408,0.0005094340089916388,0.009672089801325305,0.029016632967490193,0.007649544314384844,0.0034431313761641063,0.04329327064536374,0.32824033517072887,0.04021012256372388,0.24025177961342556,0.08304969581573234,0.1841957474469478,0.0078118701450239905,0.13400906731559872
0.18,0.9984478905147565,0.2552821172811895,0.5481356259433579,0.1507300930059751,0.4977816305346563,0.04511504271138002,0.17269685950361222,0.005667682821050574,0.0005895613110191536,0.010912492299121317,0.03199305913676781,0.008659333755900462,0.0038671791251323794,0.04769233243735725,0.34475472118075623,0.043848572483761894,0.25623988712989343,0.09084594388551819,0.1971887246582167,0.008811736767851916,0.14519800128858176
0.1825,0.9986361185869439,0.26006030368754507,0.5558521563081129,0.1564941040573303,0.5054132515609945,0.047155490969401304,0.17931226815334744,0.006512565117094576,0.0006796662701401857,0.01226975920437694,0.035173593345395694,0.009768195111543919,0.004330045314390629,0.05238077002701174,0.3613828285306859,0.04769483851392449,0.2726016501124648,0.0990835169675118,0.21057325085613354,0.009908391800188992,0.1568809990096004
0.185,0.9988026714620375,0.2648012053227967,0.5634310440323594,0.16231052547788352,0.5129269840553996,0.049233439310698054,0.18598388386618436,0.007453900495582281,0.0007806127986543984,0.01374989922923845,0.03856260852566453,0.010981671391090221,0.00483380160342628,0.057362666246227455,0.3780903658746043,0.05175111263564551,0.2893004898596332,0.10776165956728637,0.22432560130752777,0.011107578760124106,0.16904472370875087
0.1875,0.9989499240637684,0.2695049300795572,0.5708741308372768,0.16817516180678405,0.5203238073443051,0.051347947214800786,0.192706660886861,0.008498611982581596,0.0008932947934571099,0.015358752671397358,0.04216382700556914,0.012305202553985102,0.005380501815299301,0.06264098798399352,0.3948436087535735,0.05601902340504389,0.3062984980772802,0.11687763523730355,0.23842051675142567,0.012415044318299746,0.18167344885270284
0.19,0.9990800077363472,0.27417162778739146,0.5781833367679908,0.17408388499713337,0.527604806710043,0.053498076982218076,0.1994756465649514,0.009653653764488346,0.0010186327602103667,0.017101948960081156,0.045980288563287175,0.01374408672803933,0.0059721722356691105,0.06821755220687892,0.4116095763643176,0.06049963324834049,0.3235567387090223,0.12642672991467616,0.25283139756031314,0.0138365102520227,0.19474917369747918
0.1925,0.9991948329769353,0.27880148441887914,0.5853606476178163,0.18003264153280552,0.5347711613515443,0.05568289561979191,0.2062859897531273,0.010925962377935496,0.0011575700939621982,0.018984865364113097,0.050014324081358384,0.015303441830233848,0.006610802076400964,0.07409300228580949,0.4283561922735468,0.06519343954427315,0.3410355483058448,0.13640227303794125,0.26753050332459344,0.01537764504815714,0.2082517576464784
0.195,0.999296110347378,0.2833947168991231,0.5924081034663642,0.18601745892944238,0.5418241332476261,0.057901476515563384,0.21313294830742607,0.012322406173324982,0.001311069051619041,0.021012587341697763,0.054267535009936634,0.016988168040235157,0.007298334190652709,0.08026679474108239,0.4450524286703171,0.07010037930535283,0.35869483145673914,0.14679567582257286,0.2824891554123032,0.017044035406558605,0.22215907128493328
0.1975,0.9993853696706181,0.2879515684731011,0.5993277882518616,0.19203445163318625,0.5487650568710284,0.06015290091946653,0.22001189571810284,0.013849733661666277,0.0014801064564447638,0.02318987098227897,0.05874077876978762,0.018802911562770926,0.008036656120982614,0.08673719637328374,0.4616684339810768,0.07521983724180543,0.3764943480975412,0.15759648586525532,0.2976779401643452,0.018841157892823892,0.23644716183339134
0.2,0.9994639776168477,0.29247230458634227,0.6061218203020189,0.19807982633106255,0.5555953297021402,0.06243625924568348,0.2269183269020892,0.015514521377572818,0.0016656691788252314,0.025521107954669858,0.0634341601479227,0.020752030093522455,0.008827591555718073,0.09350129160989135,0.47817564388224565,0.08055065696919332,0.39439398983969987,0.16879245706040802,0.31306691052153596,0.02077435098290797,0.25109043067727355
0.2025,0.9995331537830416,0.29695720923587754,0.6127923437519034,0.20414988668739992,0.5623164034925154,0.06475065221185305,0.23384786319021952,0.01732312190266918,0.0018687494408313261,0.028010293333643993,0.06834702866316038,0.022839560375286977,0.009672892261739199,0.10055499976800183,0.49454687593257934,0.08609115510288899,0.4123540428056038,0.18036963365101347,0.32862578403889126,0.02284878773294508,0.2660618205855203
0.205,0.9995939853672704,0.3014065817501719,0.6193415207814397,0.21024103752125683,0.5689297762297604,0.0670951918295668,0.24079625654421244,0.01928161269327513,0.002090339994586305,0.030660996630351843,0.07347798180664997,0.025069188197594103,0.010574230554121159,0.10789310181464788,0.510756408211994,0.09183913796957226,0.43033543481414543,0.19231244710072057,0.34432413542006945,0.025069449295695625,0.2813330102264607
0.2075,0.9996474405362377,0.30582073395873033,0.6257715246093034,0.2163497884404964,0.5754369847571159,0.06946900225974506,0.24775939303991346,0.0213957463443165,0.002331429226065527,0.03347633630138742,0.07882487399449664,0.027444221154559363,0.011533192354905294,0.11550927609907265,0.5267800424951988,0.09779192065747869,0.44829996512181286,0.20460382436613334,0.36013158189614536,0.027441099490744327,0.2968746136204938
0.21,0.9996943805809995,0.3101999877142111,0.6320845331840408,0.22247275694888877,0.5818395980029855,0.07187122054559202,0.25473329565450836,0.02367090289848747,0.002592996236717602,0.03645895795819287,0.08438483100697414,0.029967564433418126,0.012551270884790019,0.12339614243726704,0.5425951526080421,0.10394634812291821,0.46621051528387303,0.2172253060672308,0.3760179599734789,0.02996826061923813,0.31265638223362724
0.2125,0.9997355709519034,0.31454467273212483,0.6382827235171886,0.22860667104340673,0.5881392107777407,0.07430099723490825,0.2617141263963184,0.026112044776510798,0.00287600595520439,0.03961101644386245,0.09015426963212939,0.03264169986083726,0.013629861022900643,0.13154531384888807,0.5581807187128318,0.11029881807025778,0.4840312400510483,0.23015717299955518,0.3919534922812379,0.03265519069593058,0.32864740750973825
0.215,0.99977169125958,0.3188551247154999,0.6443682666069732,0.23474837131968251,0.5943374380973098,0.07675749690261308,0.2686981878163929,0.02872367486187329,0.00318140433063929,0.04293416188936248,0.09612892218144384,0.0354686683866956,0.014770254361156147,0.13994745518086815,0.5735173483472116,0.11684530532572987,0.501727737554193,0.24337857940323346,0.4079089434563116,0.03550586225195168,0.3448163217587312
0.2175,0.9998033443243787,0.3231316837342103,0.6503433229047881,0.24089481260439868,0.6004359099952788,0.07923989858341757,0.2756819239414357,0.031509798222784116,0.0035101136570012703,0.04642952980673744,0.10230386550203908,0.03845005613649351,0.01597363497123433,0.1485923478007975,0.5885872851008049,0.12358138743170141,0.5192671983484214,0.25686769139974236,0.4238557642084501,0.038523942841405576,0.36113149545857554
0.22,0.9998310643521056,0.3273746928309612,0.656210038280097,0.24704306513416724,0.6064362667874934,0.08174739612370203,0.28266192066765083,0.03447388789657618,0.0038630280759729555,0.05009773522396039,0.1086735540739665,0.041586984114804076,0.01724107589386514,0.15746895950642242,0.603374405856238,0.1305022711970007,0.5366185331852966,0.27060182902591506,0.4397662229084326,0.041712777363962165,0.37756122918749235
0.2225,0.9998553243093072,0.3315844968281809,0.661970540442653,0.25319031530118713,0.6123401547553851,0.08427919846080661,0.28963490565489125,0.037618855098703455,0.004241009302363782,0.053938870815555054,0.11523185675252184,0.04488010159407281,0.01857353635226254,0.16656551877500303,0.6178642075478757,0.13760281995016108,0.5537524796542719,0.2845576103340784,0.45561352423425006,0.04507537229438523,0.3940739385743643
0.225,0.9998765425667626,0.3357614413122526,0.6676269357839824,0.2593338659866525,0.6181492222164573,0.08683452983714282,0.29659774776005576,0.040947024151289826,0.004644882612612903,0.05795250893570755,0.12197209669426542,0.048329583176403165,0.01997185968403112,0.1758695924672316,0.6320437844042157,0.14487758125560077,0.5706416880805582,0.2987110960852373,0.47137191459243744,0.04861438188874216,0.4106383308369269
0.2275,0.9998950888753061,0.3399058717736196,0.6731813066029362,0.26547113650348414,0.6238651159525183,0.08941262995578703,0.3035474560480256,0.04446011235628808,0.005075433132707795,0.06213770741692719,0.1288870939913635,0.05193512947145263,0.02143677197893158,0.18536816610414036,0.6459017966399939,0.1523208148674472,0.5872607872846517,0.3130379336365781,0.48701677420199363,0.05233209641615969,0.42722357166483005
0.23,0.9999112897336769,0.34401813288329997,0.6786357086827847,0.271599662170475,0.6294894779683289,0.09201275408352684,0.3104811784175817,0.04815921496712141,0.005533402457295388,0.06649301895791808,0.13596921053174843,0.055695971291839126,0.022968881403522618,0.195047725850981,0.6594284315531789,0.15992652071157176,0.6035864309982562,0.3275134987128459,0.5025246958853399,0.056230432444686396,0.44379944139482524
0.2325,0.9999254332037864,0.348098567888242,0.6839921691898058,0.2777170935403592,0.635023942555333,0.09463417310669862,0.3173961998787218,0.05204479534156638,0.0060194856268978355,0.07101650388957986,0.14321039660207252,0.059610877229058945,0.02456867818796283,0.20489434136834517,0.6726153579617189,0.1676884667030989,0.619597325892197,0.34211303385092373,0.5178735507534407,0.0603109251903296,0.4603364796150268
0.235,0.999937773224658,0.3521475181097296,0.6892526848656313,0.2838211953046265,0.6404701336370378,0.0972761735445816,0.3242899405166162,0.05611668028887882,0.006534328485070465,0.07570574607823913,0.1506022387560691,0.06367816443828686,0.02623653524518799,0.21489374872663966,0.6854556748865509,0.1756002162238831,0.6352742423046276,0.3568117824157853,0.5330425410998426,0.06457472291985338,0.47680611752160024
0.2375,0.9999485334723357,0.35616532253071265,0.6944192204877476,0.28990984489810884,0.6458296623744155,0.09993805752459767,0.33115995317613434,0.060374060556943145,0.007078525432148909,0.08055787170048721,0.15813600848223372,0.06789571242990675,0.027972709388297178,0.2250314326241738,0.6979438553523758,0.18365515510193545,0.6506000088632357,0.37158511720154425,0.5480122409306087,0.06902258338062409,0.4931807975318734
0.24,0.9999579108092737,0.3601523174594807,0.6994937075745284,0.29598103082645566,0.6511041250113934,0.10261914272310632,0.3380039208994492,0.06481549634160125,0.00765261758701701,0.08556957060441585,0.1658027112211391,0.07226097963944905,0.029777343108291603,0.23529270720027146,0.7100756861372717,0.1918465179522751,0.6655594922745725,0.3864086627513238,0.5627646246538388,0.07365487221480906,0.5094340798305999
0.2425,0.9999660783631709,0.3641088362585232,0.7044780433130076,0.3020328507395898,0.6562951009420837,0.10531876227517709,0.3448196541477148,0.06943892764120883,0.008257091363172465,0.09073711995755708,0.17359313530360895,0.07677102252593684,0.03165046687130899,0.2456627947916871,0.7218482042575627,0.20016741375596905,0.6801395636085973,0.40125841065198864,0.5772830845338713,0.07847156330067806,0.5255407356891418
0.245,0.9999731882718295,0.3680352091287318,0.7093740896892908,0.3080635092741017,0.661404150982891,0.10803626465636369,0.35160508783622546,0.07424168922565119,0.008892377460352995,0.09605640987231331,0.18149790040577277,0.08142251693151895,0.033592001892168946,0.25612690204190053,0.733259630926494,0.20861085057100917,0.6943290524388622,0.41611082718243797,0.5915524375817405,0.08347224095070398,0.5414768275492086
0.2475,0.9999793741274773,0.3719317629402956,0.7141836728030728,0.3140713156872908,0.6664328158339989,0.11077101353919272,0.35835827821082294,0.07922052994114609,0.009558850268183719,0.10152297069489374,0.18950750514507742,0.08621178142266886,0.03560176333936696,0.2666702928373387,0.7443093036751959,0.21716975928500262,0.708118690210418,0.4309429528153723,0.6055589226056263,0.08865610388465273,0.5572197760023642
0.25,0.9999793741274773,0.3719317629402956,0.7141836728030728,0.3140713156872908,0.6664328158339989,0.11077101353919272,0.35835827821082294,0.07922052994114609,0.009558850268183719,0.10152297069489374,0.18950750514507742,0.08621178142266886,0.03560176333936696,0.2666702928373387,0.7443093036751959,0.21716975928500262,0.708118690210418,0.4309429528153723,0.6055589226056263,0.08865610388465273,0.5572197760023642
