0,15.3798677567823
0.872130811214447,15.3798677567823
1.74427998065948,15.3798677567823
2.61641097068787,15.3798677567823
3.48855996131897,15.3798677567823
4.36069107055664,15.3798677567823
5.23282194137573,15.3798677567823
6.10497093200684,15.3798677567823
6.97710180282593,15.3798677567823
7.84925079345703,15.3798677567823
8.72138214111328,15.3798677567823
9.59351253509521,15.3798677567823
10.4656620025635,15.3798677567823
11.3377923965454,15.3798677567823
12.2099418640137,15.3798677567823
13.0820722579956,15.3798677567823
13.9542036056519,15.3798677567823
14.8263530731201,15.3798677567823
15.6984834671021,15.3798677567823
16.5706329345703,15.3798677567823
17.4427642822266,15.3798677567823
18.3148937225342,15.3798677567823
19.1870441436768,15.3798677567823
20.0591735839844,15.3798677567823
20.931324005127,15.3798677567823
21.8034553527832,15.3798677567823
22.6755847930908,15.3798677567823
23.5477352142334,15.3798677567823
24.419864654541,15.3798677567823
25.2920150756836,15.3798677567823
26.1641445159912,15.3798677567823
27.0362758636475,15.3798677567823
27.90842628479,15.3798677567823
28.7805557250977,15.3798677567823
29.6527061462402,15.3798677567823
30.5248355865479,15.3798677567823
31.3969669342041,15.3798677567823
32.269115447998,15.3798677567823
33.1412467956543,15.3798677567823
34.0133972167969,15.3798677567823
34.8855285644531,15.3798677567823
35.7576560974121,15.3798677567823
36.6298027038574,25.6457324444832
37.5019454956055,25.6457324444832
38.3740882873535,25.6457324444832
39.2462196350098,25.6457324444832
40.1183471679688,25.6457324444832
40.9904937744141,25.6457324444832
41.8626365661621,25.6457324444832
42.7347793579102,25.6457324444832
43.6069107055664,25.6457324444832
44.4790382385254,25.6457324444832
45.3511810302734,25.6457324444832
46.2233276367188,25.6457324444832
47.0954704284668,25.6457324444832
47.9675979614258,25.6457324444832
48.839729309082,25.6457324444832
49.7118721008301,25.6457324444832
50.5840148925781,25.6457324444832
51.4561614990234,25.6457324444832
52.3282890319824,28.4112310149959
53.2004203796387,28.4112310149959
54.0725631713867,28.4112310149959
54.9447059631348,28.4112310149959
55.8168525695801,28.4112310149959
56.6889801025391,28.4112310149959
57.5611114501953,28.4112310149959
58.4332542419434,28.4112310149959
59.3053970336914,28.4112310149959
60.1775398254395,28.4112310149959
61.0496711730957,28.4112310149959
61.921802520752,25.6457324444832
62.7939453125,25.6457324444832
63.666088104248,25.6457324444832
64.5382308959961,25.6457324444832
65.4103622436523,25.6457324444832
66.2824935913086,25.6457324444832
67.1546401977539,25.6457324444832
68.0267791748047,25.6457324444832
68.89892578125,25.6457324444832
69.7710571289062,25.6457324444832
70.6431884765625,25.6457324444832
71.5153274536133,25.6457324444832
72.3874740600586,25.6457324444832
73.2596130371094,25.6457324444832
74.1317443847656,25.6457324444832
75.0038757324219,25.6457324444832
75.8760223388672,25.6457324444832
76.748161315918,25.6457324444832
77.6203079223633,25.6457324444832
78.4924392700195,25.6457324444832
79.3645629882812,25.6457324444832
80.2367095947266,25.6457324444832
81.1088562011719,28.4112310149959
81.9809951782227,28.4112310149959
82.8531265258789,28.4112310149959
83.7252578735352,28.4112310149959
84.5974044799805,28.4112310149959
85.4695434570312,28.4112310149959
86.3416900634766,28.4112310149959
87.2138214111328,28.4112310149959
88.0859451293945,28.4112310149959
88.9580917358398,28.4112310149959
89.8302383422852,28.4112310149959
90.7023773193359,28.4112310149959
91.5745086669922,28.4112310149959
92.4466400146484,28.4112310149959
93.3187789916992,28.4112310149959
94.1909255981445,28.4112310149959
95.0630722045898,28.4112310149959
95.9351959228516,28.4112310149959
96.8073272705078,28.4112310149959
97.6794738769531,28.4112310149959
98.5516128540039,28.4112310149959
99.4237594604492,39.9719340252711
100.295890808105,39.9719340252711
101.168022155762,39.9719340252711
102.040161132812,39.9719340252711
102.912307739258,39.9719340252711
103.784446716309,39.9719340252711
104.656578063965,39.9719340252711
105.528709411621,39.9719340252711
106.400856018066,39.9719340252711
107.272994995117,39.9719340252711
108.145141601562,39.9719340252711
109.017272949219,39.9719340252711
109.889404296875,39.9719340252711
110.761543273926,39.9719340252711
111.633689880371,59.2391048451048
112.505836486816,59.2391048451048
113.377960205078,59.2391048451048
114.250091552734,59.2391048451048
115.12223815918,59.2391048451048
115.99437713623,59.2391048451048
116.866523742676,59.2391048451048
117.738655090332,59.2391048451048
118.610786437988,59.2391048451048
119.482925415039,59.2391048451048
120.355072021484,59.2391048451048
121.22721862793,59.2391048451048
122.099342346191,59.2391048451048
122.971473693848,59.2391048451048
123.843620300293,59.2391048451048
124.715759277344,59.2391048451048
125.587905883789,59.2391048451048
126.460037231445,59.2391048451048
127.332168579102,59.2391048451048
128.204315185547,59.2391048451048
129.076446533203,59.2391048451048
129.948593139648,59.2391048451048
130.820724487305,59.2391048451048
131.692855834961,59.2391048451048
132.565002441406,59.2391048451048
133.437149047852,59.2391048451048
134.309280395508,59.2391048451048
135.181411743164,59.2391048451048
136.05354309082,59.2391048451048
136.925689697266,59.2391048451048
137.797836303711,59.2391048451048
138.669982910156,59.2391048451048
139.542114257812,59.2391048451048
140.41423034668,59.2391048451048
141.286376953125,39.9719340252711
142.15852355957,39.9719340252711
143.030670166016,39.9719340252711
143.902801513672,39.9719340252711
144.774932861328,39.9719340252711
145.647079467773,39.9719340252711
146.51921081543,39.9719340252711
147.391357421875,39.9719340252711
148.263488769531,39.9719340252711
149.135620117188,39.9719340252711
150.007766723633,67.6669503718868
150.879913330078,67.6669503718868
151.752044677734,67.6669503718868
152.624176025391,67.6669503718868
153.496307373047,67.6669503718868
154.368453979492,67.6669503718868
155.240600585938,67.6669503718868
156.112747192383,67.6669503718868
156.984878540039,67.6669503718868
157.856994628906,67.6669503718868
158.729141235352,67.6669503718868
159.601287841797,67.6669503718868
160.473434448242,67.6669503718868
161.345565795898,67.6669503718868
162.217697143555,67.6669503718868
163.08984375,67.6669503718868
163.961975097656,67.6669503718868
164.834121704102,67.6669503718868
165.706253051758,67.6669503718868
166.578384399414,67.6669503718868
167.450531005859,67.6669503718868
168.322677612305,67.6669503718868
169.194808959961,67.6669503718868
170.066940307617,67.6669503718868
170.939071655273,67.6669503718868
171.811218261719,67.6669503718868
172.683364868164,67.6669503718868
173.555511474609,67.6669503718868
174.427642822266,67.6669503718868
175.299758911133,67.6669503718868
176.171905517578,67.6669503718868
177.044052124023,67.6669503718868
177.916198730469,67.6669503718868
178.788330078125,67.6669503718868
179.660461425781,67.6669503718868
180.532592773438,67.6669503718868
181.404739379883,67.6669503718868
182.276885986328,67.6669503718868
183.149017333984,67.6669503718868
184.021148681641,67.6669503718868
184.893295288086,67.6669503718868
185.765426635742,67.6669503718868
186.637573242188,67.6669503718868
187.509704589844,67.6669503718868
188.3818359375,67.6669503718868
189.253982543945,67.6669503718868
190.126129150391,67.6669503718868
190.998275756836,67.6669503718868
191.870391845703,67.6669503718868
192.742523193359,67.6669503718868
193.614669799805,67.6669503718868
194.48681640625,67.6669503718868
195.358947753906,67.6669503718868
196.231094360352,67.6669503718868
197.103225708008,67.6669503718868
197.975357055664,67.6669503718868
198.847503662109,67.6669503718868
199.719635009766,67.6669503718868
200.591781616211,67.6669503718868
201.463928222656,67.6669503718868
202.336059570312,67.6669503718868
203.208190917969,67.6669503718868
204.080322265625,67.6669503718868
204.95246887207,67.6669503718868
205.824615478516,67.6669503718868
206.696746826172,67.6669503718868
207.568893432617,67.6669503718868
208.441024780273,67.6669503718868
209.31315612793,67.6669503718868
210.185302734375,67.6669503718868
211.057434082031,67.6669503718868
211.929580688477,67.6669503718868
212.801712036133,67.6669503718868
213.673858642578,70.1871637477637
214.545989990234,70.1871637477637
215.418121337891,73.787778005729
216.290267944336,73.787778005729
217.162399291992,73.787778005729
218.034545898438,73.787778005729
218.906692504883,73.787778005729
219.778823852539,73.787778005729
220.650955200195,65.9068227912442
221.523086547852,65.9068227912442
222.395233154297,65.9068227912442
223.267379760742,80.7808849358031
224.139511108398,80.7808849358031
225.011657714844,80.7808849358031
225.8837890625,80.7808849358031
226.755920410156,80.7808849358031
227.628067016602,80.7808849358031
228.500198364258,80.7808849358031
229.372344970703,80.7808849358031
230.244476318359,80.7808849358031
231.116622924805,80.7808849358031
231.988754272461,80.7808849358031
232.860885620117,80.7808849358031
233.733032226562,80.7808849358031
234.605163574219,80.7808849358031
235.477310180664,80.7808849358031
236.349456787109,80.7808849358031
237.221588134766,80.7808849358031
238.093719482422,80.7808849358031
238.965850830078,80.7808849358031
239.837997436523,80.7808849358031
240.710144042969,80.7808849358031
241.582275390625,80.7808849358031
242.45442199707,80.7808849358031
243.326553344727,80.7808849358031
244.198684692383,80.7808849358031
245.070831298828,80.7808849358031
245.942962646484,80.7808849358031
246.81510925293,80.7808849358031
247.687240600586,80.7808849358031
248.559387207031,80.7808849358031
249.431518554688,80.7808849358031
250.303649902344,80.7808849358031
251.175796508789,80.7808849358031
252.047927856445,80.7808849358031
252.920074462891,80.7808849358031
253.792221069336,80.7808849358031
254.664352416992,80.7808849358031
255.536483764648,80.7808849358031
256.408630371094,80.7808849358031
257.28076171875,80.7808849358031
258.152893066406,80.7808849358031
259.025024414062,80.7808849358031
259.897186279297,94.9527592204173
260.769317626953,94.9527592204173
261.641448974609,94.9527592204173
262.513580322266,94.9527592204173
263.3857421875,94.9527592204173
264.257873535156,94.9527592204173
265.130004882812,94.9527592204173
266.002136230469,105.496877230423
266.874298095703,105.496877230423
267.746429443359,105.496877230423
268.618560791016,105.496877230423
269.490692138672,105.496877230423
270.362823486328,105.496877230423
271.234985351562,105.496877230423
272.107116699219,105.496877230423
272.979248046875,105.496877230423
273.851379394531,128.993425045513
274.723510742188,128.993425045513
275.595672607422,128.993425045513
276.467803955078,128.993425045513
277.339935302734,128.993425045513
278.212066650391,128.993425045513
279.084228515625,128.993425045513
279.956359863281,128.993425045513
280.828491210938,128.993425045513
281.700622558594,128.993425045513
282.57275390625,128.993425045513
283.444915771484,128.993425045513
284.317047119141,128.993425045513
285.189178466797,128.993425045513
286.061309814453,128.993425045513
286.933471679688,128.993425045513
287.805603027344,128.993425045513
288.677734375,105.496877230423
289.549865722656,105.496877230423
290.422027587891,105.496877230423
291.294158935547,105.496877230423
292.166290283203,105.496877230423
293.038421630859,105.496877230423
293.910552978516,105.496877230423
294.78271484375,105.496877230423
295.654846191406,105.496877230423
296.526977539062,105.496877230423
297.399108886719,105.496877230423
298.271240234375,105.496877230423
299.143402099609,105.496877230423
300.015533447266,105.496877230423
300.887664794922,105.496877230423
301.759826660156,105.496877230423
302.631958007812,105.496877230423
303.504089355469,105.496877230423
304.376220703125,105.496877230423
305.248352050781,149.190825280622
306.120513916016,149.190825280622
306.992645263672,114.810667680578
307.864776611328,114.810667680578
308.736907958984,114.810667680578
309.609039306641,114.810667680578
310.481201171875,114.810667680578
311.353332519531,114.810667680578
312.225463867188,114.810667680578
313.097595214844,114.810667680578
313.969757080078,114.810667680578
314.841888427734,114.810667680578
315.714019775391,114.810667680578
316.586151123047,114.810667680578
317.458282470703,114.810667680578
318.330444335938,149.190825280622
319.202575683594,149.190825280622
320.07470703125,149.190825280622
320.946838378906,149.190825280622
321.818969726562,149.190825280622
322.691131591797,150.52006291349
323.563262939453,150.52006291349
324.435394287109,150.52006291349
325.307556152344,150.52006291349
326.1796875,150.52006291349
327.051818847656,150.52006291349
327.923950195312,150.52006291349
328.796081542969,157.340154914031
329.668243408203,157.340154914031
330.540374755859,157.340154914031
331.412506103516,157.340154914031
332.284637451172,157.340154914031
333.156768798828,157.340154914031
334.028930664062,157.340154914031
334.901062011719,157.340154914031
335.773193359375,157.340154914031
336.645355224609,157.340154914031
337.517486572266,157.340154914031
338.389617919922,157.340154914031
339.261749267578,149.190825280622
340.133880615234,149.190825280622
341.006042480469,154.685777449343
341.878173828125,154.685777449343
342.750305175781,154.685777449343
343.622436523438,154.685777449343
344.494567871094,154.685777449343
345.366729736328,154.685777449343
346.238861083984,154.685777449343
347.110992431641,154.685777449343
347.983123779297,154.685777449343
348.855285644531,154.685777449343
349.727416992188,154.685777449343
350.599548339844,154.685777449343
351.4716796875,154.685777449343
352.343811035156,151.197584237642
353.215972900391,151.197584237642
354.088104248047,151.197584237642
354.960235595703,151.197584237642
355.832366943359,151.197584237642
356.704498291016,151.197584237642
357.57666015625,151.197584237642
358.448791503906,151.197584237642
359.320922851562,151.197584237642
360.193054199219,151.197584237642
361.065216064453,151.197584237642
361.937347412109,151.197584237642
362.809478759766,151.197584237642
363.681610107422,151.197584237642
364.553771972656,151.197584237642
365.425903320312,151.197584237642
366.298034667969,151.197584237642
367.170166015625,167.094891490318
368.042297363281,167.094891490318
368.914459228516,167.094891490318
369.786590576172,167.094891490318
370.658721923828,167.094891490318
371.530853271484,154.685777449343
372.403015136719,154.685777449343
373.275146484375,154.735361913102
374.147277832031,154.735361913102
375.019409179688,154.735361913102
375.891571044922,154.735361913102
376.763702392578,154.735361913102
377.635833740234,154.735361913102
378.507965087891,154.735361913102
379.380096435547,154.735361913102
380.252258300781,154.735361913102
381.124389648438,154.735361913102
381.996520996094,154.735361913102
382.86865234375,154.735361913102
383.740783691406,154.735361913102
384.612945556641,154.735361913102
385.485076904297,154.735361913102
386.357208251953,154.735361913102
387.229339599609,154.735361913102
388.101501464844,154.735361913102
388.9736328125,154.735361913102
389.845764160156,154.735361913102
390.717895507812,154.735361913102
391.590026855469,154.735361913102
392.462188720703,154.735361913102
393.334320068359,154.735361913102
394.206451416016,154.735361913102
395.078582763672,154.735361913102
395.950714111328,154.735361913102
396.822875976562,154.685777449343
397.695007324219,154.685777449343
398.567138671875,170.69910253414
399.439300537109,170.69910253414
400.311431884766,170.69910253414
401.183563232422,170.69910253414
402.055694580078,170.69910253414
402.927825927734,170.69910253414
403.799987792969,170.69910253414
404.672119140625,170.69910253414
405.544250488281,180.316407478773
406.416381835938,180.316407478773
407.288513183594,180.316407478773
408.160675048828,180.316407478773
409.032806396484,180.316407478773
409.904937744141,180.316407478773
410.777099609375,180.316407478773
411.649230957031,180.316407478773
412.521362304688,180.316407478773
413.393493652344,180.316407478773
414.265625,180.316407478773
415.137786865234,180.316407478773
416.009918212891,180.316407478773
416.882049560547,180.316407478773
417.754180908203,180.316407478773
418.626312255859,180.316407478773
419.498474121094,183.944218437236
420.37060546875,183.944218437236
421.242736816406,183.944218437236
422.114868164062,183.944218437236
422.987030029297,183.944218437236
423.859161376953,183.944218437236
424.731292724609,183.944218437236
425.603424072266,183.944218437236
426.475555419922,183.944218437236
427.347717285156,183.944218437236
428.219848632812,183.944218437236
429.091979980469,183.944218437236
429.964111328125,183.944218437236
430.836242675781,183.944218437236
431.708404541016,183.944218437236
432.580535888672,183.944218437236
433.452667236328,183.944218437236
434.324829101562,183.944218437236
435.196960449219,183.944218437236
436.069091796875,183.944218437236
436.941223144531,183.944218437236
437.813354492188,183.944218437236
438.685516357422,183.944218437236
439.557647705078,183.944218437236
440.429779052734,183.944218437236
441.301910400391,183.944218437236
442.174041748047,183.944218437236
443.046203613281,183.944218437236
443.918334960938,183.944218437236
444.790466308594,183.944218437236
445.66259765625,183.944218437236
446.534759521484,183.944218437236
447.406890869141,183.944218437236
448.279022216797,183.944218437236
449.151153564453,183.944218437236
450.023315429688,183.944218437236
450.895446777344,183.944218437236
451.767578125,186.638880903806
452.639709472656,186.638880903806
453.511840820312,186.638880903806
454.384002685547,186.638880903806
455.256134033203,186.638880903806
456.128265380859,186.638880903806
457.000396728516,186.638880903806
457.872528076172,186.638880903806
458.744689941406,186.638880903806
459.616821289062,186.638880903806
460.488952636719,189.763688876628
461.361083984375,189.763688876628
462.233245849609,189.763688876628
463.105377197266,189.763688876628
463.977508544922,189.763688876628
464.849639892578,189.763688876628
465.721771240234,189.763688876628
466.593933105469,189.763688876628
467.466064453125,193.145540587641
468.338195800781,193.145540587641
469.210327148438,193.145540587641
470.082489013672,195.211720869205
470.954620361328,195.211720869205
471.826751708984,195.211720869205
472.698883056641,195.211720869205
473.571044921875,195.211720869205
474.443176269531,195.211720869205
475.315307617188,195.211720869205
476.187438964844,195.211720869205
477.0595703125,195.211720869205
477.931732177734,195.211720869205
478.803863525391,195.211720869205
479.675994873047,195.211720869205
480.548126220703,199.669967364162
481.420257568359,199.75042959897
482.292419433594,199.75042959897
483.16455078125,199.75042959897
484.036682128906,199.75042959897
484.908843994141,199.75042959897
485.780975341797,199.75042959897
486.653106689453,199.75042959897
487.525238037109,199.75042959897
488.397369384766,199.75042959897
489.26953125,199.75042959897
490.141662597656,199.75042959897
491.013793945312,199.75042959897
491.885925292969,199.75042959897
492.758056640625,199.75042959897
493.630218505859,199.75042959897
494.502349853516,199.75042959897
495.374481201172,199.75042959897
496.246612548828,199.75042959897
497.118774414062,199.75042959897
497.990905761719,199.75042959897
498.863037109375,199.75042959897
499.735168457031,199.75042959897
500.607299804688,199.75042959897
501.479461669922,199.75042959897
502.351593017578,199.75042959897
503.223724365234,199.75042959897
504.095855712891,199.75042959897
504.967987060547,199.75042959897
505.840148925781,201.397127600893
506.712280273438,201.397127600893
507.584411621094,201.397127600893
508.456573486328,204.04053535248
509.328674316406,204.04053535248
510.200836181641,204.04053535248
511.072998046875,204.04053535248
511.945098876953,204.04053535248
512.817260742188,204.04053535248
513.689392089844,199.980911131204
514.5615234375,199.980911131204
515.433654785156,199.980911131204
516.305847167969,199.980911131204
517.177917480469,199.980911131204
518.050048828125,205.107750124124
518.922241210938,205.107750124124
519.794372558594,205.107750124124
520.66650390625,205.107750124124
521.538635253906,205.107750124124
522.410766601562,205.107750124124
523.282897949219,205.107750124124
524.155029296875,205.107750124124
525.027221679688,205.107750124124
525.899291992188,206.221030610527
526.771423339844,206.221030610527
527.643615722656,206.221030610527
528.515747070312,206.221030610527
529.387878417969,206.221030610527
530.260009765625,206.221030610527
531.132141113281,206.221030610527
532.004272460938,203.853436592989
532.87646484375,203.853436592989
533.748596191406,203.853436592989
534.620666503906,203.853436592989
535.492858886719,203.853436592989
536.364990234375,203.853436592989
537.237121582031,205.058604869082
538.109252929688,204.576195646881
538.981384277344,204.576195646881
539.853515625,206.238953629038
540.725646972656,206.238953629038
541.597839355469,206.238953629038
542.469970703125,206.238953629038
543.342041015625,206.238953629038
544.214233398438,206.704611213339
545.086364746094,206.704611213339
545.95849609375,206.704611213339
546.830688476562,206.704611213339
547.702758789062,208.886568860968
548.574890136719,208.886568860968
549.447021484375,208.886568860968
550.319213867188,208.886568860968
551.191345214844,208.886568860968
552.063415527344,208.886568860968
552.935607910156,208.886568860968
553.807739257812,208.886568860968
554.679870605469,211.377925959348
555.552062988281,211.377925959348
556.424133300781,211.377925959348
557.296264648438,211.377925959348
558.16845703125,209.01327300495
559.040588378906,209.01327300495
559.912719726562,209.01327300495
560.784851074219,209.01327300495
561.656982421875,209.01327300495
562.529113769531,209.01327300495
563.401245117188,209.01327300495
564.2734375,209.01327300495
565.1455078125,209.01327300495
566.017639160156,209.01327300495
566.889831542969,211.455142644113
567.761962890625,211.455142644113
568.634094238281,211.455142644113
569.506225585938,211.455142644113
570.378356933594,211.455142644113
571.25048828125,211.455142644113
572.122680664062,211.455142644113
572.994812011719,211.455142644113
573.866882324219,211.455142644113
574.739074707031,211.455142644113
575.611206054688,211.455142644113
576.483337402344,211.455142644113
577.35546875,211.455142644113
578.227600097656,211.455142644113
579.099731445312,212.98553692719
579.971862792969,213.617976749413
580.844055175781,213.617976749413
581.716186523438,213.617976749413
582.588256835938,213.617976749413
583.46044921875,214.921461682846
584.332580566406,214.921461682846
585.204711914062,214.921461682846
586.076904296875,214.921461682846
586.948974609375,216.396397670482
587.821105957031,216.396397670482
588.693298339844,216.396397670482
589.5654296875,216.396397670482
590.437561035156,216.396397670482
591.309692382812,216.396397670482
592.181823730469,215.220982780174
593.053955078125,217.526147382705
593.926086425781,217.426006770379
594.798278808594,215.389683993146
595.670349121094,215.389683993146
596.54248046875,215.389683993146
597.414672851562,215.389683993146
598.286804199219,215.389683993146
599.158935546875,215.389683993146
600.031066894531,216.163479031322
600.903198242188,216.163479031322
601.775329589844,217.426006770379
602.647521972656,217.426006770379
603.519653320312,217.426006770379
604.391723632812,217.426006770379
605.263854980469,217.426006770379
606.136047363281,217.426006770379
607.008178710938,217.426006770379
607.880310058594,217.426006770379
608.75244140625,217.426006770379
609.624572753906,217.426006770379
610.496704101562,217.426006770379
611.368896484375,217.426006770379
612.241027832031,217.426006770379
613.113098144531,217.426006770379
613.985290527344,218.040085946107
614.857421875,218.040085946107
615.729553222656,218.625667936329
616.601684570312,219.18028232275
617.473815917969,219.18028232275
618.345947265625,219.18028232275
619.218078613281,219.366254150338
620.090270996094,219.366254150338
620.96240234375,219.366254150338
621.83447265625,219.366254150338
622.706665039062,219.366254150338
623.578796386719,219.366254150338
624.450927734375,217.997097113755
625.323120117188,217.997097113755
626.195190429688,217.997097113755
627.067321777344,217.997097113755
627.939514160156,218.695705092075
628.811645507812,218.695705092075
629.683776855469,218.695705092075
630.555908203125,218.695705092075
631.428039550781,218.695705092075
632.300170898438,218.695705092075
633.172302246094,218.695705092075
634.044494628906,218.695705092075
634.916564941406,218.695705092075
635.788696289062,218.695705092075
636.660888671875,218.695705092075
637.533020019531,218.695705092075
638.405151367188,219.604608232804
639.277282714844,220.283067761387
640.1494140625,220.283067761387
641.021545410156,220.283067761387
641.893737792969,220.669583149689
642.765869140625,220.669583149689
643.637939453125,220.669583149689
644.510070800781,220.071203335748
645.382263183594,220.071203335748
646.25439453125,220.071203335748
647.126525878906,220.071203335748
647.998657226562,220.071203335748
648.870788574219,220.071203335748
649.742919921875,220.071203335748
650.615112304688,220.071203335748
651.487243652344,220.948149579554
652.359313964844,220.948149579554
653.231506347656,220.948149579554
654.103637695312,220.948149579554
654.975769042969,221.342586025887
655.847961425781,221.342586025887
656.720031738281,221.342586025887
657.592163085938,221.342586025887
658.464294433594,221.342586025887
659.336486816406,221.342586025887
660.208618164062,221.342586025887
661.080688476562,221.342586025887
661.952880859375,221.342586025887
662.825012207031,221.342586025887
663.697143554688,221.342586025887
664.5693359375,221.342586025887
665.44140625,221.342586025887
666.313537597656,221.342586025887
667.185729980469,222.239477280488
668.057861328125,222.239477280488
668.929992675781,222.239477280488
669.802124023438,222.239477280488
670.674255371094,222.239477280488
671.54638671875,222.474666651629
672.418518066406,222.474666651629
673.290710449219,222.474666651629
674.162780761719,222.474666651629
675.034912109375,222.474666651629
675.907104492188,222.474666651629
676.779235839844,222.474666651629
677.6513671875,222.474666651629
678.523498535156,222.474666651629
679.395629882812,222.949618357397
680.267761230469,222.949618357397
681.139953613281,222.949618357397
682.012084960938,222.854242614789
682.884155273438,222.854242614789
683.75634765625,222.854242614789
684.628479003906,227.150753094671
685.500610351562,227.150753094671
686.372741699219,227.150753094671
687.244873046875,227.150753094671
688.117004394531,227.150753094671
688.989135742188,227.150753094671
689.861328125,229.293565931787
690.733459472656,229.293565931787
691.605529785156,227.150753094671
692.477722167969,230.294133214611
693.349853515625,230.294133214611
694.221984863281,232.984472231281
695.094177246094,232.984472231281
695.966247558594,232.984472231281
696.83837890625,229.529217422192
697.710571289062,229.529217422192
698.582702636719,229.529217422192
699.454833984375,229.529217422192
700.326904296875,229.529217422192
701.199096679688,229.529217422192
702.071228027344,229.529217422192
702.943359375,229.529217422192
703.815551757812,232.984472231281
704.687622070312,232.984472231281
705.559753417969,232.984472231281
706.431945800781,232.984472231281
707.304077148438,232.79306736088
708.176208496094,232.79306736088
709.04833984375,233.964367278366
709.920471191406,233.964367278366
710.792602539062,233.964367278366
711.664794921875,233.964367278366
712.536926269531,233.964367278366
713.408996582031,233.964367278366
714.281127929688,233.964367278366
715.1533203125,233.964367278366
716.025451660156,233.964367278366
716.897583007812,233.964367278366
717.769714355469,233.964367278366
718.641845703125,233.964367278366
719.513977050781,233.964367278366
720.386169433594,233.964367278366
721.25830078125,233.964367278366
722.13037109375,233.964367278366
723.002563476562,233.964367278366
723.874694824219,233.964367278366
724.746826171875,233.964367278366
725.619018554688,233.964367278366
726.491088867188,233.964367278366
727.363220214844,233.964367278366
728.2353515625,235.462269254619
729.107543945312,235.462269254619
729.979675292969,235.462269254619
730.851745605469,235.462269254619
731.723937988281,235.462269254619
732.596069335938,235.462269254619
733.468200683594,235.462269254619
734.340393066406,235.462269254619
735.212463378906,235.462269254619
736.084594726562,235.462269254619
736.956787109375,235.37313586364
737.828918457031,235.37313586364
738.701049804688,235.37313586364
739.573120117188,235.37313586364
740.4453125,235.37313586364
741.317443847656,235.37313586364
742.189575195312,235.37313586364
743.061767578125,238.409984009601
743.933837890625,238.409984009601
744.805969238281,241.351389633614
745.678161621094,241.351389633614
746.55029296875,241.351389633614
747.422424316406,240.592720144598
748.294555664062,240.592720144598
749.166687011719,240.592720144598
750.038818359375,240.592720144598
750.911010742188,240.592720144598
751.783142089844,240.592720144598
752.655212402344,240.592720144598
753.52734375,240.592720144598
754.399536132812,240.592720144598
755.271667480469,240.592720144598
756.143798828125,240.592720144598
757.015930175781,240.592720144598
757.888061523438,240.592720144598
758.760192871094,240.592720144598
759.632385253906,240.592720144598
760.504516601562,240.592720144598
761.376586914062,240.343516083814
762.248779296875,240.343516083814
763.120910644531,240.343516083814
763.993041992188,241.23834640566
764.865173339844,241.23834640566
765.7373046875,241.23834640566
766.609436035156,241.23834640566
767.481567382812,243.637747056741
768.353759765625,243.637747056741
769.225891113281,243.637747056741
770.097961425781,243.637747056741
770.970153808594,243.637747056741
771.84228515625,245.292941580319
772.714416503906,245.292941580319
773.586608886719,245.60307239578
774.458679199219,245.60307239578
775.330810546875,245.60307239578
776.203002929688,245.60307239578
777.075134277344,245.60307239578
777.947265625,245.60307239578
778.819396972656,245.60307239578
779.691528320312,245.60307239578
780.563659667969,245.60307239578
781.435791015625,245.60307239578
782.307983398438,245.60307239578
783.180053710938,245.60307239578
784.052185058594,245.60307239578
784.924377441406,245.60307239578
785.796508789062,245.525733159807
786.668640136719,245.525733159807
787.540771484375,248.031609033545
788.412902832031,248.031609033545
789.285034179688,248.031609033545
790.1572265625,248.031609033545
791.029357910156,248.031609033545
791.901428222656,246.409178629206
792.773620605469,246.409178629206
793.645751953125,245.793669273108
794.517883300781,245.793669273108
795.390014648438,245.793669273108
796.262145996094,245.793669273108
797.13427734375,245.793669273108
798.006408691406,245.793669273108
798.878601074219,245.793669273108
799.750732421875,245.793669273108
800.622802734375,245.793669273108
801.494995117188,245.793669273108
802.367126464844,246.698425907447
803.2392578125,246.698425907447
804.111450195312,246.698425907447
804.983520507812,248.302109904619
805.855651855469,248.302109904619
806.727844238281,248.302109904619
807.599975585938,249.890259851459
808.472106933594,249.890259851459
809.344177246094,249.890259851459
810.216369628906,249.890259851459
811.088500976562,249.890259851459
811.960632324219,249.890259851459
812.832824707031,249.890259851459
813.704895019531,249.890259851459
814.577026367188,249.890259851459
815.44921875,249.890259851459
816.321350097656,249.890259851459
817.193481445312,249.890259851459
818.065612792969,249.890259851459
818.937744140625,249.890259851459
819.809875488281,249.890259851459
820.682006835938,249.890259851459
821.55419921875,251.205882561032
822.42626953125,250.555858204708
823.298400878906,251.586207098728
824.170593261719,251.586207098728
825.042724609375,251.586207098728
825.914855957031,251.586207098728
826.786987304688,251.586207098728
827.659118652344,251.586207098728
828.53125,251.586207098728
829.403442382812,251.586207098728
830.275573730469,251.586207098728
831.147644042969,251.586207098728
832.019836425781,251.586207098728
832.891967773438,251.586207098728
833.764099121094,251.586207098728
834.63623046875,251.586207098728
835.508361816406,251.586207098728
836.380493164062,251.205882561032
837.252624511719,251.205882561032
838.124816894531,251.830170261996
838.996948242188,253.582744510701
839.869018554688,255.671621657908
840.7412109375,255.671621657908
841.613342285156,255.671621657908
842.485473632812,255.671621657908
843.357666015625,255.671621657908
844.229736328125,255.671621657908
845.101867675781,255.671621657908
845.974060058594,256.526935791348
846.84619140625,254.077102034664
847.718322753906,254.077102034664
848.590454101562,254.077102034664
849.462585449219,254.077102034664
850.334716796875,254.077102034664
851.206848144531,254.077102034664
852.079040527344,254.044894506316
852.951110839844,254.044894506316
853.8232421875,256.526935791348
854.695434570312,256.526935791348
855.567565917969,256.526935791348
856.439697265625,256.526935791348
857.311828613281,256.526935791348
858.183959960938,256.526935791348
859.056091308594,256.795180127356
859.928283691406,256.795180127356
860.800415039062,256.795180127356
861.672485351562,256.795180127356
862.544616699219,256.795180127356
863.416809082031,256.795180127356
864.288940429688,256.795180127356
865.161071777344,256.795180127356
866.033203125,256.795180127356
866.905334472656,256.795180127356
867.777465820312,256.795180127356
868.649658203125,256.795180127356
869.521789550781,256.795180127356
870.393859863281,256.795180127356
871.266052246094,256.795180127356
872.13818359375,259.274411194258
873.010314941406,259.274411194258
873.882446289062,259.274411194258
874.754577636719,259.274411194258
875.626708984375,259.274411194258
876.498840332031,259.274411194258
877.371032714844,261.389152941752
878.2431640625,261.389152941752
879.115234375,261.389152941752
879.987426757812,261.389152941752
880.859558105469,261.389152941752
881.731689453125,258.504933279197
882.603881835938,258.504933279197
883.475952148438,258.504933279197
884.348083496094,258.504933279197
885.220275878906,258.946562039826
886.092407226562,259.261320876547
886.964538574219,259.261320876547
887.836669921875,259.261320876547
888.708801269531,263.738292230599
889.580932617188,263.738292230599
890.453063964844,263.738292230599
891.325256347656,263.738292230599
892.197326660156,263.738292230599
893.069458007812,263.738292230599
893.941650390625,263.738292230599
894.813781738281,263.487649433255
895.685913085938,263.487649433255
896.558044433594,263.487649433255
897.43017578125,263.487649433255
898.302307128906,263.487649433255
899.174499511719,263.487649433255
900.046630859375,263.487649433255
900.918701171875,263.487649433255
901.790893554688,263.487649433255
902.663024902344,263.487649433255
903.53515625,263.487649433255
904.407287597656,263.487649433255
905.279418945312,263.487649433255
906.151550292969,263.487649433255
907.023681640625,263.487649433255
907.895874023438,263.487649433255
908.768005371094,263.487649433255
909.640075683594,265.044255602546
910.512268066406,265.044255602546
911.384399414062,265.044255602546
912.256530761719,265.044255602546
913.128662109375,265.044255602546
914.000793457031,266.630366464317
914.872924804688,266.630366464317
915.745056152344,266.630366464317
916.617248535156,266.630366464317
917.489379882812,266.630366464317
918.361450195312,266.630366464317
919.233642578125,266.630366464317
920.105773925781,268.668217543161
920.977905273438,268.668217543161
921.85009765625,268.668217543161
922.72216796875,268.668217543161
923.594299316406,268.668217543161
924.466491699219,268.668217543161
925.338623046875,265.05698369001
926.210754394531,265.05698369001
927.082885742188,265.05698369001
927.955017089844,265.05698369001
928.8271484375,265.05698369001
929.699279785156,265.05698369001
930.571472167969,266.630366464317
931.443542480469,265.044255602546
932.315673828125,265.044255602546
933.187866210938,270.281589876019
934.059997558594,270.281589876019
934.93212890625,270.281589876019
935.804260253906,270.281589876019
936.676391601562,273.132013599646
937.548522949219,273.132013599646
938.420715332031,273.132013599646
939.292846679688,273.132013599646
940.164916992188,273.132013599646
941.037109375,273.132013599646
941.909240722656,273.132013599646
942.781372070312,273.132013599646
943.653503417969,273.132013599646
944.525634765625,273.132013599646
945.397766113281,273.132013599646
946.269897460938,273.132013599646
947.14208984375,273.132013599646
948.014221191406,273.132013599646
948.886291503906,273.132013599646
949.758483886719,273.132013599646
950.630615234375,273.132013599646
951.502746582031,273.132013599646
952.374938964844,273.132013599646
953.247009277344,273.132013599646
954.119140625,273.132013599646
954.991333007812,273.132013599646
955.863464355469,273.132013599646
956.735595703125,273.132013599646
957.607727050781,273.132013599646
958.479858398438,273.132013599646
959.351989746094,273.132013599646
960.22412109375,273.132013599646
961.096313476562,273.132013599646
961.968383789062,273.132013599646
962.840515136719,273.132013599646
963.712707519531,272.566492613549
964.584838867188,272.566492613549
965.456970214844,272.566492613549
966.3291015625,272.566492613549
967.201232910156,272.566492613549
968.073364257812,272.566492613549
968.945495605469,272.566492613549
969.817687988281,272.566492613549
970.689758300781,276.946332939252
971.561889648438,276.946332939252
972.43408203125,276.946332939252
973.306213378906,276.946332939252
974.178344726562,276.946332939252
975.050476074219,276.946332939252
975.922607421875,276.946332939252
976.794738769531,276.946332939252
977.666931152344,276.946332939252
978.5390625,276.946332939252
979.4111328125,276.946332939252
980.283325195312,276.946332939252
981.155456542969,276.946332939252
982.027587890625,276.946332939252
982.899719238281,276.946332939252
983.771850585938,276.946332939252
984.643981933594,276.946332939252
985.51611328125,276.946332939252
986.388305664062,276.946332939252
987.260437011719,276.946332939252
988.132507324219,276.946332939252
989.004699707031,276.946332939252
989.876831054688,276.946332939252
990.748962402344,276.946332939252
991.621154785156,276.946332939252
992.493225097656,277.996147880922
993.365356445312,277.996147880922
994.237548828125,277.996147880922
995.109680175781,277.996147880922
995.981811523438,277.996147880922
996.853942871094,277.996147880922
997.72607421875,277.996147880922
998.598205566406,277.996147880922
999.470336914062,277.996147880922
1000.34252929688,277.996147880922
1001.21459960938,277.996147880922
1002.08673095703,277.996147880922
1002.95892333984,277.996147880922
1003.8310546875,277.996147880922
1004.70318603516,277.996147880922
1005.57531738281,277.996147880922
1006.44744873047,277.996147880922
1007.31958007812,277.996147880922
1008.19177246094,277.996147880922
1009.06390380859,277.996147880922
1009.93597412109,277.996147880922
1010.80816650391,276.148528835574
1011.68029785156,276.148528835574
1012.55242919922,276.947059083996
1013.42456054688,276.947059083996
1014.29669189453,276.947059083996
1015.16882324219,276.947059083996
1016.04095458984,276.947059083996
1016.91314697266,276.947059083996
1017.78527832031,277.996147880922
1018.65734863281,277.996147880922
1019.52954101562,277.996147880922
1020.40167236328,277.996147880922
1021.27380371094,277.996147880922
1022.14593505859,282.273991261174
1023.01806640625,282.273991261174
1023.89019775391,282.273991261174
1024.76232910156,282.273991261174
1025.63452148438,282.273991261174
1026.50671386719,282.273991261174
1027.37878417969,282.273991261174
1028.25085449219,282.273991261174
1029.123046875,282.273991261174
1029.99523925781,282.273991261174
1030.86730957031,282.273991261174
1031.73950195312,282.273991261174
1032.61157226562,281.857352130862
1033.48376464844,281.857352130862
1034.35583496094,281.857352130862
1035.22802734375,281.857352130862
1036.10009765625,281.857352130862
1036.97229003906,281.857352130862
1037.84448242188,281.857352130862
1038.71655273438,281.857352130862
1039.58874511719,281.857352130862
1040.46081542969,281.857352130862
1041.3330078125,281.857352130862
1042.205078125,281.857352130862
1043.07727050781,281.857352130862
1043.94946289062,281.857352130862
1044.82153320312,281.857352130862
1045.69372558594,281.857352130862
1046.56579589844,281.857352130862
1047.43798828125,281.857352130862
1048.31005859375,281.857352130862
1049.18225097656,281.857352130862
1050.05432128906,281.857352130862
1050.92651367188,281.857352130862
1051.79870605469,281.857352130862
1052.67077636719,281.857352130862
1053.54284667969,283.740160387698
1054.4150390625,282.617280509923
1055.28723144531,282.617280509923
1056.15930175781,282.617280509923
1057.03149414062,282.617280509923
1057.90356445312,282.617280509923
1058.77575683594,283.740160387698
1059.64782714844,283.740160387698
1060.52001953125,283.740160387698
1061.39221191406,283.740160387698
1062.26428222656,283.740160387698
1063.13647460938,283.740160387698
1064.00854492188,283.740160387698
1064.88073730469,283.740160387698
1065.7529296875,287.083162749498
1066.625,287.083162749498
1067.4970703125,287.083162749498
1068.36926269531,287.083162749498
1069.24145507812,287.083162749498
1070.11352539062,287.083162749498
1070.98571777344,287.083162749498
1071.85778808594,287.083162749498
1072.72998046875,287.083162749498
1073.60205078125,287.083162749498
1074.47424316406,287.083162749498
1075.34631347656,287.083162749498
1076.21850585938,287.083162749498
1077.09069824219,287.083162749498
1077.96276855469,287.083162749498
1078.8349609375,287.083162749498
1079.70703125,287.083162749498
1080.57922363281,287.837527423457
1081.45129394531,287.837527423457
1082.32348632812,287.410545499122
1083.19567871094,287.410545499122
1084.06774902344,287.410545499122
1084.93994140625,287.410545499122
1085.81201171875,287.410545499122
1086.68420410156,287.410545499122
1087.55627441406,287.410545499122
1088.42846679688,288.796131678827
1089.30053710938,288.796131678827
1090.17272949219,289.317192395342
1091.044921875,289.317192395342
1091.9169921875,289.317192395342
1092.7890625,289.317192395342
1093.66125488281,289.965589947287
1094.53344726562,289.965589947287
1095.40551757812,290.093270787981
1096.27770996094,290.093270787981
1097.14978027344,290.093270787981
1098.02197265625,290.093270787981
1098.89404296875,290.093270787981
1099.76623535156,290.093270787981
1100.63842773438,290.093270787981
1101.51049804688,290.093270787981
1102.38269042969,290.909469153732
1103.25476074219,290.909469153732
1104.126953125,290.909469153732
1104.99914550781,290.909469153732
1105.87121582031,290.909469153732
1106.74328613281,290.909469153732
1107.61547851562,290.909469153732
1108.48767089844,290.909469153732
1109.35974121094,290.909469153732
1110.23193359375,290.909469153732
1111.10400390625,290.909469153732
1111.97619628906,290.947723681373
1112.84826660156,290.947723681373
1113.72045898438,290.947723681373
1114.59252929688,290.947723681373
1115.46472167969,290.947723681373
1116.3369140625,290.947723681373
1117.208984375,290.947723681373
1118.08117675781,290.947723681373
1118.95324707031,290.947723681373
1119.82543945312,290.947723681373
1120.69750976562,290.947723681373
1121.56970214844,290.947723681373
1122.44189453125,290.947723681373
1123.31396484375,290.947723681373
1124.18615722656,290.947723681373
1125.05822753906,290.947723681373
1125.93041992188,290.947723681373
1126.80249023438,292.169535039878
1127.67468261719,292.169535039878
1128.54675292969,292.169535039878
1129.4189453125,292.169535039878
1130.29113769531,292.169535039878
1131.16320800781,292.169535039878
1132.03527832031,292.169535039878
1132.90747070312,290.947723681373
1133.77966308594,290.947723681373
1134.65173339844,290.947723681373
1135.52392578125,290.947723681373
1136.39599609375,292.268131410963
1137.26818847656,292.268131410963
1138.14038085938,292.268131410963
1139.01245117188,292.268131410963
1139.88464355469,294.192565849767
1140.75671386719,293.519067085354
1141.62890625,294.192565849767
1142.5009765625,294.192565849767
1143.37316894531,294.192565849767
1144.24536132812,294.192565849767
1145.11743164062,294.192565849767
1145.98950195312,294.192565849767
1146.86169433594,294.192565849767
1147.73388671875,294.24610150385
1148.60595703125,294.24610150385
1149.47814941406,294.24610150385
1150.35021972656,294.24610150385
1151.22241210938,294.24610150385
1152.09448242188,295.78016051
1152.96667480469,295.78016051
1153.83874511719,295.78016051
1154.7109375,294.585341643522
1155.58312988281,294.585341643522
1156.45520019531,294.585341643522
1157.32739257812,294.585341643522
1158.19946289062,294.585341643522
1159.07165527344,294.585341643522
1159.94372558594,294.585341643522
1160.81591796875,294.585341643522
1161.68811035156,294.585341643522
1162.56018066406,294.585341643522
1163.43237304688,294.585341643522
1164.30444335938,294.585341643522
1165.17651367188,294.585341643522
1166.04870605469,294.585341643522
1166.9208984375,294.585341643522
1167.79309082031,294.585341643522
1168.66516113281,294.585341643522
1169.53723144531,296.415852768473
1170.40942382812,296.415852768473
1171.28149414062,296.415852768473
1172.15380859375,296.415852768473
1173.02587890625,296.415852768473
1173.89794921875,296.415852768473
1174.77014160156,296.415852768473
1175.64221191406,296.415852768473
1176.51440429688,296.415852768473
1177.38659667969,296.415852768473
1178.25866699219,296.415852768473
1179.130859375,296.415852768473
1180.0029296875,297.706349285348
1180.87512207031,297.706349285348
1181.74719238281,297.706349285348
1182.61938476562,297.706349285348
1183.49157714844,297.706349285348
1184.36364746094,298.313168743442
1185.23583984375,298.313168743442
1186.10791015625,298.313168743442
1186.97998046875,298.313168743442
1187.85217285156,298.313168743442
1188.72436523438,298.313168743442
1189.59655761719,298.313168743442
1190.46862792969,298.313168743442
1191.34069824219,298.313168743442
1192.212890625,298.313168743442
1193.0849609375,299.170355907846
1193.95715332031,299.170355907846
1194.82934570312,299.170355907846
1195.70141601562,299.170355907846
1196.57360839844,299.170355907846
1197.44567871094,299.170355907846
1198.31787109375,299.170355907846
1199.18994140625,299.170355907846
1200.06213378906,299.170355907846
1200.93432617188,299.170355907846
1201.80639648438,299.170355907846
1202.67858886719,299.170355907846
1203.55065917969,299.170355907846
1204.42272949219,299.170355907846
1205.294921875,297.383060219791
1206.16711425781,297.383060219791
1207.03930664062,297.383060219791
1207.91137695312,297.383060219791
1208.78344726562,297.383060219791
1209.65563964844,297.383060219791
1210.52770996094,299.769434338227
1211.40002441406,299.769434338227
1212.27209472656,299.769434338227
1213.14416503906,299.769434338227
1214.01635742188,299.769434338227
1214.88842773438,299.769434338227
1215.76062011719,299.769434338227
1216.6328125,299.769434338227
1217.5048828125,299.769434338227
1218.37707519531,299.769434338227
1219.24914550781,299.769434338227
1220.12133789062,299.769434338227
1220.99340820312,299.769434338227
1221.86560058594,299.769434338227
1222.73779296875,299.769434338227
1223.60986328125,299.769434338227
1224.48205566406,299.769434338227
1225.35412597656,299.769434338227
1226.22619628906,299.769434338227
1227.09838867188,299.769434338227
1227.97058105469,299.769434338227
1228.8427734375,299.769434338227
1229.71484375,299.769434338227
1230.5869140625,299.769434338227
1231.45910644531,299.769434338227
1232.33117675781,299.769434338227
1233.20336914062,299.769434338227
1234.07556152344,299.769434338227
1234.94763183594,299.769434338227
1235.81982421875,299.769434338227
1236.69189453125,300.234770099675
1237.56408691406,300.234770099675
1238.43615722656,300.234770099675
1239.30834960938,300.234770099675
1240.18054199219,300.234770099675
1241.05261230469,300.234770099675
1241.9248046875,300.292078966187
1242.796875,300.292078966187
1243.6689453125,300.208491226753
1244.54125976562,300.208491226753
1245.41333007812,300.208491226753
1246.28552246094,300.208491226753
1247.15759277344,300.208491226753
1248.02966308594,300.208491226753
1248.90185546875,300.208491226753
1249.77404785156,302.360706935976
1250.64624023438,302.360706935976
1251.51831054688,302.360706935976
1252.39038085938,302.360706935976
1253.26257324219,302.360706935976
1254.13464355469,302.360706935976
1255.0068359375,302.360706935976
1255.87902832031,302.360706935976
1256.75109863281,302.360706935976
1257.62329101562,302.360706935976
1258.49536132812,302.360706935976
1259.36755371094,302.360706935976
1260.23962402344,302.360706935976
1261.11181640625,302.360706935976
1261.98400878906,302.360706935976
1262.85607910156,302.360706935976
1263.72827148438,302.360706935976
1264.60034179688,302.360706935976
1265.47241210938,302.360706935976
1266.34460449219,302.360706935976
1267.216796875,302.360706935976
1268.08898925781,302.360706935976
1268.96105957031,302.360706935976
1269.83312988281,302.360706935976
1270.70532226562,302.360706935976
1271.57739257812,302.360706935976
1272.44958496094,302.360706935976
1273.32177734375,300.208491226753
1274.19384765625,300.208491226753
1275.06604003906,300.208491226753
1275.93811035156,301.844968934673
1276.81030273438,301.844968934673
1277.68237304688,301.844968934673
1278.55456542969,301.844968934673
1279.4267578125,301.844968934673
1280.298828125,301.844968934673
1281.17102050781,301.844968934673
1282.04309082031,302.360706935976
1282.91516113281,302.360706935976
1283.78747558594,302.360706935976
1284.65954589844,302.360706935976
1285.53173828125,302.360706935976
1286.40380859375,302.360706935976
1287.27587890625,302.725687513981
1288.14807128906,302.725687513981
1289.02014160156,302.725687513981
1289.89245605469,302.725687513981
1290.76452636719,302.725687513981
1291.63659667969,301.844968934673
1292.5087890625,301.844968934673
1293.380859375,301.844968934673
1294.25305175781,301.844968934673
1295.12524414062,301.844968934673
1295.99731445312,301.844968934673
1296.86950683594,301.844968934673
1297.74157714844,301.844968934673
1298.61376953125,301.844968934673
1299.48583984375,301.844968934673
1300.35803222656,301.844968934673
1301.23022460938,301.844968934673
1302.10229492188,301.844968934673
1302.97448730469,301.844968934673
1303.84655761719,301.844968934673
1304.71862792969,301.844968934673
1305.5908203125,301.844968934673
1306.46301269531,302.162592644357
1307.33520507812,302.162592644357
1308.20727539062,302.162592644357
1309.07934570312,303.524684101468
1309.95153808594,303.524684101468
1310.82360839844,303.524684101468
1311.69580078125,303.524684101468
1312.56799316406,303.524684101468
1313.44006347656,303.524684101468
1314.31225585938,303.524684101468
1315.18432617188,303.524684101468
1316.05651855469,303.524684101468
1316.92858886719,303.524684101468
1317.80078125,303.524684101468
1318.67297363281,303.524684101468
1319.54504394531,303.524684101468
1320.41723632812,303.524684101468
1321.28930664062,303.524684101468
1322.16137695312,303.524684101468
1323.03369140625,303.524684101468
1323.90576171875,303.524684101468
1324.77795410156,303.62260520361
1325.65002441406,303.62260520361
1326.52209472656,303.62260520361
1327.39428710938,303.62260520361
1328.26647949219,303.62260520361
1329.138671875,303.62260520361
1330.0107421875,303.62260520361
1330.8828125,303.62260520361
1331.75500488281,303.62260520361
1332.62707519531,303.62260520361
1333.49926757812,303.62260520361
1334.37145996094,303.62260520361
1335.24353027344,303.62260520361
1336.11572265625,303.62260520361
1336.98779296875,303.62260520361
1337.85998535156,303.62260520361
1338.73205566406,303.62260520361
1339.60424804688,303.62260520361
1340.47644042969,303.62260520361
1341.34851074219,303.62260520361
1342.220703125,303.62260520361
1343.0927734375,303.62260520361
1343.96484375,303.62260520361
1344.83703613281,303.62260520361
1345.70922851562,303.62260520361
1346.58142089844,303.62260520361
1347.45349121094,303.073364974872
1348.32556152344,303.073364974872
1349.19775390625,303.073364974872
1350.06982421875,303.073364974872
1350.94213867188,303.073364974872
1351.81420898438,303.073364974872
1352.68627929688,303.073364974872
1353.55847167969,303.073364974872
1354.43054199219,303.073364974872
1355.302734375,303.073364974872
1356.17492675781,303.718009148795
1357.04699707031,303.718009148795
1357.91918945312,303.718009148795
1358.79125976562,303.718009148795
1359.66345214844,303.718009148795
1360.53552246094,303.718009148795
1361.40759277344,303.718009148795
1362.27990722656,303.718009148795
1363.15197753906,303.718009148795
1364.02416992188,303.718009148795
1364.89624023438,303.718009148795
1365.76831054688,303.718009148795
1366.64050292969,305.008194371147
1367.5126953125,305.008194371147
1368.38488769531,304.532518843395
1369.25695800781,304.532518843395
1370.12902832031,305.008194371147
1371.00122070312,305.008194371147
1371.87329101562,305.008194371147
1372.74548339844,305.008194371147
1373.61767578125,305.008194371147
1374.48974609375,305.008194371147
1375.36193847656,305.008194371147
1376.23400878906,305.008194371147
1377.10620117188,305.008194371147
1377.97827148438,305.008194371147
1378.85046386719,305.008194371147
1379.72265625,305.008194371147
1380.5947265625,305.008194371147
1381.46691894531,305.008194371147
1382.33898925781,305.008194371147
1383.21105957031,305.008194371147
1384.08325195312,305.008194371147
1384.95544433594,304.719339353636
1385.82763671875,304.719339353636
1386.69970703125,304.719339353636
1387.57177734375,304.719339353636
1388.44396972656,304.719339353636
1389.31604003906,304.719339353636
1390.18835449219,304.719339353636
1391.06042480469,304.719339353636
1391.93249511719,304.719339353636
1392.8046875,304.719339353636
1393.6767578125,304.719339353636
1394.54895019531,304.719339353636
1395.42114257812,303.991078750744
1396.29321289062,303.991078750744
1397.16540527344,303.991078750744
1398.03747558594,302.945554993088
1398.90966796875,302.945554993088
1399.78173828125,302.945554993088
1400.65393066406,302.945554993088
1401.52612304688,302.945554993088
1402.39819335938,302.945554993088
1403.27038574219,302.945554993088
1404.14245605469,304.804715221686
1405.01452636719,304.804715221686
1405.88671875,304.804715221686
1406.75891113281,304.804715221686
1407.63110351562,304.804715221686
1408.50317382812,304.804715221686
1409.37524414062,304.804715221686
1410.24743652344,304.804715221686
1411.11950683594,304.804715221686
1411.99169921875,304.804715221686
1412.86389160156,304.804715221686
1413.73596191406,304.804715221686
1414.60815429688,304.804715221686
1415.48022460938,304.804715221686
1416.35241699219,304.804715221686
1417.22448730469,304.804715221686
1418.0966796875,304.804715221686
1418.96887207031,304.804715221686
1419.84094238281,304.804715221686
1420.71313476562,304.804715221686
1421.58520507812,304.804715221686
1422.45727539062,304.804715221686
1423.32958984375,304.804715221686
1424.20166015625,304.804715221686
1425.07385253906,304.804715221686
1425.94592285156,304.804715221686
1426.81799316406,304.804715221686
1427.69018554688,304.804715221686
1428.56225585938,304.804715221686
1429.4345703125,304.804715221686
1430.306640625,304.804715221686
1431.1787109375,304.804715221686
1432.05090332031,304.804715221686
1432.92297363281,304.804715221686
1433.79516601562,304.804715221686
1434.66735839844,304.804715221686
1435.53942871094,304.804715221686
1436.41162109375,304.804715221686
1437.28369140625,304.804715221686
1438.15588378906,304.804715221686
1439.02795410156,304.804715221686
1439.90014648438,304.804715221686
1440.77233886719,304.804715221686
1441.64440917969,304.327519911783
1442.5166015625,304.327519911783
1443.388671875,304.327519911783
1444.2607421875,304.327519911783
1445.13293457031,304.327519911783
1446.00512695312,304.327519911783
1446.87731933594,304.327519911783
1447.74938964844,304.327519911783
1448.62145996094,304.327519911783
1449.49365234375,304.327519911783
1450.36572265625,304.327519911783
1451.23791503906,304.327519911783
1452.11010742188,304.327519911783
1452.98217773438,304.327519911783
1453.85437011719,304.327519911783
1454.72644042969,304.327519911783
1455.5986328125,304.327519911783
1456.470703125,304.327519911783
1457.34289550781,305.524972892344
1458.21508789062,305.524972892344
1459.08715820312,305.524972892344
1459.95935058594,306.407819000836
1460.83142089844,306.407819000836
1461.70349121094,306.407819000836
1462.57580566406,306.407819000836
1463.44787597656,306.407819000836
1464.32006835938,306.407819000836
1465.19213867188,306.407819000836
1466.06420898438,306.407819000836
1466.93640136719,306.407819000836
1467.80847167969,306.407819000836
1468.68078613281,306.407819000836
1469.55285644531,306.407819000836
1470.42492675781,306.407819000836
1471.29711914062,306.407819000836
1472.16918945312,306.407819000836
1473.04138183594,306.407819000836
1473.91357421875,306.407819000836
1474.78564453125,306.407819000836
1475.65783691406,306.407819000836
1476.52990722656,306.407819000836
1477.40209960938,306.407819000836
1478.27416992188,306.407819000836
1479.14636230469,306.407819000836
1480.0185546875,306.407819000836
1480.890625,306.407819000836
1481.76281738281,306.407819000836
1482.63488769531,306.407819000836
1483.50695800781,306.407819000836
1484.37915039062,306.407819000836
1485.25134277344,306.407819000836
1486.12353515625,306.407819000836
1486.99560546875,306.407819000836
1487.86767578125,306.407819000836
1488.73986816406,306.407819000836
1489.61193847656,306.407819000836
1490.48413085938,306.407819000836
1491.35632324219,306.407819000836
1492.22839355469,306.407819000836
1493.1005859375,306.407819000836
1493.97265625,306.407819000836
1494.84484863281,310.598043028043
1495.71691894531,310.598043028043
1496.58911132812,310.598043028043
1497.46130371094,310.598043028043
1498.33337402344,310.598043028043
1499.20556640625,310.598043028043
1500.07763671875,310.598043028043
1500.94970703125,310.598043028043
1501.82202148438,310.598043028043
1502.69409179688,306.181586585231
1503.56628417969,306.181586585231
1504.43835449219,306.181586585231
1505.31042480469,306.181586585231
1506.1826171875,306.181586585231
1507.0546875,306.181586585231
1507.92700195312,306.181586585231
1508.79907226562,306.181586585231
1509.67114257812,306.181586585231
1510.54333496094,306.181586585231
1511.41540527344,306.181586585231
1512.28759765625,306.851887157994
1513.15979003906,306.851887157994
1514.03186035156,306.851887157994
1514.90405273438,306.851887157994
1515.77612304688,306.851887157994
1516.64831542969,306.851887157994
1517.52038574219,306.851887157994
1518.392578125,306.851887157994
1519.26477050781,306.851887157994
1520.13684082031,306.851887157994
1521.00903320312,306.851887157994
1521.88110351562,306.851887157994
1522.75317382812,306.851887157994
1523.62536621094,306.851887157994
1524.49755859375,306.851887157994
1525.36975097656,306.851887157994
1526.24182128906,306.851887157994
1527.11389160156,306.851887157994
1527.98608398438,306.851887157994
1528.85815429688,306.851887157994
1529.73034667969,306.851887157994
1530.6025390625,306.851887157994
1531.474609375,306.851887157994
1532.34680175781,306.851887157994
1533.21887207031,306.851887157994
1534.09106445312,306.851887157994
1534.96313476562,306.851887157994
1535.83532714844,306.851887157994
1536.70751953125,306.851887157994
1537.57958984375,306.851887157994
1538.45178222656,306.851887157994
1539.32385253906,306.851887157994
1540.19592285156,306.851887157994
1541.06823730469,306.851887157994
1541.94030761719,306.851887157994
1542.8125,306.851887157994
1543.6845703125,306.851887157994
1544.556640625,306.851887157994
1545.42883300781,310.598043028043
1546.30090332031,311.020823593215
1547.17321777344,311.020823593215
1548.04528808594,311.020823593215
1548.91735839844,311.020823593215
1549.78955078125,311.020823593215
1550.66162109375,311.020823593215
1551.53381347656,311.020823593215
1552.40600585938,311.020823593215
1553.27807617188,311.020823593215
1554.15026855469,311.020823593215
1555.02233886719,311.020823593215
1555.89453125,311.020823593215
1556.7666015625,311.020823593215
1557.63879394531,311.020823593215
1558.51098632812,311.020823593215
1559.38305664062,311.020823593215
1560.25524902344,311.020823593215
1561.12731933594,311.020823593215
1561.99938964844,311.020823593215
1562.87158203125,311.020823593215
1563.74377441406,311.020823593215
1564.61596679688,310.080017772215
1565.48803710938,310.080017772215
1566.36010742188,310.080017772215
1567.23229980469,310.080017772215
1568.10437011719,310.080017772215
1568.97668457031,310.080017772215
1569.84875488281,310.080017772215
1570.72082519531,310.080017772215
1571.59301757812,310.080017772215
1572.46508789062,312.167593705289
1573.33728027344,312.167593705289
1574.20935058594,312.167593705289
1575.08154296875,312.167593705289
1575.95373535156,312.167593705289
1576.82580566406,312.167593705289
1577.69799804688,312.167593705289
1578.57006835938,312.167593705289
1579.44213867188,312.167593705289
1580.314453125,312.167593705289
1581.1865234375,312.167593705289
1582.05871582031,312.167593705289
1582.93078613281,312.167593705289
1583.80285644531,312.167593705289
1584.67504882812,312.167593705289
1585.54724121094,312.167593705289
1586.41943359375,312.167593705289
1587.29150390625,312.167593705289
1588.16357421875,312.167593705289
1589.03576660156,312.177444302135
1589.90783691406,312.177444302135
1590.78002929688,312.177444302135
1591.65222167969,312.177444302135
1592.52429199219,312.177444302135
1593.396484375,312.177444302135
1594.2685546875,312.177444302135
1595.14074707031,312.177444302135
1596.01281738281,312.177444302135
1596.88500976562,312.177444302135
1597.75720214844,312.177444302135
1598.62927246094,312.177444302135
1599.50146484375,312.177444302135
1600.37353515625,312.177444302135
1601.24560546875,312.177444302135
1602.11779785156,312.177444302135
1602.98999023438,312.177444302135
1603.86218261719,312.177444302135
1604.73425292969,312.177444302135
1605.60632324219,312.177444302135
1606.478515625,312.177444302135
1607.3505859375,312.177444302135
1608.22290039062,312.177444302135
1609.09497070312,312.177444302135
1609.96704101562,312.177444302135
1610.83923339844,312.177444302135
1611.71130371094,312.177444302135
1612.58349609375,312.177444302135
1613.45568847656,312.177444302135
1614.32775878906,312.177444302135
1615.19995117188,312.177444302135
1616.07202148438,312.177444302135
1616.94421386719,312.177444302135
1617.81628417969,312.177444302135
1618.68835449219,312.177444302135
1619.56066894531,312.177444302135
1620.43273925781,312.177444302135
1621.30493164062,312.177444302135
1622.17700195312,312.177444302135
1623.04907226562,312.177444302135
1623.92126464844,312.177444302135
1624.79345703125,312.177444302135
1625.66564941406,312.177444302135
1626.53771972656,312.177444302135
1627.40979003906,312.177444302135
1628.28198242188,312.177444302135
1629.15405273438,312.177444302135
1630.02624511719,312.177444302135
1630.8984375,312.177444302135
1631.7705078125,312.177444302135
1632.64270019531,312.177444302135
1633.51477050781,312.177444302135
1634.38696289062,312.177444302135
1635.25903320312,311.337917880168
1636.13122558594,311.337917880168
1637.00341796875,311.337917880168
1637.87548828125,311.337917880168
1638.74768066406,311.337917880168
1639.61975097656,311.337917880168
1640.49182128906,311.337917880168
1641.36401367188,311.337917880168
1642.23620605469,311.337917880168
1643.1083984375,311.337917880168
1643.98046875,311.337917880168
1644.8525390625,311.337917880168
1645.72473144531,311.337917880168
1646.59680175781,311.337917880168
1647.46911621094,311.337917880168
1648.34118652344,311.337917880168
1649.21325683594,311.337917880168
1650.08544921875,311.337917880168
1650.95751953125,311.337917880168
1651.82971191406,311.337917880168
1652.70190429688,311.337917880168
1653.57397460938,311.337917880168
1654.44616699219,311.46418866397
1655.31823730469,311.46418866397
1656.1904296875,311.46418866397
1657.0625,311.46418866397
1657.9345703125,311.46418866397
1658.80688476562,311.46418866397
1659.67895507812,311.46418866397
1660.55114746094,311.46418866397
1661.42321777344,311.46418866397
1662.29528808594,311.46418866397
1663.16748046875,311.46418866397
1664.03967285156,311.46418866397
1664.91186523438,311.46418866397
1665.78393554688,311.46418866397
1666.65600585938,311.46418866397
1667.52819824219,311.46418866397
1668.40026855469,311.46418866397
1669.2724609375,311.46418866397
1670.14465332031,311.46418866397
1671.01672363281,311.46418866397
1671.88891601562,311.46418866397
1672.76098632812,311.46418866397
1673.63317871094,311.46418866397
1674.50524902344,311.46418866397
1675.37744140625,311.46418866397
1676.24963378906,311.46418866397
1677.12170410156,311.46418866397
1677.99389648438,311.46418866397
1678.86596679688,311.46418866397
1679.73803710938,311.46418866397
1680.6103515625,311.46418866397
1681.482421875,311.46418866397
1682.35461425781,311.46418866397
1683.22668457031,311.46418866397
1684.09875488281,311.46418866397
1684.97094726562,311.46418866397
1685.84301757812,311.46418866397
1686.71533203125,311.46418866397
1687.58740234375,311.46418866397
1688.45947265625,311.46418866397
1689.33166503906,311.46418866397
1690.20373535156,311.46418866397
1691.07592773438,311.46418866397
1691.94812011719,311.46418866397
1692.82019042969,311.46418866397
1693.6923828125,311.46418866397
1694.564453125,311.46418866397
1695.43664550781,311.46418866397
1696.30871582031,311.46418866397
1697.18078613281,311.46418866397
1698.05310058594,311.46418866397
1698.92517089844,311.46418866397
1699.79736328125,311.46418866397
1700.66943359375,311.46418866397
1701.54150390625,311.46418866397
1702.41369628906,311.46418866397
1703.28588867188,311.46418866397
1704.15808105469,311.46418866397
1705.03015136719,311.46418866397
1705.90222167969,311.46418866397
1706.7744140625,311.46418866397
1707.646484375,311.46418866397
1708.51879882812,311.46418866397
1709.39086914062,311.46418866397
1710.26293945312,311.46418866397
1711.13513183594,311.46418866397
1712.00720214844,311.46418866397
1712.87939453125,311.46418866397
1713.75146484375,311.46418866397
1714.62365722656,311.5104225442
1715.49584960938,311.5104225442
1716.36791992188,311.5104225442
1717.24011230469,311.5104225442
1718.11218261719,311.5104225442
1718.98425292969,311.5104225442
1719.85656738281,311.5104225442
1720.72863769531,311.5104225442
1721.60083007812,311.5104225442
1722.47290039062,311.5104225442
1723.34497070312,311.5104225442
1724.21716308594,311.5104225442
1725.08923339844,311.5104225442
1725.96154785156,311.5104225442
1726.83361816406,311.5104225442
1727.70568847656,311.5104225442
1728.57788085938,311.5104225442
1729.44995117188,311.5104225442
1730.32214355469,311.5104225442
1731.1943359375,311.5104225442
1732.06640625,311.5104225442
1732.93859863281,311.5104225442
1733.81066894531,311.5104225442
1734.68286132812,311.5104225442
1735.55493164062,311.5104225442
1736.42700195312,311.5104225442
1737.29931640625,311.5104225442
1738.17138671875,311.5104225442
1739.04357910156,311.5104225442
1739.91564941406,311.5104225442
1740.78771972656,311.5104225442
1741.65991210938,311.5104225442
1742.53210449219,311.5104225442
1743.404296875,311.5104225442
1744.2763671875,311.5104225442
