50.0,0.0,0.0,0.0,0.0,0.0,0.0,0.0,0.0,0.0,0.0,0.0,0.0,0.0,0.0,0.0,0.0,0.0,0.0,0.0,0.0,0.0,0.0,0.0,0.0,0.0,0.0,0.0,0.0,0.0,0.0,0.0,0.0,0.0,0.0,0.0,0.0,0.0,0.0,0.0,0.0,0.0,0.0,0.0,0.0,0.0,0.0,0.0,0.0,0.0,0.0,0.0,0.0
100.0,3.58366487729e-06,0.00218615841622,0.00020355416553,0.000670031889171,0.000112053363091,2.94120189189e-05,1.57776181976e-05,4.80234878447e-06,8.23377143341e-05,2.15959487141e-08,3.07184792951e-07,1.13674134741e-07,5.64480602862e-07,4.03975223515e-05,1.3232191662e-06,1.80916291655e-06,9.59531682583e-06,1.14138759446e-06,5.50465209817e-05,8.79969121989e-07,3.85580608764e-07,5.56570563429e-08,1.23496581951e-08,2.54396916668e-08,4.53661692824e-06,3.76452371105e-08,1.40398711908e-06,0.000338004995845,1.02325587689e-07,2.68084112302e-09,2.33623289698e-11,5.21064647798e-09,2.4036464557e-07,1.47763502495e-07,5.89173333201e-06,9.4950497062e-06,1.99122075756e-06,9.13684649402e-11,1.60458767759e-08,1.26460842725e-05,1.84738129368e-05,2.46408126067e-06,8.95925782593e-07,8.67525360147e-06,2.17687023631e-06,2.59131635927e-07,2.09815991366e-06,7.86366713243e-07,4.16672126592e-18,2.4917562644e-07,2.40807291691e-07,8.793110131e-06
150.0,2.23833334865e-05,0.00852946538917,0.000993059722506,0.00358608737741,0.000701650587826,0.000162176594656,8.6604167888e-05,3.9199905045e-05,0.000469644472737,2.1322774361e-07,2.41844141698e-06,7.74245049108e-07,3.07909395753e-06,0.000248171133384,7.1423490025e-06,1.08327674503e-05,5.78695611801e-05,6.12889832894e-06,0.000375171794603,4.60324108717e-06,2.16696785727e-06,3.08379122372e-07,9.59629667833e-08,1.93706559854e-07,2.41550724302e-05,2.5939359119e-07,1.34013210276e-05,0.0021046555322,6.27978904829e-07,1.78979665999e-08,1.63717003096e-10,4.57886658576e-08,1.42240557948e-06,8.73640590179e-07,3.24818263223e-05,4.90916728961e-05,1.08649421103e-05,1.05670959175e-09,1.14520574896e-07,7.11589786547e-05,0.000103536519942,2.22583222428e-05,8.50646052199e-06,4.84726184213e-05,1.18909348865e-05,2.12535568046e-06,1.37149095983e-05,4.14074452204e-06,7.90951970196e-17,1.57887067697e-06,1.76251033697e-06,7.12979240328e-05
200.0,8.00193619608e-05,0.0193995832246,0.00284243733623,0.0108611789547,0.0024502980425,0.000531911462219,0.000282865660023,0.00017373822843,0.00158401661809,1.13860429839e-06,1.11062942188e-05,3.23040074735e-06,9.90020851357e-06,0.000875754435187,2.28682483036e-05,3.69740495945e-05,0.000198439100681,1.95785600115e-05,0.0013882730222,1.44027572829e-05,7.19141392865e-06,1.02049252711e-06,4.12783323196e-07,8.18245368924e-07,7.75649403657e-05,1.02552784717e-06,6.82288798633e-05,0.00717007609153,2.35474169231e-06,6.76917225805e-08,6.86312030493e-10,2.27373081392e-07,5.19293542518e-06,3.15768497996e-06,0.00010656362724,0.000155119642199,3.5734264283e-05,6.51045633512e-09,4.623125794e-07,0.000234096908574,0.000359117963739,0.000108372566781,4.31004969398e-05,0.000161523968699,3.82384742782e-05,9.37173578006e-06,5.01031519349e-05,1.29891899938e-05,7.82085229508e-16,5.71381561434e-06,7.20913758195e-06,0.000310912630412
250.0,0.000214022509921,0.0339572083032,0.00625339109614,0.0245306954554,0.00630237410421,0.00134752901269,0.00071477044262,0.000553950581494,0.00408301532541,4.36578214147e-06,3.80886753333e-05,1.04713622479e-05,2.44919092543e-05,0.00230834589949,5.66506311331e-05,9.4429403696e-05,0.000508089220371,4.86164126711e-05,0.00369878470002,3.52314966041e-05,1.84386812401e-05,2.63566158567e-06,1.30489965449e-06,2.54502063721e-06,0.000196081676629,3.0675937267e-06,0.000245986485961,0.017730873024,6.92220262723e-06,1.91725958876e-07,2.29890006643e-09,8.40384800554e-07,1.50076106391e-05,8.95748020616e-06,0.000270508711431,0.000390200214089,9.24172777882e-05,2.84224155034e-08,1.39384408161e-06,0.000587401472708,0.000989648612817,0.000376626773907,0.000154712834793,0.000417651921727,9.45225334323e-05,2.95038465515e-05,0.000134905577152,3.1696230285e-05,5.36245497935e-15,1.54941465886e-05,2.16928856895e-05,0.00096812414487
300.0,0.000474602085816,0.0510163717168,0.0117085244589,0.0460096955286,0.0133193505715,0.00289705312336,0.00153634452518,0.00142190530053,0.00881871309287,1.34692512477e-05,0.000107202720283,2.86338653113e-05,5.14507400449e-05,0.00502411203896,0.000119730755585,0.000200583484376,0.00108021908698,0.000103619492656,0.00795158998512,7.43568279325e-05,4.04112215277e-05,5.86510475356e-06,3.39454286478e-06,6.52428514898e-06,0.000429403911113,7.722017242e-06,0.000704158030615,0.0356484171787,1.73765939214e-05,4.53348946302e-07,6.86961945523e-09,2.56925808741e-06,3.72882853454e-05,2.17170490895e-05,0.00058434544596,0.000855420083999,0.000206797952015,9.86799210421e-08,3.49839033257e-06,0.00124200148683,0.00234679541096,0.00104547933087,0.000441304618145,0.000921675843972,0.000198285372257,7.43496419271e-05,0.000298329104088,6.63619678259e-05,2.86422004266e-14,3.49736284997e-05,5.34884814722e-05,0.002412939561
350.0,0.000920140826326,0.0695942002851,0.0196229796376,0.0757738836496,0.0244916912009,0.00553088508822,0.00294027130987,0.00312031279857,0.0167014291732,3.55321689568e-05,0.000260550911574,6.88911397302e-05,9.63255077593e-05,0.00951577198393,0.000226401780101,0.000374404364201,0.00201550654358,0.00019890167026,0.0146688715103,0.000141931786088,7.95841806855e-05,1.17953484292e-05,7.71203145234e-06,1.46242958386e-05,0.000850998576682,1.7255452806e-05,0.00170246513805,0.0619142376701,3.88056962015e-05,9.45963308502e-07,1.91341399815e-08,6.85191192359e-06,8.26996421694e-05,4.68657412672e-05,0.00112481191566,0.00169856932271,0.000418381717028,2.89951439649e-07,7.73112790971e-06,0.00232626551386,0.0049546897566,0.00246223523816,0.0010644461508,0.00181651379828,0.000370557148814,0.00015950574439,0.000573283823779,0.000124963232083,1.26950825556e-13,6.93850767725e-05,0.000114361037791,0.00511883494491
400.0,0.00161043758589,0.0890677459123,0.0302937880399,0.113300139734,0.040561811418,0.00962663084391,0.00514433119316,0.00607506500088,0.0285074173859,8.31925935178e-05,0.000564759004965,0.000149790755678,0.000165253358468,0.0162005982288,0.000393589675549,0.000634757583213,0.00341217677881,0.000353221568171,0.0241307435024,0.000251463116967,0.000144872152447,2.20150634814e-05,1.58556549755e-05,2.96892413768e-05,0.00156156421837,3.52845955745e-05,0.0036128788029,0.0964305682243,7.90247948716e-05,1.79910031778e-06,5.03099891195e-08,1.64397468282e-05,0.00016736440095,9.22635226737e-05,0.00198178836587,0.00311495275262,0.000783344044881,7.49333605712e-07,1.55509487247e-05,0.00397486248509,0.00949511715137,0.00510738787564,0.00225699798371,0.00328022306193,0.000634396033279,0.00030268526661,0.000990461940177,0.000217300102417,4.85789479224e-13,0.000124984876483,0.000219421620238,0.0096021511942
450.0,0.00259940915734,0.109112137744,0.0438588008008,0.157230305265,0.0618993065459,0.0155458099162,0.00837404871298,0.010758828726,0.0447018840265,0.000177215285687,0.00111633148275,0.000299969765126,0.000264527361004,0.0253483594671,0.000640274721857,0.000998978929846,0.00535768001356,0.000590092018826,0.0363352308525,0.000420177244131,0.000248080139453,3.87607018117e-05,3.01839954807e-05,5.58362494525e-05,0.00268963690273,6.72808148752e-05,0.00690802885537,0.138111021013,0.000149293604303,3.18398109727e-06,1.2500406516e-07,3.61963150514e-05,0.000313879487768,0.000168607192769,0.00325391432855,0.00534019575306,0.00137653775598,1.74796772524e-06,2.90885726245e-05,0.00631705685046,0.0167474595204,0.00957049562224,0.00431919087541,0.0055174325141,0.00101315164803,0.00052141200916,0.00157360801791,0.000354817463168,1.64886633891e-12,0.000208806233991,0.000386521106344,0.0163437545415
500.0,0.00392897170718,0.129579453123,0.0602777079663,0.205675725279,0.088449451903,0.0235942104709,0.0128465908123,0.0176433479111,0.0653390039175,0.000349488773415,0.00204511731368,0.000561117073938,0.000400228603423,0.0370458263103,0.000987014357575,0.00148191806638,0.00792284867156,0.000937939963661,0.0510327784453,0.000669321252273,0.000404321724242,6.50814227964e-05,5.40379478516e-05,9.878147964e-05,0.00438909688674,0.000121138685025,0.0121272524568,0.185191581475,0.000265054579045,5.31922110545e-06,2.9330946887e-07,7.41483591657e-05,0.000552056525765,0.00028984920913,0.00504527299818,0.00863685030829,0.00229216865525,3.74896591552e-06,5.1349502095e-05,0.00946740076041,0.0274936269547,0.0164992792618,0.00760252570096,0.00874729196007,0.00152895826039,0.000830669792557,0.00233607233591,0.000550413081619,5.06225100469e-12,0.000328362770043,0.000635297690252,0.0257141743947
550.0,0.00562528502718,0.150398779081,0.0793405936697,0.256563113386,0.11975487656,0.033993776538,0.0187588344064,0.0271500632829,0.0900633089534,0.000646250465397,0.00351508220787,0.000990975694121,0.00057800928754,0.0512009741068,0.00145573174403,0.00209552435451,0.0111588905401,0.00143018490144,0.0678062928285,0.00102443108017,0.000632398549273,0.000105023232217,9.19880939266e-05,0.000166184743302,0.00683393663613,0.00020777678257,0.019825611542,0.23561253952,0.000446680621746,8.47824579765e-06,6.50460267248e-07,0.000142768689135,0.000919364284855,0.000473687562111,0.00746407137379,0.013277811076,0.00364308549006,7.4946892349e-06,8.64566386312e-05,0.0135205653317,0.0424094556834,0.0265310969704,0.0124838176328,0.0131905523904,0.00220179395146,0.00124103887924,0.00327926426231,0.000818323780693,1.42670487824e-11,0.000491347549134,0.000986058265474,0.0379196364341
600.0,0.00769777742378,0.171518532491,0.10070087293,0.30793651482,0.155034195312,0.0468684232806,0.026279841042,0.0396077016368,0.118197195483,0.00113124309011,0.00572188320565,0.00166609603124,0.000803044946889,0.0675777298444,0.00206979124831,0.0028489245519,0.0150969843595,0.00210528236193,0.0861633163013,0.00151557320316,0.000955137851653,0.000163830831916,0.000150102827474,0.000268004101688,0.0102110473982,0.00034172937064,0.0305153130534,0.287359934101,0.000720209316735,1.3000578298e-05,1.36675054746e-06,0.000260431241413,0.00146108523168,0.000742168317957,0.0106230297061,0.0195295483712,0.00555880304852,1.41129076855e-05,0.000139935830884,0.0185504898837,0.0619673561659,0.0402200987989,0.0193336646214,0.0190578640323,0.00304918299519,0.00175763035866,0.00439305993628,0.0011741302003,3.73380253018e-11,0.000705367638556,0.00145868782825,0.0529780222192
650.0,0.0101406775233,0.192883830253,0.123923452321,0.358164712358,0.193293228221,0.0622420414643,0.0355462783651,0.0552226949911,0.148875528403,0.00188842276549,0.00888710978237,0.00268398628262,0.00108012086098,0.0858464984887,0.0028542704313,0.00374886232308,0.0197498521285,0.00300673888664,0.105615432138,0.00217753931452,0.0013996801792,0.000248163881617,0.000236232581088,0.000416853588979,0.0147119398542,0.000541680306492,0.0446101379503,0.338705220971,0.0011180286333,1.93093090976e-05,2.73053242383e-06,0.000452941014083,0.00223021178685,0.00112241462864,0.0146403625679,0.0276373523629,0.00818246844407,2.52399661423e-05,0.000219043894194,0.0246128085012,0.0863703701408,0.0579734066472,0.0284843336524,0.026540371513,0.0040864118745,0.00237988067303,0.00565776951423,0.00163486975367,9.15765480947e-11,0.000977743325998,0.00207175011013,0.070724914881
700.0,0.0129363366606,0.214434236918,0.148536988655,0.406041453829,0.233444049912,0.0800452033187,0.0466590472209,0.0740649181898,0.18118494474,0.00302379379146,0.0132494424155,0.00416427694224,0.0014137955536,0.105636271302,0.00383629157893,0.00480033902179,0.0251145179043,0.00418306860641,0.125732616933,0.00304995821876,0.00199770160063,0.000366322580326,0.000360304657766,0.000628356591637,0.0205242684899,0.00083088751815,0.062381927061,0.388328705056,0.00167947064476,2.79368344399e-05,5.20691771655e-06,0.000755012068998,0.00328710649985,0.00164746738169,0.0196400326049,0.037813688322,0.0116670040366,4.31580813359e-05,0.00033313316377,0.0317489447121,0.115528129342,0.0800063945817,0.0402016508971,0.0358027292339,0.00532703728762,0.00310207524815,0.00704703450568,0.00221921512783,2.12072115918e-10,0.00131538766031,0.00284188388152,0.0908433556301
750.0,0.0160594679568,0.236109440131,0.174080619591,0.450794294364,0.274412174422,0.100127209829,0.0596800827434,0.0960682459897,0.214276685294,0.0046659550487,0.0190533357167,0.00624853714437,0.00180858902874,0.12657834259,0.00504528743383,0.00600730643872,0.0311755009354,0.00568764171665,0.146170984804,0.00417728800503,0.00278554799614,0.000528475916389,0.000534621175383,0.000921484214569,0.0278238499006,0.00123744895718,0.0839348366214,0.43534373002,0.00245126672875,3.95605135285e-05,9.51429733291e-06,0.00121155097342,0.00469894239171,0.00235719808202,0.0257502821204,0.0502298100314,0.0161706449334,7.09434732443e-05,0.000494040358413,0.0399903066927,0.149074448424,0.106322168186,0.0546642952857,0.0469780669705,0.00678347626093,0.00391436616532,0.00853100373368,0.00294766564061,4.66597566364e-10,0.00172476903536,0.00378353251374,0.11290778541
800.0,0.0194814975102,0.257855329898,0.200139000641,0.492031739149,0.315219710694,0.122271062521,0.0746292820837,0.121043339597,0.247438359894,0.00696501576655,0.0265361155747,0.00909845664494,0.00226916213007,0.148336854682,0.00651311926133,0.00737329927544,0.0379078654349,0.00757837443511,0.166678840338,0.00560866051216,0.00380425613496,0.000746884717388,0.000774149846228,0.0013188633317,0.03676763064,0.00179436921494,0.109199156276,0.479252942057,0.00348781897468,5.50493947812e-05,1.67199950981e-05,0.00187860407605,0.00653893194133,0.00329923466776,0.0331000318492,0.0650101850141,0.0218520627553,0.000112622167843,0.000716481499697,0.0493614414304,0.186417732496,0.136715308616,0.0719523309457,0.0601642666019,0.00846753711633,0.00480402822543,0.0100792628794,0.00384270498556,9.80445724234e-10,0.00221194905187,0.00490898557456,0.136432538714
850.0,0.0231744238489,0.279627304751,0.226363347358,0.52965964142,0.355039785948,0.14620985273,0.0914822187609,0.148698993315,0.280124575385,0.0100896706395,0.0359145558357,0.0128922348438,0.00280047360876,0.170625725274,0.00827401444647,0.00890194109497,0.0452797804362,0.00991722354783,0.187088362411,0.00739756285425,0.00509943798595,0.00103611077524,0.00109679448847,0.00184703468766,0.0474878360509,0.00253939904087,0.137942999275,0.519869055254,0.00485124645735,7.55226897224e-05,2.83553755317e-05,0.00282384496393,0.00888534937158,0.0045298247798,0.0418133263916,0.0822290762033,0.0288652486369,0.000173330794829,0.00101842974075,0.0598815656226,0.226810773485,0.170796027852,0.0920452356124,0.0754210571049,0.0103908282677,0.0057567344709,0.0116631857534,0.00492889261821,1.97628800285e-09,0.00278268071007,0.00622866991891,0.160917150572
900.0,0.027113824065,0.301390396438,0.252479349025,0.563791466597,0.393223369427,0.171643578372,0.110169516769,0.178668164373,0.31195529188,0.0142224006406,0.0473720522795,0.017819184577,0.0034079158441,0.193214222693,0.0103643291397,0.0105972995179,0.0532544627474,0.0127694688996,0.207299895023,0.00960135238591,0.0067210102949,0.0014132028188,0.00152363007407,0.00253663887894,0.0600873600851,0.00351463608713,0.169797760204,0.557226086491,0.00661117055171,0.000102420261502,4.65496484836e-05,0.00412651044603,0.0118203520135,0.00611454794878,0.0520024436922,0.101908703945,0.0373543237184,0.000259480237783,0.00142144978654,0.071564399903,0.269425958028,0.208028601896,0.114828362895,0.0927677264097,0.0125650406329,0.0067576963649,0.0132575677748,0.00623287031284,3.83596192285e-09,0.00344254813811,0.00775160664451,0.185883489765
950.0,0.031280865884,0.323117104524,0.278284786604,0.594668051384,0.429303260897,0.198255557376,0.130578540412,0.210535218119,0.342693953536,0.0195529628194,0.0610474394374,0.024072743321,0.00409743683549,0.215924578146,0.0128221636781,0.0124640974266,0.0617915413009,0.0162027876118,0.22726414379,0.0122806097267,0.00872275939419,0.00189784995063,0.00207908627777,0.00342250807165,0.0746363540268,0.00476589227538,0.204292094994,0.591497953597,0.00884421039691,0.000137585037913,7.41805844661e-05,0.0058767344281,0.0154286117645,0.00812877887117,0.0637605166145,0.124018639726,0.0474484519649,0.000378920272872,0.0019509614055,0.0844165984745,0.313424389639,0.247777281438,0.140105878431,0.112181534428,0.0150021301051,0.00779258158447,0.01484155305,0.00778327668049,7.19327829602e-09,0.00419712809871,0.00948594713425,0.21090244997
1000.0,0.0356633520383,0.344784146823,0.303640443297,0.622594236621,0.462981574724,0.225727611874,0.152557609,0.243861677066,0.372216527064,0.0262705225379,0.0770263148769,0.0318422635908,0.00487565668243,0.238624998376,0.0156868665902,0.0145078051065,0.070847976694,0.0202861405067,0.246965611528,0.0154983395358,0.0111617399614,0.00251249336617,0.00279106407161,0.00454364390459,0.0911699342199,0.0063418493047,0.240889178344,0.622932902,0.0116331684023,0.000183356937921,0.000115039476873,0.0081742731647,0.019795775409,0.010657800112,0.0771545536334,0.148476330872,0.0592570405438,0.00054110315282,0.002636405384,0.0984352689758,0.358011461203,0.289353458016,0.167617784967,0.13359709767,0.0177144337363,0.00884817937278,0.0163989614328,0.00961056997945,1.30694593202e-08,0.00505215477743,0.0114395112472,0.235610093892
1050.0,0.0402559288553,0.366369141349,0.328457725558,0.647893783865,0.494107064551,0.253753235832,0.175922475733,0.278208638329,0.400479641408,0.0345549388984,0.0953354747851,0.0413041031403,0.00574998407622,0.261220789268,0.018998461937,0.016734645266,0.0803787010779,0.0250885029471,0.266408929974,0.0193190320803,0.0140975148903,0.00328238775231,0.00369097177027,0.00594306661837,0.109686936235,0.00829303747731,0.279022806947,0.651805982572,0.0150658968183,0.000242677600149,0.000174007019987,0.0111266570847,0.0250067812504,0.0137964662824,0.092219641083,0.175148836805,0.0728654189606,0.000757243405773,0.00351128806412,0.113605140631,0.402475631473,0.33205919669,0.197058657703,0.156907069189,0.0207147468354,0.00991282375545,0.0179181648476,0.0117467642091,2.30656286206e-08,0.00601367213321,0.0136202679386,0.259714564321
1100.0,0.0450596422152,0.387847877625,0.352685699963,0.670880510283,0.522647704747,0.28204811897,0.200464457374,0.313154856686,0.427492691893,0.0445678179911,0.11594076065,0.0526126335116,0.00672873477278,0.283645444711,0.0227970294525,0.0191515420203,0.0903371282529,0.0306774796078,0.28560856486,0.0238076018175,0.017591250956,0.00423560472937,0.00481366975671,0.00766752624413,0.130149670955,0.010670683228,0.318129158616,0.678388023643,0.0192338499904,0.000319204910906,0.000257236319486,0.0148468395545,0.0311440679177,0.0176483347583,0.108954915289,0.203855932557,0.0883311833708,0.00104047002878,0.00461308514793,0.129895901664,0.446210621898,0.375223874667,0.228096043953,0.181964370582,0.0240163771346,0.010976608682,0.0193916660752,0.0142250864728,3.96297985927e-08,0.0070881617281,0.0160367182945,0.282995790029
1150.0,0.050081034886,0.409192493563,0.376299345457,0.691842103661,0.54866260409,0.310357671832,0.225959423073,0.348310182464,0.453295994094,0.0564439869358,0.138748308063,0.0658918193355,0.00782125105633,0.305852761731,0.027122060882,0.0217660396322,0.100675642668,0.0371178468368,0.304581674804,0.0290282231223,0.0217046913213,0.00540297205049,0.00619731653571,0.00976707291675,0.152484664597,0.0135254770648,0.357672348355,0.70292780216,0.0242303425344,0.000417436040769,0.000372338971141,0.019450439284,0.0382857186366,0.0223242011811,0.127321656372,0.23437470441,0.105681373722,0.00140596598017,0.00598299149871,0.14726012857,0.488723525391,0.418232243455,0.260387007205,0.208586083526,0.0276331822748,0.0120314394371,0.0208155134155,0.0170795658485,6.64189387726e-08,0.00828263789094,0.0186981596164,0.305300181281
1200.0,0.0553309643897,0.430370619856,0.399289967494,0.711032911273,0.572275953117,0.338461516013,0.25217683903,0.383324552948,0.477945186442,0.0702840119547,0.163608909783,0.0812279866134,0.00903801935752,0.327810435207,0.0320118108388,0.0245862098704,0.111346127253,0.0444700684009,0.323343579693,0.0350430880419,0.0264990311369,0.00681794396804,0.00788311245241,0.0122944894824,0.176584374456,0.016906316071,0.397163102633,0.725643761196,0.0301485503522,0.000542837403525,0.000528569958554,0.0250526901113,0.0465035903077,0.0279400109272,0.147243613221,0.266445652228,0.124910618524,0.00187108867779,0.00766551089332,0.165632101648,0.529632393129,0.460543549372,0.293591884548,0.236558922839,0.0315795904821,0.0130709655919,0.0221886542989,0.0203445659703,1.08779838886e-07,0.00960470587088,0.0216148247369,0.326532320198
1250.0,0.0608232923317,0.451345394894,0.421658053262,0.728672510774,0.593654519706,0.366175195955,0.278888177049,0.417893062049,0.501501044203,0.0861482924284,0.190324982883,0.0986643015811,0.0103907823594,0.3494951868,0.0375026569453,0.0276205601276,0.122300546418,0.0527888312268,0.3419052115,0.0419111160156,0.032033726575,0.00851640015491,0.00991494113363,0.01530459521,0.202309858962,0.0208590740222,0.436170773045,0.746722023114,0.0370793078319,0.000701979638885,0.000737006950161,0.0317652204775,0.0558614811738,0.0346141586709,0.168609448255,0.299780161913,0.1459803375,0.00245546433642,0.00970788766948,0.18492766625,0.568656984251,0.501702311438,0.327384873785,0.265646033518,0.0358706014841,0.0140904361496,0.0235122992962,0.0240542752578,1.7437546262e-07,0.0110625819901,0.0247979023372,0.346645276511
1300.0,0.0665735633818,0.472076170795,0.443408405911,0.744947628321,0.612989300456,0.393349581564,0.305874175138,0.451757800085,0.524023468177,0.104053123802,0.218659480053,0.118197336174,0.0118926417482,0.370889262735,0.0436284818095,0.0308779489023,0.133491568915,0.0621216474144,0.360271970539,0.049686650048,0.038365270616,0.0105363727418,0.0123389123058,0.0188534344407,0.229494346152,0.0254254480939,0.474329494982,0.766318152559,0.045108769333,0.000902675380495,0.00101071935446,0.0396927866402,0.0664133934392,0.0424642340923,0.191277010032,0.334069058613,0.168819040072,0.00318104860282,0.012159390475,0.205045172922,0.605605870847,0.541341961348,0.361461504516,0.295594712148,0.0405217643829,0.0150865103498,0.0247893404276,0.0282421701276,2.73986174153e-07,0.0126650775235,0.0282594517378,0.36563074801
1350.0,0.0725977603301,0.49251970142,0.464547160466,0.760015712319,0.630481315692,0.41986854244,0.3329306394,0.484707200572,0.545568407882,0.123968953627,0.24834601334,0.139775920523,0.0135581478709,0.391978043969,0.0504200880258,0.0343675112068,0.144873197487,0.0725075671705,0.378443516383,0.0584181770801,0.0455459707179,0.0129177032963,0.0152028130153,0.022997368363,0.257947596608,0.030641924735,0.511339595473,0.784560853086,0.0543160147878,0.00115411719778,0.00136492219011,0.0489300802988,0.0782019476299,0.0516033187006,0.215079013312,0.368991828271,0.193323702368,0.00407214615571,0.0150704663177,0.225867422039,0.64036231486,0.579182844228,0.395543346085,0.326144567057,0.045549130116,0.0160570497995,0.0260238464182,0.0329404674055,4.22517457874e-07,0.0144215500384,0.0320122299835,0.383509819345
1400.0,0.0789111937364,0.512631606357,0.485080206154,0.774009083501,0.646331163556,0.445645490457,0.359872663974,0.516573592683,0.56618667294,0.145820876918,0.279099460088,0.163302298387,0.0154033726821,0.412748501551,0.0579046564261,0.0380985938315,0.156401366692,0.0839760441424,0.396414138869,0.0681471117152,0.0536227640653,0.0157016338192,0.0185554773536,0.0277920917722,0.287460905321,0.0365388992535,0.54696543049,0.80155640143,0.064770686917,0.00146701269766,0.0018171094567,0.0595587242788,0.0912570034281,0.0621359821723,0.239829634649,0.40422602188,0.219362151786,0.00515538271985,0.0184917902827,0.247264455409,0.672870521917,0.615026132606,0.429380465819,0.357035607793,0.050969177341,0.0170009103792,0.0272206427586,0.0381795824476,6.40247396901e-07,0.0163418272264,0.0360694508041,0.400324795478
1450.0,0.0855275616939,0.532367927001,0.505012563758,0.787039033373,0.660731765649,0.470619330456,0.386537299666,0.547229571199,0.585923844176,0.169491248183,0.310626383789,0.188635428115,0.0174459623902,0.433188261152,0.0661052568582,0.0420806988791,0.16803447388,0.0965459897821,0.414173457758,0.0789066817923,0.0626361053309,0.0189303379572,0.0224460875019,0.033291599614,0.317812542077,0.0431399746825,0.581030758664,0.817393092751,0.0765307504307,0.00185371335464,0.00238716130502,0.0716445602004,0.10559453694,0.0741541620683,0.26533151539,0.439456340878,0.246776340308,0.00645962421689,0.0224732421271,0.269096981134,0.703123179925,0.648745095024,0.462752195718,0.388015788383,0.0567987115532,0.017917746246,0.0283849751593,0.0439876091257,9.54348095123e-07,0.0184361089289,0.0404444949708,0.416132311139
1500.0,0.0924581971452,0.55168662331,0.524348344041,0.799199548326,0.673863684351,0.49475025808,0.412784814065,0.576583687262,0.604820741804,0.194824143626,0.342634710454,0.215596126263,0.0197051661375,0.453285088068,0.0750404196562,0.0463234332579,0.179733817222,0.110225046908,0.431707281255,0.0907209516102,0.0726189597928,0.0226464005454,0.0269234211972,0.0395471302742,0.348773399609,0.0504614561668,0.613412601392,0.832145297567,0.0896404614169,0.00232833323145,0.00309741898402,0.0852353200945,0.121215816796,0.0877331344363,0.291382696049,0.474382940472,0.275386348927,0.00801583941094,0.0270628450748,0.29122018867,0.731150671565,0.680274952778,0.495466727361,0.418847608737,0.0630547378315,0.0188078334011,0.0295222498684,0.0503898368874,1.40071530725e-06,0.0207148532083,0.0451505903409,0.430997741665
1550.0,0.0997115064759,0.570548896756,0.543091008746,0.810570527857,0.68589242078,0.518015726089,0.438498756526,0.604575852022,0.622914108611,0.221631298956,0.37484223597,0.24397364482,0.0222018369498,0.473026652024,0.0847237746046,0.0508364616071,0.191463925769,0.125009104823,0.448998513514,0.103604014163,0.0835959312867,0.026892255203,0.0320350625007,0.0466061138666,0.380112607488,0.0585120479815,0.644034349586,0.845876944753,0.104128628034,0.00290685338962,0.00397272137886,0.100358759864,0.13810691136,0.102927791802,0.317783075301,0.508728569365,0.304994937951,0.00985690425925,0.0323057042676,0.313487706244,0.757012012943,0.709602307527,0.527359967531,0.44931348846,0.069754307871,0.0196719166267,0.030637842018,0.057408318603,2.02613969334e-06,0.0231886520688,0.0502004780058,0.44499083083
1600.0,0.107292593049,0.588920262698,0.561243746658,0.82122047552,0.696967174395,0.540406786615,0.46358507553,0.63117274265,0.640237313279,0.249699081852,0.406983684221,0.273533211672,0.024958401163,0.492400472494,0.0951637626285,0.0556294601864,0.203192777239,0.140882069637,0.466028042905,0.117559377934,0.0955825500014,0.0317095909687,0.0378265939857,0.0545111541271,0.411602878615,0.0672927517873,0.672858688936,0.858644376387,0.120007232159,0.00360720750892,0.00504039703957,0.117021316303,0.156238547087,0.119769438061,0.344340080087,0.542244274271,0.335392442524,0.0120173481097,0.0382429823766,0.33575546864,0.780787385026,0.736754867936,0.558293980519,0.479219750324,0.0769143420662,0.0205110809608,0.0317369625746,0.0650615009496,2.89085127896e-06,0.0258681019142,0.0556060787774,0.458182392286
1650.0,0.115203052228,0.606771330791,0.578809852234,0.831208698409,0.707220634673,0.56192491952,0.487970541134,0.656363412073,0.656820978222,0.278796033908,0.438816175088,0.304024047483,0.0279987926651,0.511393977433,0.106363423758,0.0607120694733,0.214891908207,0.157815894344,0.48277557063,0.132579567035,0.108584739758,0.0371387398366,0.0443407890889,0.0632990718853,0.443025382128,0.076796957193,0.699880747854,0.870498595754,0.137270466611,0.0044493440703,0.00633020600038,0.13520733117,0.175566324543,0.13826328699,0.370873337211,0.574713519601,0.366361809619,0.014533043781,0.0449109479277,0.357885295004,0.802572046811,0.761791970162,0.588155239277,0.508399171092,0.0845514275222,0.0213266470837,0.0328245747786,0.0733639267126,4.0714658512e-06,0.0287636731492,0.0613781720066,0.470641917796
1700.0,0.123440919672,0.624078283085,0.595793049667,0.840587075813,0.716769465546,0.582579382108,0.511600709352,0.680155231994,0.672693497626,0.308680531417,0.470123084525,0.335187395711,0.0313483486525,0.529994631474,0.11832026321,0.0660938434708,0.226536427748,0.175770864262,0.499220357296,0.148645946213,0.122598478435,0.0432180575236,0.0516168234085,0.0730000364679,0.4741739774,0.0870107093692,0.725121733455,0.881486969402,0.155894225027,0.00545526044021,0.00787422644362,0.154878865831,0.196031284586,0.158386814317,0.397218239417,0.605954691999,0.397683580919,0.0174408453298,0.0523401281476,0.379748018293,0.822471407908,0.784796188505,0.616852819907,0.536712163147,0.0926815931088,0.0221200888305,0.0339053516632,0.0823260156974,5.66435815802e-06,0.0318855825713,0.0675260965577,0.482435925084
1750.0,0.132000751731,0.640823064509,0.612197741925,0.84940146417,0.725715225231,0.602385063552,0.534437635938,0.702570242706,0.687881445621,0.339108160598,0.500716378859,0.366764158089,0.0350336642123,0.548190105287,0.131026195811,0.0717841940195,0.238104949446,0.1946961251,0.515341876565,0.165728774824,0.137609658869,0.0499833098879,0.0596895231743,0.0836368088315,0.50485869313,0.0979131334777,0.748623212103,0.89165446127,0.175836062547,0.0066490043457,0.00970668237117,0.17597610891,0.217560803739,0.180089065529,0.423228390867,0.635822064525,0.429140643975,0.0207781788976,0.0605545929488,0.401226055148,0.84059706055,0.805866174264,0.644316608598,0.564046733099,0.101320063101,0.0228929703806,0.0349836670382,0.091953928007,7.78948193986e-06,0.0352436714335,0.0740574817363,0.493626891073
1800.0,0.140873815346,0.6569933189,0.628029185723,0.857692802499,0.734145533565,0.621360795795,0.556457510418,0.723641941283,0.702409890634,0.369838472294,0.530437579073,0.398501805525,0.0390824039103,0.565968467664,0.144467567539,0.0777923287029,0.249579458233,0.214530433574,0.531120372257,0.183787486604,0.153594151238,0.0574670771422,0.0685886680312,0.0952241168366,0.534908387849,0.109476992111,0.770442109338,0.901044480686,0.197035626296,0.00805663856124,0.0118637098786,0.198418357909,0.240069785739,0.203290967044,0.448776992125,0.664205378572,0.460522599511,0.0245825933953,0.0695713904285,0.422215352579,0.857063604862,0.825110742233,0.670495547263,0.590317419615,0.110480991574,0.0236469003615,0.0360636130818,0.102249510384,1.05946510721e-05,0.0388472913195,0.0809780141137,0.504272635778
1850.0,0.150048364527,0.672582115355,0.643293603572,0.865497975416,0.742135354857,0.639528057122,0.577648342369,0.743412509582,0.716302637178,0.400640864255,0.559157557996,0.430160323846,0.0435230696604,0.583318387755,0.158625251664,0.0841271812425,0.260945128312,0.235203104412,0.54653731992,0.202771185312,0.170518061752,0.0656981874206,0.0783383637238,0.107768179005,0.564172578345,0.121669349738,0.790646445016,0.909699422131,0.219415536356,0.00970616514186,0.0143830613223,0.222105535101,0.263462106298,0.227886631336,0.473757280012,0.691028259434,0.491629623534,0.0288912789188,0.0794001474288,0.442626692172,0.871986133976,0.842644141625,0.695355920701,0.615463441832,0.120177180522,0.0243835000442,0.0371490383559,0.113210323242,1.42602895277e-05,0.0427051993073,0.0882912445285,0.514426043601
1900.0,0.159509981116,0.687587515233,0.65799824701,0.87285048252,0.749748307346,0.656910000551,0.598007794613,0.76193046302,0.729582415313,0.431299426944,0.586775396598,0.461517045653,0.048384725412,0.60022933811,0.173474815936,0.0907973336146,0.272190107025,0.256635122874,0.561575796782,0.222619340131,0.188338176847,0.0747011904178,0.0889564983339,0.121266388527,0.59252246682,0.134452317253,0.809311778591,0.917660966815,0.242882681374,0.0116274062247,0.0173037485457,0.246920179078,0.287632260828,0.253745591798,0.498082172748,0.716245713562,0.522275736406,0.0337405616772,0.0900428417083,0.462386370815,0.885478272024,0.85858239592,0.718879679134,0.639446294985,0.130419785553,0.0251043829247,0.0382436006657,0.124829743079,1.90046505958e-05,0.0468254633051,0.095998438051,0.524135029722
1950.0,0.169241958897,0.702012030429,0.672151423835,0.879780954828,0.75703794226,0.673530742438,0.617541224499,0.779248688154,0.742271034271,0.46161667358,0.613216528766,0.492370305821,0.0536966805777,0.616691790851,0.188986756352,0.0978109294706,0.283305277413,0.278740388721,0.57622076588,0.243262659474,0.20700257703,0.0844958807772,0.100454293491,0.135707164394,0.619851233192,0.147783849951,0.826518312644,0.924970206511,0.267329878893,0.0138518392684,0.0206656282966,0.272729837284,0.312467160447,0.280715854469,0.521683287382,0.73984096443,0.552291425098,0.0391653848622,0.101493745527,0.481436307527,0.89765067712,0.873040568168,0.7410627903,0.662247015905,0.141218014008,0.0258111432077,0.0393508297436,0.137097132316,2.50894979438e-05,0.0512153779454,0.104098468384,0.533442678065
2000.0,0.179225711979,0.715862019873,0.685762499135,0.886317551737,0.764048958292,0.689414854064,0.636259966296,0.795422829943,0.754389512092,0.491416150795,0.63843039179,0.522541933315,0.059488135539,0.632697400235,0.205126792317,0.105175578836,0.29428400985,0.301427055729,0.590459281282,0.264624117442,0.226451400325,0.0950968797308,0.112835959548,0.151069971567,0.646073684763,0.161618573482,0.842348586631,0.931667640241,0.292637839439,0.0164123855857,0.0245089349271,0.299389772484,0.337848020014,0.308627614562,0.544509497606,0.761821873728,0.581525597371,0.045198785295,0.113739534281,0.499733648173,0.908609934556,0.886130798778,0.761913620355,0.683863313554,0.152578821241,0.0265053510056,0.0404741952873,0.149998066402,3.28262328442e-05,0.0558813910243,0.11258775701,0.542387493597
2050.0,0.189441190614,0.729147064946,0.698841876453,0.892486265747,0.77081833285,0.704587007904,0.654179865386,0.810509986709,0.765958188743,0.520543988815,0.662387776984,0.551878652244,0.0657877939743,0.648239165527,0.221856217403,0.112898254471,0.305121910785,0.324598930443,0.604280621998,0.286620103978,0.246617731939,0.10651328223,0.12609846115,0.167325507174,0.671125371213,0.175908614308,0.856885684819,0.937793085071,0.318677365617,0.0193431521225,0.0288737673289,0.326745888001,0.363652282976,0.337297458191,0.566525189514,0.782217170195,0.609846876045,0.0518713758565,0.126759548478,0.517249953753,0.918457774633,0.897960966442,0.781451349239,0.704306724325,0.164506611658,0.0271885523859,0.0416171764368,0.163514606313,4.25824433426e-05,0.0608290401607,0.121460256373,0.551003725194
2100.0,0.199867290125,0.741879356703,0.711400962595,0.898311157009,0.777376361704,0.719071739387,0.671320058349,0.824567670935,0.776996826689,0.548869497252,0.685078045887,0.580252509111,0.0726234480604,0.663311568785,0.239132299393,0.120985180723,0.315816574501,0.348156894623,0.617676362448,0.309161667524,0.267428594475,0.118748375499,0.140231397047,0.184436045148,0.69496127943,0.190604413733,0.870211880439,0.943385533873,0.345311713076,0.0226791276151,0.0337995387433,0.354637772977,0.389755531152,0.366532854927,0.58770835432,0.801072674909,0.637144266655,0.0592108436506,0.140526193072,0.533970064348,0.927290556635,0.908633835188,0.799704431627,0.723599913456,0.177002951788,0.0278622727312,0.0427833293403,0.17762560361,5.47888425002e-05,0.0660628991395,0.130707475518,0.559321726337
2150.0,0.21048224115,0.754073119634,0.723452117561,0.903814535406,0.78374760496,0.732893293177,0.687701981693,0.837652996181,0.787524700324,0.576284944024,0.706506345836,0.607560471221,0.080021543769,0.677910683084,0.256908722797,0.129441716131,0.326367342039,0.37200031766,0.630640387451,0.332155817958,0.288806011611,0.131799433632,0.155216995397,0.202355927567,0.717554221412,0.205655507544,0.88240764057,0.948482985654,0.372399039006,0.0264558354892,0.0393243995277,0.382901769863,0.416033332588,0.396136744651,0.608048634066,0.818447673859,0.663327251839,0.0672414735752,0.155005454918,0.549890730729,0.935198966785,0.918246567842,0.816709118079,0.741774206518,0.190066303093,0.0285280221902,0.0439763500387,0.192307024789,6.99465542449e-05,0.0715865332726,0.140318545818,0.56736832963
2200.0,0.221263971984,0.765744088818,0.735008590042,0.90901710424,0.789951741039,0.746075530046,0.703348585025,0.849822053731,0.797560674073,0.602704671532,0.726690927444,0.63372335463,0.0880067344591,0.69203424779,0.27513606671,0.13827223149,0.336775069983,0.396028427996,0.643168859544,0.355506857556,0.310668117856,0.145657591533,0.171030223355,0.221032187358,0.738893021142,0.221011256372,0.893550921838,0.953122267899,0.399794865719,0.030708947102,0.0454846441017,0.411373971456,0.442362986965,0.425912031758,0.627545411773,0.83441154991,0.68832538061,0.0759837064911,0.170157517095,0.565019100557,0.942267884268,0.926890505735,0.832508052047,0.758867401349,0.203691782449,0.0291873022875,0.0452001304752,0.207532282068,8.86346969843e-05,0.0774024630612,0.150280323795,0.575167218094
2250.0,0.232190436245,0.776909050348,0.746084438691,0.913938076608,0.796004332271,0.758641876092,0.718283721156,0.861129446494,0.807123268235,0.628063707983,0.745660637459,0.658684241297,0.0966014317083,0.705681708872,0.293762310445,0.147479985495,0.347041910766,0.420141615963,0.65526014618,0.379117708772,0.332930287445,0.160307800229,0.187639007341,0.240405284173,0.758980594736,0.236621515113,0.90371669461,0.957338865285,0.427354491273,0.0354738601444,0.0523141141129,0.439893063581,0.468625135083,0.455665819101,0.646206013499,0.849040749784,0.712087430109,0.0854537405125,0.18593744778,0.579371137296,0.9485763758,0.934651134094,0.84714895744,0.774921882712,0.217870958062,0.0298416130176,0.0464588059942,0.223272558674,0.000111518207102,0.0835121354656,0.160577527469,0.582739281488
2300.0,0.243239901335,0.787585449105,0.756694439669,0.918595273015,0.801917506673,0.770615300585,0.732531684915,0.87162795179,0.816230711414,0.652316025086,0.763452635029,0.68240653688,0.105825362823,0.718854223603,0.312733359189,0.157067000453,0.35717110542,0.444242644403,0.666914714023,0.402891209476,0.355506256846,0.175728864291,0.205004558249,0.260409933084,0.777832004069,0.252437232775,0.912976641977,0.961166764942,0.454935285787,0.0407852481734,0.0598436103175,0.468302941135,0.494705206251,0.485213240965,0.664044067881,0.862416129356,0.734580222022,0.0956631830959,0.202295941397,0.592970038819,0.954197785626,0.941608170859,0.860683428877,0.789983039941,0.232591688193,0.0304924599623,0.0477567932238,0.239497118249,0.000139355836934,0.0899159021591,0.17119290225,0.590102950043
2350.0,0.254391195197,0.797791063395,0.766853981645,0.923005206638,0.807700560853,0.782018312111,0.746116873697,0.881368288577,0.824900978726,0.67543257919,0.780110358112,0.704871805779,0.115695144681,0.731554630493,0.331993581706,0.167033940831,0.367166789189,0.4682377477,0.678134997091,0.426731349008,0.378309217336,0.191893560873,0.223081793822,0.280976004399,0.795472548916,0.268410977044,0.921398988746,0.964638325014,0.482398820355,0.0466765882868,0.0681003257724,0.496455038948,0.520494684692,0.514380786148,0.681078049915,0.874620693483,0.755787176138,0.106618760619,0.219180090516,0.605844710397,0.959199894058,0.947835732811,0.873165833249,0.804097972038,0.247838009281,0.0311413611527,0.0490988177139,0.256173589977,0.000173008254932,0.0966130042618,0.182107411983,0.597274501114
2400.0,0.265623910616,0.807543742697,0.776578950149,0.927183160959,0.813360489027,0.79287296541,0.759063545129,0.89039896836,0.833151815417,0.697399253792,0.795681749739,0.726077501061,0.126223883493,0.743787386628,0.351486352049,0.177379997662,0.377033810154,0.492037604252,0.688925245041,0.450544421687,0.401252856741,0.208768838609,0.241819848757,0.302029472313,0.81193594765,0.284497380457,0.929048424353,0.967784170589,0.509612784984,0.053179674859,0.0771073126727,0.524210333757,0.54589218291,0.543009036343,0.697330020293,0.885737725248,0.775706680184,0.118322091026,0.236534168493,0.618028334219,0.963645123352,0.953402546343,0.884652327391,0.817314454251,0.263590078972,0.031789853533,0.0504899311287,0.273268223276,0.00021344616954,0.10360156319,0.193300450581,0.604268336495
2450.0,0.276918567787,0.816861202609,0.785885603925,0.93114326301,0.818902443188,0.803200873216,0.771395650282,0.898766212288,0.841000746206,0.718214799806,0.810217740982,0.746034686161,0.137420809732,0.755558475744,0.371154587318,0.188102781899,0.386777560888,0.515558171865,0.699291357366,0.474240078172,0.424252332439,0.226316093423,0.26116266157,0.323493390229,0.827262642558,0.30065350742,0.935986091539,0.970633118826,0.536452662094,0.0603241279861,0.0868829945764,0.551440988854,0.57080431626,0.570954779008,0.712824559688,0.895849283617,0.794350349003,0.130769523895,0.254300404848,0.629557065658,0.967590774769,0.958372181018,0.895199992964,0.829680134512,0.279824178291,0.0324394989889,0.0519355181463,0.290746108397,0.000261758393016,0.110878577413,0.204750069446,0.611097229906
2500.0,0.288256737031,0.825760869863,0.794790446404,0.934898554353,0.82433012941,0.81302321906,0.783136724112,0.906513919796,0.848465071265,0.737888847981,0.823770978148,0.76476582435,0.149290956878,0.766875291326,0.390941273695,0.199198229843,0.396403823102,0.538721379812,0.709240708715,0.497732259157,0.447225161029,0.244491517071,0.281049626128,0.345288871416,0.841498253425,0.316839143264,0.942269619632,0.973212133462,0.562803132424,0.0681369058106,0.0974407348427,0.578031627722,0.595146378534,0.598092485831,0.727587888652,0.905035037812,0.811741238055,0.143952051016,0.272419737682,0.640468875562,0.971089284856,0.962803292214,0.904866086387,0.841241925988,0.296512775574,0.0330918899759,0.0534412935118,0.308571361685,0.000319159757034,0.118439925048,0.216433215886,0.617772545271
2550.0,0.299621124468,0.834259769828,0.803310095756,0.938461061015,0.829646145302,0.82236076812,0.794309818016,0.913683676664,0.855561850328,0.756440046978,0.836394775626,0.782302692305,0.161834891751,0.777746499636,0.410789973345,0.210660523649,0.405918625227,0.561455675386,0.718781969975,0.520940000058,0.470092013459,0.263246513063,0.301416294815,0.367336055032,0.854692192528,0.33301700821,0.947953187176,0.975546307504,0.588559200311,0.0766418301926,0.108788470922,0.603880236717,0.618842823164,0.624315175976,0.741647157926,0.913371400275,0.827912066955,0.157855289216,0.290832529997,0.650802548442,0.97418849234,0.966749865065,0.913707398993,0.852045562592,0.313624653185,0.0337486548249,0.0550132899134,0.326707276627,0.000386998788479,0.12628037237,0.228325977751,0.624304427271
2600.0,0.310995624074,0.842374449021,0.81146115701,0.941841862913,0.834852263661,0.831233874264,0.804937462323,0.920314792482,0.862307876824,0.773894361939,0.848142272137,0.798684456545,0.175048503163,0.788181887952,0.430645305305,0.222482029672,0.41532811294,0.583696426422,0.727924929204,0.543788099562,0.492777407826,0.2825281735,0.322195119768,0.389555039389,0.866896445636,0.349152900399,0.953087603353,0.977658872026,0.613627034757,0.0858591352488,0.120928422707,0.62889870901,0.64182755868,0.649534706664,0.75502989051,0.920930917264,0.842903498907,0.172459535816,0.309479239334,0.660596838474,0.976931909585,0.970261455868,0.921779720696,0.862135286644,0.331125096199,0.0344114628254,0.0566578375136,0.345116443907,0.000466765051501,0.134393588403,0.240403829668,0.630701966149
2650.0,0.322365339985,0.850120925658,0.819260099564,0.94505116283,0.839949667402,0.83966248215,0.815041649188,0.926444359329,0.86871964425,0.790283552536,0.859065766505,0.813955936375,0.18892285434,0.798192203344,0.450453394118,0.234653257081,0.424638432602,0.60538618459,0.73668031587,0.566207648913,0.515210295301,0.302279809285,0.343316218329,0.41186676653,0.878164516994,0.365215773204,0.957720401343,0.979571228246,0.637924531319,0.0958050480788,0.13385688152,0.653013052201,0.664044070288,0.673681551477,0.767763555227,0.927781876028,0.856762512085,0.187739895773,0.328301032684,0.669889779062,0.979358994415,0.973383429624,0.929137399088,0.871553641252,0.348976140565,0.0350820291916,0.0583815360754,0.363760845453,0.000560096060617,0.142772165839,0.252641876484,0.636973339044
2700.0,0.333716583132,0.857514661971,0.826723143032,0.948098354671,0.844939140834,0.847666123946,0.824643828551,0.932107325077,0.874813307111,0.805643836702,0.869216208889,0.82816606462,0.20344410319,0.807788987154,0.470162280791,0.247162838736,0.433855627615,0.626474817009,0.745059631326,0.58813642258,0.53732453769,0.322441525215,0.364708148889,0.434193844664,0.888550531375,0.38117775274,0.961895939422,0.981302999687,0.661381607316,0.106491410559,0.147564084554,0.676163290145,0.685445381994,0.696704139098,0.779875251414,0.933988089412,0.869540889668,0.203666478217,0.347240340994,0.678718136933,0.981505419393,0.976157193655,0.935832985246,0.880341343824,0.367136876547,0.0357621200012,0.0601912206816,0.38260192883,0.000668783669443,0.151407648552,0.265015089873,0.643125930276
2750.0,0.34503684632,0.864570552922,0.833866153898,0.950992090521,0.849821222327,0.855263910706,0.833764911727,0.937336576034,0.880604638793,0.820014736632,0.878642824258,0.841366547701,0.218593492986,0.816984409928,0.489722291548,0.259997535797,0.442985547643,0.646919516079,0.753074987851,0.609519134315,0.559059277842,0.342950830654,0.386298683671,0.456461297547,0.898108482911,0.397014101998,0.965655507483,0.982872101019,0.683940249101,0.117925350397,0.162034177707,0.698303095414,0.705993875518,0.718567832148,0.791391485261,0.939608821951,0.881293846655,0.220204658855,0.366241349746,0.687116998497,0.983403336473,0.978620427816,0.941916957211,0.888537221049,0.385563801765,0.0364535571835,0.0620939220645,0.401600669217,0.000794779840557,0.160290565968,0.277498534443,0.649166433017
2800.0,0.356314761791,0.871302926781,0.840704554816,0.953740345955,0.854596323292,0.86247451888,0.842425278655,0.942163024846,0.886108988578,0.833438096723,0.887392846472,0.853610719244,0.234347414449,0.825791111009,0.509086360854,0.273142266948,0.452033770602,0.666684699167,0.760738958084,0.630307565523,0.580359206468,0.363743275822,0.408015565565,0.478597232548,0.906891618324,0.412703138309,0.969037437822,0.984294820117,0.705554334986,0.130109008738,0.177245267832,0.719399192612,0.725660983558,0.739253627879,0.802338019889,0.944698825508,0.892078804049,0.237315403511,0.385250423987,0.695119474174,0.985081635478,0.980807311807,0.947437512267,0.896178189329,0.404211216853,0.0371582236002,0.0640968225563,0.420717626619,0.00094020170403,0.169410474511,0.290067580144,0.655100934706
2850.0,0.367540045138,0.877725553934,0.847253247841,0.956350483012,0.859264818202,0.86931617273,0.850644786093,0.946615700492,0.891341239845,0.845957258816,0.895511343298,0.864952576273,0.250677538714,0.834222046335,0.528210306202,0.286580162524,0.461005537217,0.685741811073,0.76806443616,0.650460575295,0.601174730899,0.384753103291,0.429787237063,0.500533421674,0.914951941049,0.428226110937,0.972077219739,0.985585910014,0.726189260975,0.143039330525,0.193169563536,0.739430574531,0.744426775601,0.758756660559,0.812739783264,0.949308456869,0.901954314558,0.254955647018,0.404216467843,0.702756505342,0.986566195162,0.982748749859,0.952440419474,0.903299267984,0.423031655716,0.0378780682377,0.0662072086321,0.439913005962,0.00110733581521,0.178756006237,0.302698098302,0.660934988444
2900.0,0.37870342912,0.883851661037,0.8535265522,0.958829310295,0.863827110154,0.875806623618,0.858442774928,0.95072183811,0.896315771186,0.857616377716,0.903041114885,0.875445983586,0.267551019039,0.84229034727,0.54705305325,0.300292643178,0.469905697857,0.704069042979,0.775064511407,0.669944003324,0.621462052854,0.405913904062,0.451543530375,0.522205792286,0.922339822438,0.443567045535,0.974807617783,0.986758687628,0.74582139869,0.156707922567,0.209773601777,0.758387573168,0.762279454768,0.777084580091,0.822620820174,0.953483854048,0.910979138687,0.273078720714,0.423091219866,0.710056758458,0.9878801258,0.98447259266,0.956968924432,0.909933615346,0.441976341618,0.0386151114981,0.0684324209694,0.459146727142,0.00129864152654,0.188314924679,0.315366639125,0.666673672447
2950.0,0.389796590641,0.889693948352,0.859538156702,0.961183139746,0.868283676134,0.881963127283,0.865838075552,0.954506967027,0.901046421879,0.868459859244,0.910022650444,0.885144030021,0.284930757737,0.850009192567,0.565576810916,0.314259522135,0.47873867123,0.721650981898,0.781752355066,0.688730478295,0.641183163415,0.427159267606,0.473216309174,0.54355482647,0.929103706477,0.458712562061,0.977258793517,0.987825136432,0.764437415864,0.171100982865,0.227018555773,0.776270826187,0.779214783901,0.794255873798,0.83200427668,0.957267152209,0.919211465956,0.29163482101,0.441829486672,0.717046591311,0.989044002385,0.986003856018,0.961063698884,0.916112580275,0.460995659901,0.0393714505461,0.0707798028896,0.478378511287,0.00151675339324,0.198074187777,0.328050589081,0.672321639437
3000.0,0.400812073789,0.89526460867,0.865301086371,0.963417839705,0.872635095793,0.887802420256,0.872849010748,0.957994995949,0.905546462785,0.87853190344,0.916494130088,0.894098519463,0.302775733393,0.857391694887,0.583747197044,0.328459129496,0.487508414391,0.738478204588,0.78814112011,0.706799145153,0.660305764174,0.448423415537,0.494740053804,0.564525870049,0.935289895073,0.473651672418,0.979458430589,0.988796010572,0.782033489756,0.186199303332,0.244860618121,0.793090176719,0.795235458562,0.810298189105,0.840912407533,0.9606967239,0.926708272863,0.310571510862,0.460389318145,0.72375007737,0.990076087601,0.987364935426,0.964762828376,0.921865763512,0.480039637997,0.040149264644,0.0732566479762,0.49756798822,0.00176448253896,0.208020017621,0.340728307102,0.677883157671
3050.0,0.411743211421,0.900575346706,0.870827682477,0.965538884012,0.876882067151,0.893340696537,0.879493395982,0.961208294724,0.909828573439,0.887876136777,0.922491460798,0.902359579505,0.321041382286,0.864450802598,0.601533316176,0.342868456519,0.496218403398,0.754546829434,0.794243853974,0.724135325045,0.678803123938,0.469641809093,0.516052383385,0.585069354007,0.940942401892,0.488375563793,0.981431862708,0.989680938315,0.798614442802,0.201978346504,0.263251451566,0.808863540888,0.810350443673,0.825246704858,0.849366598902,0.963807431648,0.933524807084,0.329834245547,0.478732128086,0.730189075362,0.990992543845,0.988575815479,0.96810183188,0.927221084821,0.499058423525,0.0409508203865,0.0758701476005,0.516674828658,0.00204481691422,0.21813797657,0.353379239067,0.68336214509
3100.0,0.422584047441,0.905637398233,0.876129594832,0.967551396977,0.881025412211,0.898593585594,0.885788537252,0.964167772417,0.913904825741,0.896535318825,0.928048337425,0.909975371305,0.339680026849,0.871199217102,0.618907791795,0.3574633174,0.50487162383,0.769858039089,0.800073423737,0.740730121634,0.696653880459,0.490751721366,0.537094509858,0.605140932553,0.946102863763,0.502877373203,0.983202203931,0.990488523062,0.814192828114,0.218408395355,0.282138698638,0.823615773282,0.824574289375,0.839142588873,0.857387400482,0.966630883816,0.939714186014,0.34936691386,0.496822764608,0.736383332708,0.991807633708,0.989654272957,0.971113707869,0.932204853032,0.518002751732,0.0417784767245,0.0786273390142,0.535658903054,0.00236092038863,0.228413049176,0.365984010544,0.688762197901
3150.0,0.433329261522,0.910461548536,0.881217785005,0.96946019416,0.885066075078,0.903576132611,0.891751226864,0.966892951708,0.917786674391,0.904551110741,0.933196321255,0.91699188525,0.358641343221,0.877649325357,0.635846756093,0.372218525664,0.513470570295,0.784417585711,0.805642453102,0.75657998706,0.713841796521,0.511692766202,0.557811620648,0.624701543291,0.95081049978,0.51715195835,0.984790480485,0.991226440522,0.82878799004,0.235454773858,0.301466540384,0.837377556096,0.837926440273,0.852031569552,0.864994562463,0.969195687056,0.945327097129,0.369112385837,0.514629534821,0.742350612896,0.992533908433,0.990616072416,0.973829001962,0.936841837013,0.536824394134,0.04263468966,0.0815350546032,0.554480467275,0.00271613062623,0.238829729183,0.378524498169,0.694086614718
3200.0,0.443974097663,0.915058149934,0.886102538934,0.971269818983,0.88900511474,0.908302781781,0.897397737625,0.969402039764,0.921484953952,0.911963894804,0.937964930194,0.923452808321,0.377872859293,0.883813146963,0.652329800913,0.387108082062,0.522017253943,0.798235289469,0.810963270391,0.77168626006,0.730355479364,0.532407376813,0.578153188259,0.643717395903,0.955102109359,0.531195669341,0.986215763219,0.991901530992,0.842425122285,0.253078134569,0.321176293666,0.85018433311,0.850430550736,0.863962640408,0.872207074064,0.971527690634,0.950411587484,0.389013058206,0.532124188462,0.748106838379,0.993182384044,0.991475153162,0.976275891778,0.941155336213,0.555476581089,0.0435220164807,0.0845998728314,0.57310037363,0.00311395570257,0.249372110734,0.390983880468,0.699338417198
3250.0,0.454514297651,0.919437138318,0.890793487414,0.972984575272,0.892843694326,0.912787363246,0.90274381602,0.971711995879,0.925009882193,0.918812636057,0.942381735883,0.929399450505,0.397320474272,0.889702294824,0.66833989393,0.402105370664,0.530513216986,0.811324539768,0.816047866652,0.786054687796,0.74618807187,0.552841228466,0.598073206637,0.662159896414,0.959012101598,0.545006125381,0.987495299679,0.992519885967,0.855134343061,0.271234808215,0.341207035998,0.862075305101,0.862113817235,0.87498690835,0.879043201313,0.973650219476,0.955012930002,0.40901138913,0.549281865137,0.753666242033,0.993762704969,0.992243806655,0.978480285161,0.945167249941,0.573914391998,0.0444431194031,0.0878280713452,0.591480304185,0.00355806943224,0.260023982836,0.403346669237,0.70452036799
3300.0,0.464946040192,0.923608048727,0.895299632881,0.974608555881,0.896583068262,0.917043084141,0.907804674951,0.973838596204,0.928371069236,0.925134778702,0.946472464136,0.934870719068,0.416928990606,0.895327948212,0.683863264441,0.417183359799,0.538959553141,0.823701807295,0.82090786294,0.799694941756,0.761336923333,0.572943600972,0.617530355616,0.680005514575,0.962572549306,0.55858199997,0.988644644783,0.993086928597,0.866949803574,0.289877209137,0.361496246707,0.87309249907,0.873006337057,0.885156589844,0.885520522563,0.975584293996,0.959173554796,0.429050414285,0.566081009777,0.759041521515,0.994283295176,0.99293284357,0.980465928391,0.948898144856,0.592095107929,0.0454007684919,0.091225582647,0.609583021891,0.00405230538563,0.270768926023,0.41559872286,0.709634986631
3350.0,0.475265886183,0.927580030041,0.899629381029,0.976145667607,0.900224568482,0.92108252399,0.91259498663,0.975796495899,0.931577531868,0.930966171346,0.950261096014,0.939903130927,0.436642649173,0.900700836909,0.698889263309,0.432314804494,0.547356932945,0.835386173697,0.825554485781,0.812620136834,0.775803246901,0.592667678138,0.636488096019,0.697235602094,0.965813262012,0.571922817642,0.989677789087,0.993607487731,0.877908843077,0.308954289492,0.381980453221,0.88327991969,0.883140501006,0.894524153465,0.891655960837,0.977348835691,0.96293303459,0.44907423702,0.582503260761,0.764243992068,0.994751496938,0.993551749952,0.982254521441,0.952367320389,0.609978522566,0.0463978437294,0.0947979526967,0.62737263389,0.00460064958476,0.281590410115,0.427727243175,0.714684563937
3400.0,0.485470730386,0.931361858908,0.903790575856,0.97759965263,0.903769590532,0.924917634563,0.917128876147,0.977599289024,0.934637712319,0.93634101632,0.953769967562,0.944530854763,0.456405658872,0.905831235039,0.713410201613,0.447472447198,0.555705632878,0.846398884329,0.829998549862,0.824846361388,0.789591770019,0.611970782792,0.654914699186,0.713836169503,0.968761873142,0.58502876474,0.990607283668,0.994085865474,0.888051200659,0.328412034289,0.402595871591,0.892682787938,0.892550426071,0.903141603066,0.897465812567,0.978960858164,0.966328114306,0.469028486098,0.598533315009,0.769283734385,0.995173697537,0.994108832117,0.983865837701,0.955592871962,0.62752720857,0.0474373361153,0.0985503027418,0.644814860509,0.00520723187892,0.292471891923,0.439720757594,0.71967117529
3450.0,0.495557759522,0.934961953027,0.907790536888,0.978974106741,0.907219580205,0.928559744136,0.921419916214,0.979259566447,0.93755950077,0.941291839283,0.957019866854,0.948785775777,0.47616271223,0.910728963177,0.727421172518,0.462629213748,0.564005567285,0.856762928346,0.834250446992,0.836392224704,0.802710383463,0.630814547355,0.672783215618,0.72979762927,0.971443937304,0.597900516225,0.991444360788,0.994525898352,0.89741829113,0.348193988769,0.423279030902,0.901346868796,0.901271432468,0.911059892598,0.902965772625,0.980435643708,0.969392775855,0.488860735491,0.614158774106,0.774169735051,0.995555444297,0.994611350177,0.985317845984,0.958591751992,0.644706737526,0.0485223476925,0.102487294632,0.661877302867,0.00587631601242,0.30339691178,0.451569088322,0.724596693167
3500.0,0.505524416649,0.938388383906,0.911636097475,0.980272494638,0.910576021142,0.93201956598,0.925481123485,0.98078897198,0.940350260815,0.94584947606,0.960030127454,0.952697577123,0.49585947925,0.91540339734,0.740919860659,0.477758401796,0.572256322112,0.866502649157,0.838320140449,0.847278427064,0.815169793755,0.649165021245,0.690071388212,0.745114512517,0.97388303431,0.610539079991,0.992199049568,0.994931012296,0.906052549787,0.368241809242,0.443967371951,0.90931788744,0.909339567985,0.918328461423,0.908170955808,0.981786905916,0.972158330284,0.508520881639,0.629369975336,0.778910017847,0.995901548454,0.995065640242,0.986626832914,0.961379828698,0.661485852738,0.0496560904027,0.106613099824,0.678529701823,0.00661228840787,0.314349187763,0.463263310516,0.729462799122
3550.0,0.515368371536,0.941648889186,0.915333643205,0.981498162571,0.913840423657,0.93530721077,0.929324956783,0.982198256914,0.943016857156,0.950043074213,0.962818717752,0.956293833133,0.515443072466,0.919863483532,0.753906343116,0.492833859212,0.5804571896,0.87564338729,0.842217163862,0.857527356335,0.82698318307,0.666992717606,0.706761516146,0.759785166279,0.976100877177,0.622945659709,0.992880286083,0.995304271746,0.913996848544,0.388495828286,0.464599811527,0.916641031219,0.916791181238,0.924994877715,0.913095915071,0.983026938985,0.974653530399,0.527961474682,0.644159811218,0.783511764849,0.996216178453,0.99547722554,0.98780752413,0.96397194278,0.67783659511,0.0508418836978,0.110931372228,0.694744181093,0.00741964570023,0.325312706549,0.474795701219,0.734270995415
3600.0,0.525087496623,0.944750884611,0.918889149651,0.982654348617,0.917014314968,0.938432202545,0.932963317479,0.983497333043,0.945565684803,0.953900107319,0.965402325928,0.959600110301,0.534862477118,0.924117756588,0.766382885712,0.50783015034,0.588607203101,0.884211156703,0.84595062387,0.867162713925,0.838165880026,0.684272602854,0.722840275835,0.773811437769,0.97811742184,0.635121536748,0.993496017368,0.995648423249,0.92129398393,0.408895625238,0.485117264693,0.923360533186,0.923662544276,0.931104576948,0.917754656926,0.984166754495,0.976904698022,0.547138001202,0.658523540938,0.787981426762,0.996502943316,0.995850916831,0.988873202984,0.966381962052,0.693734383239,0.0520831508449,0.115445225027,0.71049546776,0.00830298106791,0.336271809909,0.486159680874,0.739022616387
3650.0,0.534679848082,0.947701475721,0.922308218808,0.983744190869,0.920099230851,0.941403497773,0.936407552188,0.984695324237,0.948002699158,0.957446400184,0.967796440458,0.962640072817,0.554068941268,0.928174362164,0.778353737994,0.522722708311,0.596705171331,0.892232354826,0.849529205859,0.876209171896,0.84873504414,0.700984033421,0.738298505582,0.787198351546,0.979950976781,0.647067971323,0.994053299036,0.995965933946,0.927986235796,0.429380593083,0.505463118686,0.929519331761,0.929989523925,0.936700682539,0.92216065445,0.985216206507,0.978935860888,0.566009117098,0.672458596768,0.792324822364,0.996764966759,0.996190902599,0.989835825664,0.968622834085,0.709158049608,0.0533834138845,0.12015721152,0.725761084106,0.00926696941844,0.347211275949,0.497349749093,0.743718839655
3700.0,0.544143651428,0.95050746928,0.925596113737,0.984770733804,0.923096708739,0.944229507044,0.939668457849,0.985800616566,0.950333446365,0.960706163495,0.970015426256,0.9654355901,0.573016321763,0.932041080832,0.789824929871,0.53748797205,0.604749711449,0.899733505877,0.852961182145,0.884692062174,0.858709366133,0.717110644783,0.753130960577,0.799953784878,0.98161831115,0.65878612262,0.994558386252,0.996259025401,0.934114994201,0.449890493248,0.525583653325,0.935158800279,0.935807300431,0.941823896152,0.926326858397,0.986184105807,0.980768895087,0.584536830222,0.685964388348,0.796547227193,0.997004952781,0.996500829612,0.990706131903,0.970706636957,0.724089835431,0.0547462872188,0.125069310031,0.740521505588,0.0103163514972,0.358116394287,0.508361416308,0.748360697146
3750.0,0.553477291083,0.953175384492,0.928757791067,0.985736933084,0.92600828217,0.946918118875,0.942756289204,0.986820906919,0.95256309345,0.963702036553,0.972072596594,0.968006844328,0.591661382996,0.935725353344,0.80080407247,0.552103506928,0.612739280469,0.906741036476,0.856254422075,0.892637097988,0.868108785751,0.732640198322,0.767336044759,0.812088145995,0.983134760272,0.670276987299,0.995016818021,0.996529703193,0.9397204509,0.470365990313,0.545428404151,0.94031853977,0.941150131242,0.946512445989,0.930265706848,0.987078324147,0.982423669632,0.602686633376,0.69904210741,0.800653451927,0.997225243415,0.996783874478,0.991493750607,0.972644628146,0.738515347226,0.0561754698265,0.13018291288,0.754760280883,0.0114559169975,0.368973034518,0.51919113273,0.752949085979
3800.0,0.56267930331,0.955711463982,0.931797931095,0.98664565904,0.928835476501,0.949476725131,0.945680768593,0.987763250093,0.954696457789,0.966455136836,0.973980281015,0.970372436468,0.609964046483,0.939234306259,0.811300165334,0.566548108442,0.620672204607,0.913281082112,0.859416403562,0.90007012709,0.876954228312,0.74756439195,0.780915525798,0.823614059241,0.984514327715,0.681541355516,0.995433494772,0.996779782704,0.944841351047,0.490749159326,0.564950465834,0.945036228055,0.946051157266,0.950802082357,0.933989133865,0.987905889235,0.983918190471,0.620427589133,0.711694535302,0.804647910988,0.997427869363,0.997042806874,0.992207299934,0.974447291614,0.752423478577,0.0576747361189,0.13549881935,0.768464111115,0.0126904867618,0.379767707403,0.52983621596,0.757484779167
3850.0,0.571748371883,0.958121684572,0.934720965375,0.987499699053,0.931579805762,0.951912247577,0.948451097947,0.98863410423,0.956738035566,0.968985115251,0.975749889465,0.972549489672,0.627887590309,0.942574777244,0.821323411709,0.580801888597,0.62854670629,0.919379322681,0.86245422564,0.907016915721,0.885267360764,0.761878640523,0.793874239083,0.834546060568,0.9857697833,0.692579783281,0.995812749381,0.997010911525,0.949514800185,0.510983959229,0.58410673472,0.949347518304,0.950542248492,0.954726110956,0.937508577507,0.988673071235,0.985268741759,0.637732368735,0.723925855351,0.80853468208,0.997614594181,0.997280045135,0.9928544815,0.976124383126,0.765806300894,0.0592479254701,0.141017232592,0.781622886667,0.0140248941695,0.390487618391,0.540294778404,0.761968436109
3900.0,0.580683325949,0.960411767815,0.937531101733,0.988301759044,0.934242770522,0.954231165083,0.951075972803,0.989439374537,0.958692028921,0.971310215996,0.977391972895,0.974553749216,0.645398798487,0.94575333946,0.830885043269,0.594846345022,0.636360928623,0.925060845092,0.865374621722,0.913502961953,0.893070367659,0.775581832111,0.806219786149,0.844900306158,0.986912756645,0.70339257983,0.996158411808,0.997224588873,0.953776121263,0.531016666737,0.602858090587,0.953285980419,0.954653885653,0.958315455458,0.940834987593,0.989385461443,0.986490022772,0.654577247974,0.73574147191,0.812317557397,0.997786952682,0.997497704892,0.993442168507,0.977684973821,0.778658927093,0.0608989304726,0.146737760334,0.794229681207,0.0154639658207,0.401120713196,0.550565655513,0.766400612829
3950.0,0.5894831395,0.96258719029,0.940232346731,0.989054464262,0.936825856619,0.956439541058,0.953563598122,0.990184455194,0.960562371592,0.973447340012,0.978916280541,0.976399678442,0.662468061199,0.948776324575,0.839997155268,0.608664413126,0.64411295723,0.930350030765,0.868183973249,0.919553336676,0.900385747186,0.788676066006,0.817962232438,0.854694296416,0.987953825951,0.713979808468,0.996473867621,0.997422182379,0.957658756275,0.550796266008,0.621169518867,0.956883078885,0.958415074429,0.961598742122,0.943978833477,0.990048043773,0.987595279228,0.670942063508,0.747147837596,0.816000087277,0.997946284168,0.99769764144,0.993976487741,0.979137492045,0.790979352282,0.0626316839853,0.152659419267,0.806280703832,0.0170125016271,0.411655715281,0.560648335702,0.770781771905
4000.0,0.598146931969,0.964653193628,0.942828525665,0.98976035954,0.939330534643,0.958543050739,0.955921705661,0.990874269345,0.962352752892,0.975412111081,0.9803318141,0.978100550311,0.679069427681,0.951649844041,0.848672552807,0.622240501861,0.651800839436,0.935270465781,0.870888323522,0.925192550321,0.907236127073,0.801166378104,0.829113808736,0.863946617022,0.988902601897,0.724341299255,0.996762110704,0.997604942591,0.961194207096,0.570274790429,0.639010175604,0.96016818121,0.961853288653,0.964602400276,0.946950112102,0.990665259627,0.988596428133,0.686810133479,0.75815229003,0.819585617091,0.998093761074,0.997881486462,0.994462895433,0.980489763464,0.802768275468,0.0644501450561,0.158780642929,0.817775211295,0.0186752544322,0.422082155257,0.570542892671,0.775112292055
4050.0,0.60667396948,0.96661479426,0.945323300222,0.990421909161,0.941758260018,0.960547007987,0.958157572649,0.991513307123,0.964066639925,0.977218943677,0.981646878991,0.979668534389,0.695180614277,0.954379808363,0.85692460858,0.635560513865,0.659422600871,0.939844871424,0.873493391519,0.930444443272,0.913644099977,0.813060458926,0.839688620052,0.872676698241,0.989767806577,0.734476671825,0.997025790499,0.997774015492,0.964412010265,0.58940761383,0.656353398335,0.963168591543,0.964994439019,0.967350773528,0.949758356507,0.991241066686,0.98950417561,0.7021681466,0.768762899095,0.823077318125,0.998230413556,0.998050679751,0.994906247104,0.981749049453,0.814028906296,0.0663582838152,0.165099292898,0.828715383318,0.0204569092869,0.432390392285,0.580249920675,0.779392477316
4100.0,0.615063666352,0.96847679287,0.947720183931,0.991041496485,0.944110473587,0.962456391305,0.960278041485,0.992105661625,0.965707298015,0.978881111745,0.982869132864,0.981114779151,0.710782970772,0.956971944201,0.864767132264,0.648611850941,0.666976259574,0.94409505288,0.876004585562,0.93533209784,0.919632077784,0.824368369077,0.849702365086,0.880904593249,0.990557347502,0.744385366585,0.997267254152,0.997930453311,0.967339740647,0.608153689516,0.673176666846,0.96590960456,0.967862863906,0.969866237484,0.952412644954,0.991778992099,0.990328127347,0.71700602405,0.778988325492,0.82647821318,0.998357150524,0.99820649648,0.995310861558,0.982922083774,0.824766760635,0.0683600654491,0.171612673077,0.839106164801,0.0223620625109,0.442571627709,0.589770473214,0.783622565796
4150.0,0.623315586515,0.970243783531,0.950022555608,0.991621423431,0.946388602576,0.96427586885,0.96228954019,0.992655062806,0.967277809329,0.98041081767,0.984005631485,0.982449489608,0.725861408605,0.959431809199,0.872214251454,0.661383405979,0.674459837802,0.948041863956,0.87842701672,0.93987776968,0.925222164061,0.835102256477,0.859172068883,0.888650775842,0.991278386756,0.754066682566,0.997488583933,0.998075223876,0.970003039238,0.626475736425,0.689461518356,0.968414575275,0.970481339084,0.972169320581,0.95492161075,0.99228218053,0.991076891544,0.731316758573,0.78883769114,0.829791197573,0.998474777559,0.998350070562,0.995680579241,0.98401510754,0.834989448673,0.070459433374,0.17831754685,0.848955079392,0.0243952006759,0.452617911242,0.599106005425,0.787802737941
4200.0,0.63142944456,0.971920162521,0.952233670952,0.992163909925,0.948594061837,0.966009822251,0.964198103348,0.993164909263,0.968781089751,0.981819260755,0.98506287214,0.983682000326,0.740404294964,0.961764804532,0.879280303921,0.673865542503,0.681871371717,0.951705185752,0.880765511875,0.944102836558,0.930436043812,0.845276079146,0.868115830705,0.895935957528,0.991937405418,0.763519820225,0.997691630335,0.998209218713,0.972425660713,0.644340372712,0.705193422141,0.970705000924,0.972871103265,0.974278825343,0.957293452844,0.992753437465,0.991758174383,0.745096235145,0.798320461726,0.833019056186,0.99858401213,0.998482414597,0.996018815223,0.985033902478,0.844706458932,0.0726602917379,0.185210156862,0.858272019345,0.0265606796454,0.462522140086,0.608258320412,0.791933124318
4250.0,0.63940510618,0.973510136812,0.954356672507,0.992671093395,0.950728255282,0.96766236909,0.966009393287,0.99363829791,0.970219904052,0.983116704604,0.986046834638,0.984820843925,0.754403316981,0.963976185227,0.885979740799,0.686050063132,0.689208919197,0.955103917388,0.883024626395,0.948027762455,0.935294889541,0.854905336763,0.87655258863,0.902780923745,0.992540263418,0.77274392758,0.99787804122,0.998333260087,0.97462953673,0.661718197923,0.720361618918,0.972800611592,0.97505189671,0.976211948003,0.959535947199,0.993195268174,0.992378868145,0.758343037458,0.807446341521,0.83616447712,0.99868549647,0.998604436825,0.996328607111,0.985983822501,0.853928941349,0.0749664873883,0.192286247164,0.867069016869,0.028862703811,0.472278051478,0.6172295196,0.79601381286
4300.0,0.647242587857,0.975017732213,0.956394598152,0.993145028374,0.952792577431,0.969237383962,0.967728721254,0.994078051554,0.971596879452,0.984312542904,0.98696302001,0.985873815217,0.767853320431,0.966071068335,0.892327040209,0.697930168239,0.69647056601,0.958255976983,0.885208656384,0.951672075074,0.939819282607,0.864006813707,0.884501901922,0.909206388679,0.993092255009,0.781738148152,0.998049287386,0.998448107147,0.976634851364,0.678583825711,0.734958930462,0.974719466715,0.977042010321,0.977984394922,0.961656458941,0.993609912684,0.992945132214,0.77105824423,0.816225180342,0.839230062492,0.998779808432,0.998716955515,0.996612658186,0.986869823602,0.862669492274,0.0773817914487,0.199541087482,0.875360002262,0.0313053056625,0.481880209177,0.62602195716,0.800044855602
4350.0,0.654942055662,0.976446801188,0.958350388317,0.993587686267,0.954788414997,0.970738518043,0.969361068392,0.994486744411,0.972914517681,0.985415363155,0.987816486992,0.98684803113,0.780752127353,0.968054439134,0.89833663077,0.709500406144,0.70365443062,0.961178311272,0.887321650491,0.955054354966,0.944029148763,0.872598335726,0.891983751772,0.915232867958,0.993598160055,0.79050166932,0.998206684918,0.998554461313,0.9784601255,0.69491586976,0.748981544949,0.976478055044,0.97885834293,0.979610494691,0.963661955237,0.99399937708,0.993462467264,0.783245219136,0.824666892425,0.842218336843,0.998867470625,0.998820711121,0.9968733761,0.987696492104,0.870941943942,0.0799098806499,0.206969499326,0.883160554049,0.033892325828,0.491323984461,0.634638198441,0.804026274862
4400.0,0.662503823112,0.977801030334,0.960226892087,0.994000955324,0.956717148448,0.972169217166,0.970911106306,0.994866725613,0.974175205636,0.986433007984,0.988611886335,0.987749986591,0.793100336955,0.969931155521,0.904022824362,0.720756616131,0.710758667859,0.963886912371,0.889367421281,0.958192234581,0.947943706759,0.880698541891,0.899018360655,0.920880568363,0.994062291333,0.79903376982,0.998351414666,0.998652971023,0.980122307379,0.710696886211,0.762428783426,0.978091396035,0.980516464718,0.98110330513,0.96555901884,0.994365461473,0.993935782972,0.794909397801,0.832781386747,0.845131753554,0.998948958071,0.998916376546,0.997112907457,0.98846807128,0.878761160632,0.0825543185652,0.2145658837,0.890487646126,0.0366273937184,0.500605532242,0.6430809823,0.80795806891
4450.0,0.669928348061,0.97908394753,0.962026872359,0.994386640844,0.958580153502,0.9735327384,0.972383217078,0.995220140766,0.975381224763,0.987372633759,0.989353493033,0.988585606556,0.804901114054,0.971705950814,0.909399757514,0.731695865559,0.717781471735,0.96639684037,0.891349556169,0.96110240573,0.951581428882,0.888326673023,0.905626030195,0.926169293546,0.994488538085,0.807333865291,0.998484539154,0.99874423595,0.981636866907,0.725913276339,0.775302852594,0.979573141013,0.982030684967,0.982474714677,0.967353862219,0.994709784891,0.994369459627,0.806058074957,0.840578508269,0.847972699652,0.999024704615,0.999004565774,0.997333168606,0.989188486393,0.886142843424,0.0853185369016,0.222324250127,0.897359396551,0.0395139089066,0.509721762894,0.651353187194,0.811840217108
4500.0,0.677216228635,0.980298928761,0.96375301018,0.994746465632,0.960378802489,0.974832165167,0.973781512579,0.99554895165,0.976534759288,0.988240766273,0.99004523651,0.989360294352,0.816159969054,0.97338343519,0.91448134075,0.742316382278,0.724721077595,0.968722250566,0.893271427938,0.963800634046,0.954960012313,0.895502377338,0.91182699717,0.93111836471,0.994880406019,0.815401550905,0.998607017233,0.998828810761,0.983017891668,0.740555153664,0.787608588805,0.98093567276,0.983414122588,0.983735537914,0.969052342175,0.995033807392,0.994767404031,0.81670019453,0.84806798941,0.850743499312,0.999095108274,0.999085841133,0.997535872976,0.989861368186,0.893103345144,0.0882058169945,0.230238246756,0.903794822202,0.042555023366,0.518670310425,0.659457800812,0.815672684551
4550.0,0.684368198271,0.98144920463,0.965407908424,0.995082070712,0.962114465581,0.97607042096,0.975109852974,0.995854954147,0.977637903398,0.989043353353,0.990690728845,0.990078976535,0.826884533226,0.974968095992,0.919281215239,0.75261748351,0.731575763854,0.9708764243,0.895136204859,0.966301779191,0.958096360179,0.902245533713,0.917641307061,0.935746555101,0.995241053986,0.823236640303,0.998719716743,0.998907208498,0.984278182961,0.754616179935,0.799353197794,0.982190202459,0.984678778067,0.984895605092,0.970659974846,0.995338849637,0.995133100084,0.826846144996,0.855259410994,0.853446416322,0.999160535701,0.999160719392,0.997722555248,0.990490074878,0.899659496758,0.0912192716542,0.238301191288,0.909813602981,0.0457536246885,0.527449497594,0.667397893046,0.819455426224
4600.0,0.69138511992,0.982537866565,0.966994094888,0.995395016307,0.963788511819,0.977250281729,0.976371864334,0.996139794483,0.978692667514,0.989785814285,0.991293291078,0.990746144423,0.837084332731,0.976464297145,0.923812716124,0.762599502249,0.738343853496,0.972871802486,0.896946860438,0.968619819699,0.961006571254,0.90857609259,0.923088704363,0.940072037183,0.995573327539,0.830839200205,0.998823425425,0.998979903636,0.98542935045,0.768093374587,0.810545994249,0.983346863181,0.985835605699,0.985963845701,0.972181950979,0.995626110163,0.995469654449,0.836507562014,0.862162171865,0.856083655749,0.999221325905,0.999229676892,0.99789459268,0.991077712709,0.905828446209,0.094361827508,0.246506102487,0.91543585868,0.0491123203926,0.536058298561,0.675176592048,0.823188390708
4650.0,0.698267979513,0.983567872734,0.968514024945,0.995686783068,0.965402309948,0.978374387013,0.977570955296,0.996404983913,0.979700983739,0.990473086023,0.991855977681,0.991365892492,0.846770564458,0.977876277905,0.928088841915,0.772263712183,0.745023715503,0.974720021047,0.898706182808,0.97076788145,0.963705937259,0.914513934302,0.928188538743,0.944112341343,0.995879789584,0.838209580231,0.998918860327,0.999047334872,0.98648190433,0.780986902379,0.821198144876,0.984414799294,0.98689458517,0.986948366203,0.973623151363,0.99589668058,0.995779837686,0.845697139939,0.868785466283,0.858657364998,0.999277793345,0.999293153851,0.998053223866,0.991627155103,0.91162751037,0.0976362079753,0.254845732039,0.920681941044,0.052633423426,0.544496299634,0.682797063128,0.826871523457
4700.0,0.70501787881,0.984542053673,0.96997008381,0.995958773558,0.966957229036,0.979445249911,0.978710332728,0.996651911929,0.98066471061,0.991109666177,0.992381599248,0.991941953809,0.855955876435,0.979208151175,0.932122229355,0.781612252032,0.751613766346,0.976431947582,0.900416783796,0.972758268912,0.966208946796,0.920078744331,0.932959686025,0.947884324991,0.996162748329,0.845348437614,0.999006675893,0.999109907675,0.987445344142,0.793299843837,0.831322418095,0.985402251364,0.987864791709,0.987856522099,0.974988162309,0.996151558889,0.996066121217,0.854428453518,0.875138268216,0.861169634422,0.999330230519,0.999351557999,0.998199565186,0.992141060497,0.917074040545,0.101044917008,0.263312596553,0.925572242962,0.0563189389577,0.55276365865,0.690262490233,0.830504769678
4750.0,0.711636027728,0.985463117656,0.971364588517,0.996212313953,0.968454638855,0.980465265991,0.979793016383,0.996881858124,0.981585637226,0.99169965283,0.992872743478,0.992477732659,0.864654155118,0.980463901576,0.93592513323,0.790648050104,0.758112471657,0.978017718702,0.902081107698,0.974602498399,0.968529294998,0.925289904845,0.937420482922,0.951404150959,0.99642428271,0.85225675663,0.999087470911,0.999167996639,0.988328243586,0.805037953066,0.840932943076,0.986316636261,0.988754464185,0.988694984586,0.976281291067,0.996391661125,0.99633071049,0.862715790687,0.881229321646,0.863622497631,0.999378910125,0.999405267654,0.998334625206,0.992621888902,0.922185301702,0.104590223722,0.271899009485,0.930127026144,0.0601705525437,0.560861063483,0.697576059762,0.834088076854
4800.0,0.718123736287,0.986333655801,0.972699789648,0.996448655969,0.969895910046,0.981436721225,0.980821852533,0.997096002799,0.982465486859,0.992246781255,0.993331794538,0.992976334548,0.872880321555,0.981647383459,0.93950941061,0.7993747498,0.764518348164,0.979486777542,0.903701439757,0.976311332685,0.970679898026,0.930166401687,0.941588674388,0.954687274138,0.996666265502,0.858935862694,0.999161794496,0.999221947662,0.989138330889,0.816209407252,0.85004498027,0.987164622309,0.989571070677,0.989469802059,0.977506581077,0.996617831488,0.996575574676,0.87057399714,0.887067136,0.866017931589,0.999424086871,0.999454634334,0.998459317258,0.993071917266,0.926978365401,0.108274148034,0.280597112801,0.934366268112,0.0641896197401,0.568789690122,0.704740946462,0.837621396931
4850.0,0.724482406291,0.987156146936,0.973977872896,0.996668978963,0.971282414041,0.982361799057,0.981799526609,0.997295436446,0.983305920113,0.992754457654,0.993760950855,0.993440593721,0.880650138005,0.982762319032,0.942886509053,0.807796636674,0.770829965935,0.980847911062,0.905279914396,0.977894816433,0.972672911633,0.93472674589,0.945481372477,0.957748435357,0.996890384266,0.865387431195,0.999230151239,0.999272079967,0.989882564425,0.826824551968,0.858674705189,0.987952199421,0.99032137114,0.990186456742,0.978667826969,0.996830851132,0.996802473205,0.878018333053,0.892659985858,0.868357856608,0.999465999012,0.999499984988,0.998574470405,0.993493253698,0.93147001617,0.112098447406,0.289398908206,0.938309528802,0.068377157228,0.576551160748,0.711760301189,0.841104688211
4900.0,0.730713522857,0.987932962229,0.97520096047,0.996874392216,0.97261552278,0.983242586678,0.982728574861,0.997481168185,0.98410853771,0.993225790022,0.994162241449,0.993873098365,0.887980026253,0.983812296721,0.946067458333,0.815918567601,0.777045950976,0.982109286815,0.906818523196,0.979362311964,0.974519753067,0.938988908725,0.949115025562,0.960601661563,0.997098160323,0.871613491248,0.999293005646,0.999318687991,0.990567203427,0.836895646032,0.866839006707,0.988684744233,0.99101147692,0.990849916738,0.979768589209,0.997031445766,0.997012979457,0.885064342096,0.898015914139,0.870644136288,0.999504869642,0.999541623926,0.99868083899,0.993887850624,0.935676670938,0.116064604804,0.298296287757,0.941975836691,0.0727338355003,0.584147502162,0.718637240302,0.844537916988
4950.0,0.736818645919,0.98866636961,0.976371112411,0.997065937348,0.973896608203,0.984081080627,0.983611395076,0.997654133269,0.984874882957,0.993663616306,0.994537540871,0.994276213642,0.89488689854,0.984800769886,0.949062865321,0.823745902494,0.783164988173,0.983278488907,0.908319122648,0.980722534962,0.976231125643,0.942970269207,0.952505396847,0.96326027141,0.997290965898,0.877616424593,0.999350785973,0.99936204315,0.99119787375,0.846436609365,0.874555300758,0.98936708035,0.991646906932,0.991464683787,0.98081220833,0.997220292197,0.99720850186,0.891727732695,0.903142737997,0.872878577479,0.999540907811,0.999579834494,0.998779110941,0.994257516934,0.939614310978,0.120173817946,0.307281063746,0.945383593904,0.0772599731502,0.591581104885,0.725374836498,0.847921058938
5000.0,0.742799401793,0.989358537978,0.977490327818,0.99724459085,0.975127041552,0.984879191766,0.984450256407,0.997815199757,0.985606443953,0.994070530007,0.994888582824,0.994652102692,0.901388001704,0.985731055972,0.951882911641,0.831284438951,0.789185824581,0.984362552967,0.909783441691,0.981983589823,0.977817045403,0.946687573014,0.955667551102,0.965736885467,0.997470039595,0.883398960005,0.999403887559,0.999402395492,0.991779628721,0.855462776858,0.88184135996,0.990003533814,0.992232640415,0.992034837021,0.981801818683,0.997398023939,0.997390302668,0.898024271298,0.90804805675,0.875062930284,0.999574309489,0.999614880541,0.998869914995,0.994603929189,0.943298425681,0.124426989909,0.31634499768,0.948550499513,0.0819555327883,0.598854683217,0.731976110918,0.85125410032
